BEGIN;
CREATE TABLE "city_area" (
    "id" integer NOT NULL PRIMARY KEY,
    "zh_name" varchar(50) NOT NULL UNIQUE,
    "en_name" varchar(50) NOT NULL UNIQUE,
    "cover_pic" varchar(100) NOT NULL,
    "create_at" datetime NOT NULL
)
;
CREATE TABLE "city_topic" (
    "id" varchar(36) NOT NULL PRIMARY KEY,
    "name" varchar(50) NOT NULL,
    "desc" varchar(255) NOT NULL,
    "in_area_id" integer NOT NULL REFERENCES "city_area" ("id"),
    "weight" smallint NOT NULL
)
;
CREATE TABLE "city_place_in_topics" (
    "id" integer NOT NULL PRIMARY KEY,
    "place_id" varchar(36) NOT NULL,
    "topic_id" varchar(36) NOT NULL REFERENCES "city_topic" ("id"),
    UNIQUE ("place_id", "topic_id")
)
;
CREATE TABLE "city_place" (
    "id" varchar(36) NOT NULL PRIMARY KEY,
    "zh_name" varchar(50) NOT NULL,
    "en_name" varchar(100) NOT NULL,
    "category" smallint NOT NULL,
    "in_area_id" integer NOT NULL REFERENCES "city_area" ("id"),
    "longitude" varchar(20) NOT NULL,
    "latitude" varchar(20) NOT NULL,
    "short_desc" varchar(100) NOT NULL,
    "fit_time" smallint NOT NULL,
    "info" text NOT NULL
)
;
CREATE TABLE "city_picture" (
    "id" varchar(36) NOT NULL PRIMARY KEY,
    "file_name" varchar(50) NOT NULL,
    "url" varchar(200) NOT NULL,
    "desc" varchar(255) NOT NULL,
    "in_place_id" varchar(36) NOT NULL REFERENCES "city_place" ("id"),
    "create_at" datetime NOT NULL
)
;
CREATE INDEX "city_topic_c21db00" ON "city_topic" ("in_area_id");
CREATE INDEX "city_place_c21db00" ON "city_place" ("in_area_id");
CREATE INDEX "city_picture_3ee6582b" ON "city_picture" ("in_place_id");


INSERT INTO "city_topic" VALUES('9379c730-1f52-11e2-a946-e4ce8f4b5244','“矮”国家与高个子','1/4国土在水平线下的荷兰人，为张望世界，身高窜到世界第一。高个子们居然围海造田，让沧海变成了良田。',6,1);
INSERT INTO "city_place_in_topics" VALUES('1','a97416ee-1f52-11e2-81b3-e4ce8f4b5244','9379c730-1f52-11e2-a946-e4ce8f4b5244');
INSERT INTO "city_place_in_topics" VALUES('2','ab52a373-1f52-11e2-9d48-e4ce8f4b5244','9379c730-1f52-11e2-a946-e4ce8f4b5244');
INSERT INTO "city_place_in_topics" VALUES('3','abc8ee0f-1f52-11e2-84a1-e4ce8f4b5244','9379c730-1f52-11e2-a946-e4ce8f4b5244');
INSERT INTO "city_place_in_topics" VALUES('4','ac87a359-1f52-11e2-a192-e4ce8f4b5244','9379c730-1f52-11e2-a946-e4ce8f4b5244');
INSERT INTO "city_place_in_topics" VALUES('5','ad395563-1f52-11e2-b20c-e4ce8f4b5244','9379c730-1f52-11e2-a946-e4ce8f4b5244');
INSERT INTO "city_place_in_topics" VALUES('6','ada5055c-1f52-11e2-b769-e4ce8f4b5244','9379c730-1f52-11e2-a946-e4ce8f4b5244');
INSERT INTO "city_place_in_topics" VALUES('7','aec2843a-1f52-11e2-93f8-e4ce8f4b5244','9379c730-1f52-11e2-a946-e4ce8f4b5244');
INSERT INTO "city_place_in_topics" VALUES('8','af93c080-1f52-11e2-a15c-e4ce8f4b5244','9379c730-1f52-11e2-a946-e4ce8f4b5244');
INSERT INTO "city_place_in_topics" VALUES('9','b06d6feb-1f52-11e2-ac2b-e4ce8f4b5244','9379c730-1f52-11e2-a946-e4ce8f4b5244');
INSERT INTO "city_place_in_topics" VALUES('10','b06eea33-1f52-11e2-9b81-e4ce8f4b5244','9379c730-1f52-11e2-a946-e4ce8f4b5244');
INSERT INTO "city_topic" VALUES('937a5e28-1f52-11e2-a1f7-e4ce8f4b5244','猎奇匠心博物馆','荷兰博物馆像小孩的百宝箱，总能发现意想不到的珍奇异宝。这些宝物以亲民的姿态展示着民族的特有格调。',6,2);
INSERT INTO "city_place_in_topics" VALUES('11','a29359de-1f52-11e2-8673-e4ce8f4b5244','937a5e28-1f52-11e2-a1f7-e4ce8f4b5244');
INSERT INTO "city_place_in_topics" VALUES('12','a363ddb5-1f52-11e2-96e8-e4ce8f4b5244','937a5e28-1f52-11e2-a1f7-e4ce8f4b5244');
INSERT INTO "city_place_in_topics" VALUES('13','a3f864ae-1f52-11e2-9573-e4ce8f4b5244','937a5e28-1f52-11e2-a1f7-e4ce8f4b5244');
INSERT INTO "city_place_in_topics" VALUES('14','a3f9af94-1f52-11e2-a49f-e4ce8f4b5244','937a5e28-1f52-11e2-a1f7-e4ce8f4b5244');
INSERT INTO "city_place_in_topics" VALUES('15','a4b4c57a-1f52-11e2-a1cf-e4ce8f4b5244','937a5e28-1f52-11e2-a1f7-e4ce8f4b5244');
INSERT INTO "city_place_in_topics" VALUES('16','a54f8791-1f52-11e2-9e75-e4ce8f4b5244','937a5e28-1f52-11e2-a1f7-e4ce8f4b5244');
INSERT INTO "city_place_in_topics" VALUES('17','a5f7fa07-1f52-11e2-bfa9-e4ce8f4b5244','937a5e28-1f52-11e2-a1f7-e4ce8f4b5244');
INSERT INTO "city_place_in_topics" VALUES('18','a711d435-1f52-11e2-9745-e4ce8f4b5244','937a5e28-1f52-11e2-a1f7-e4ce8f4b5244');
INSERT INTO "city_place_in_topics" VALUES('19','a7e4f0dc-1f52-11e2-9341-e4ce8f4b5244','937a5e28-1f52-11e2-a1f7-e4ce8f4b5244');
INSERT INTO "city_place_in_topics" VALUES('20','a8ade18f-1f52-11e2-afb7-e4ce8f4b5244','937a5e28-1f52-11e2-a1f7-e4ce8f4b5244');
INSERT INTO "city_place_in_topics" VALUES('21','a8af7e4c-1f52-11e2-b5da-e4ce8f4b5244','937a5e28-1f52-11e2-a1f7-e4ce8f4b5244');
INSERT INTO "city_topic" VALUES('937b0385-1f52-11e2-a57f-e4ce8f4b5244','与画匠赏味人间','梵高明亮的油彩，伦勃朗戏剧性的光影，维米尔风俗画的安宁，这里是顶级画匠们笔下生动的人间。',6,3);
INSERT INTO "city_place_in_topics" VALUES('22','9a10f4eb-1f52-11e2-ad5b-e4ce8f4b5244','937b0385-1f52-11e2-a57f-e4ce8f4b5244');
INSERT INTO "city_place_in_topics" VALUES('23','9a951a0f-1f52-11e2-bae9-e4ce8f4b5244','937b0385-1f52-11e2-a57f-e4ce8f4b5244');
INSERT INTO "city_place_in_topics" VALUES('24','9b13a663-1f52-11e2-9a10-e4ce8f4b5244','937b0385-1f52-11e2-a57f-e4ce8f4b5244');
INSERT INTO "city_place_in_topics" VALUES('25','9bd1c70c-1f52-11e2-b2f5-e4ce8f4b5244','937b0385-1f52-11e2-a57f-e4ce8f4b5244');
INSERT INTO "city_place_in_topics" VALUES('26','9c952238-1f52-11e2-8f89-e4ce8f4b5244','937b0385-1f52-11e2-a57f-e4ce8f4b5244');
INSERT INTO "city_place_in_topics" VALUES('27','9d377efa-1f52-11e2-971c-e4ce8f4b5244','937b0385-1f52-11e2-a57f-e4ce8f4b5244');
INSERT INTO "city_place_in_topics" VALUES('28','9db1caa3-1f52-11e2-a680-e4ce8f4b5244','937b0385-1f52-11e2-a57f-e4ce8f4b5244');
INSERT INTO "city_topic" VALUES('937b9aa3-1f52-11e2-a3a3-e4ce8f4b5244','花都开好了','不论花畔骑车，乘机俯瞰花毯，随农主耳听花语，观新奇鲜花拍卖，没法想象花儿也能开得如此轰轰烈烈！',6,4);
INSERT INTO "city_place_in_topics" VALUES('29','9ea2357a-1f52-11e2-a53a-e4ce8f4b5244','937b9aa3-1f52-11e2-a3a3-e4ce8f4b5244');
INSERT INTO "city_place_in_topics" VALUES('30','a0181597-1f52-11e2-9d85-e4ce8f4b5244','937b9aa3-1f52-11e2-a3a3-e4ce8f4b5244');
INSERT INTO "city_place_in_topics" VALUES('31','a142be38-1f52-11e2-a60c-e4ce8f4b5244','937b9aa3-1f52-11e2-a3a3-e4ce8f4b5244');
INSERT INTO "city_place_in_topics" VALUES('32','a1ec6b42-1f52-11e2-8b56-e4ce8f4b5244','937b9aa3-1f52-11e2-a3a3-e4ce8f4b5244');
INSERT INTO "city_topic" VALUES('937c50d7-1f52-11e2-affa-e4ce8f4b5244','小镇城堡的童话','蓝天下的茵茵绿草，蜿蜒小村的清清河水，古老的悠悠风车，零星散布的黑白花奶牛，这是真实的童话。',6,5);
INSERT INTO "city_place_in_topics" VALUES('33','b13f2394-1f52-11e2-b052-e4ce8f4b5244','937c50d7-1f52-11e2-affa-e4ce8f4b5244');
INSERT INTO "city_place_in_topics" VALUES('34','b21076c7-1f52-11e2-a07d-e4ce8f4b5244','937c50d7-1f52-11e2-affa-e4ce8f4b5244');
INSERT INTO "city_place_in_topics" VALUES('35','b3487ea8-1f52-11e2-bfa2-e4ce8f4b5244','937c50d7-1f52-11e2-affa-e4ce8f4b5244');
INSERT INTO "city_place_in_topics" VALUES('36','b40a670c-1f52-11e2-bbc0-e4ce8f4b5244','937c50d7-1f52-11e2-affa-e4ce8f4b5244');
INSERT INTO "city_place_in_topics" VALUES('37','b40b9ac0-1f52-11e2-83d0-e4ce8f4b5244','937c50d7-1f52-11e2-affa-e4ce8f4b5244');
INSERT INTO "city_place_in_topics" VALUES('38','b47911c0-1f52-11e2-bdfe-e4ce8f4b5244','937c50d7-1f52-11e2-affa-e4ce8f4b5244');
INSERT INTO "city_place_in_topics" VALUES('39','b550cb38-1f52-11e2-b504-e4ce8f4b5244','937c50d7-1f52-11e2-affa-e4ce8f4b5244');
INSERT INTO "city_place_in_topics" VALUES('40','b5e03687-1f52-11e2-96f5-e4ce8f4b5244','937c50d7-1f52-11e2-affa-e4ce8f4b5244');
INSERT INTO "city_topic" VALUES('937cf11c-1f52-11e2-b802-e4ce8f4b5244','五光十色的阿姆','这个光怪陆离的城市以丰富的文化姿态挑战世人的感官。雅俗共赏之吧，也许这是它最动人的地方！',6,6);
INSERT INTO "city_place_in_topics" VALUES('41','937ee1e8-1f52-11e2-be6b-e4ce8f4b5244','937cf11c-1f52-11e2-b802-e4ce8f4b5244');
INSERT INTO "city_place_in_topics" VALUES('42','943b1475-1f52-11e2-b1aa-e4ce8f4b5244','937cf11c-1f52-11e2-b802-e4ce8f4b5244');
INSERT INTO "city_place_in_topics" VALUES('43','9509945e-1f52-11e2-8941-e4ce8f4b5244','937cf11c-1f52-11e2-b802-e4ce8f4b5244');
INSERT INTO "city_place_in_topics" VALUES('44','95ea0cdc-1f52-11e2-9884-e4ce8f4b5244','937cf11c-1f52-11e2-b802-e4ce8f4b5244');
INSERT INTO "city_place_in_topics" VALUES('45','966e7466-1f52-11e2-a063-e4ce8f4b5244','937cf11c-1f52-11e2-b802-e4ce8f4b5244');
INSERT INTO "city_place_in_topics" VALUES('46','97848805-1f52-11e2-9585-e4ce8f4b5244','937cf11c-1f52-11e2-b802-e4ce8f4b5244');
INSERT INTO "city_place_in_topics" VALUES('47','989cb3d1-1f52-11e2-aa0f-e4ce8f4b5244','937cf11c-1f52-11e2-b802-e4ce8f4b5244');
INSERT INTO "city_place_in_topics" VALUES('48','993c50fa-1f52-11e2-acd2-e4ce8f4b5244','937cf11c-1f52-11e2-b802-e4ce8f4b5244');
INSERT INTO "city_place_in_topics" VALUES('49','9a0ed305-1f52-11e2-af8e-e4ce8f4b5244','937cf11c-1f52-11e2-b802-e4ce8f4b5244');
INSERT INTO "city_topic" VALUES('937d8dca-1f52-11e2-a03e-e4ce8f4b5244','鱼鲜饼香喜力爽','生吞小鱼，勺勺浓汤；竖切煎饼，凶猛国酒；甜蜜华夫，畅享喜力。粗犷料理也别有滋味！',6,7);
INSERT INTO "city_place_in_topics" VALUES('50','b626097d-1f52-11e2-ba3b-e4ce8f4b5244','937d8dca-1f52-11e2-a03e-e4ce8f4b5244');
INSERT INTO "city_place_in_topics" VALUES('51','b75ecdc5-1f52-11e2-af5b-e4ce8f4b5244','937d8dca-1f52-11e2-a03e-e4ce8f4b5244');
INSERT INTO "city_place_in_topics" VALUES('52','b84dafca-1f52-11e2-a15c-e4ce8f4b5244','937d8dca-1f52-11e2-a03e-e4ce8f4b5244');
INSERT INTO "city_place_in_topics" VALUES('53','b84f0368-1f52-11e2-93db-e4ce8f4b5244','937d8dca-1f52-11e2-a03e-e4ce8f4b5244');
INSERT INTO "city_place_in_topics" VALUES('54','b8503063-1f52-11e2-9789-e4ce8f4b5244','937d8dca-1f52-11e2-a03e-e4ce8f4b5244');
INSERT INTO "city_place_in_topics" VALUES('55','b8516c3d-1f52-11e2-822f-e4ce8f4b5244','937d8dca-1f52-11e2-a03e-e4ce8f4b5244');
INSERT INTO "city_place_in_topics" VALUES('56','b8ea934f-1f52-11e2-950e-e4ce8f4b5244','937d8dca-1f52-11e2-a03e-e4ce8f4b5244');
INSERT INTO "city_place_in_topics" VALUES('57','b8ebf894-1f52-11e2-9146-e4ce8f4b5244','937d8dca-1f52-11e2-a03e-e4ce8f4b5244');
INSERT INTO "city_place_in_topics" VALUES('58','b9ebaa6e-1f52-11e2-8657-e4ce8f4b5244','937d8dca-1f52-11e2-a03e-e4ce8f4b5244');
INSERT INTO "city_topic" VALUES('937e280c-1f52-11e2-bc4c-e4ce8f4b5244','购物狂们的盛宴','免税、名牌、奢侈品、折扣…它们全年无休等你来！',6,8);
INSERT INTO "city_place_in_topics" VALUES('59','bab7301c-1f52-11e2-be19-e4ce8f4b5244','937e280c-1f52-11e2-bc4c-e4ce8f4b5244');
INSERT INTO "city_place_in_topics" VALUES('60','bb6c867d-1f52-11e2-9c37-e4ce8f4b5244','937e280c-1f52-11e2-bc4c-e4ce8f4b5244');
INSERT INTO "city_place_in_topics" VALUES('61','bc384340-1f52-11e2-a890-e4ce8f4b5244','937e280c-1f52-11e2-bc4c-e4ce8f4b5244');
INSERT INTO "city_place_in_topics" VALUES('62','bc98a851-1f52-11e2-8664-e4ce8f4b5244','937e280c-1f52-11e2-bc4c-e4ce8f4b5244');
INSERT INTO "city_place_in_topics" VALUES('63','bc9a0ef3-1f52-11e2-a5f9-e4ce8f4b5244','937e280c-1f52-11e2-bc4c-e4ce8f4b5244');
INSERT INTO "city_place_in_topics" VALUES('64','bc9b424c-1f52-11e2-8d2d-e4ce8f4b5244','937e280c-1f52-11e2-bc4c-e4ce8f4b5244');
INSERT INTO "city_place" VALUES('937ee1e8-1f52-11e2-be6b-e4ce8f4b5244','王宫','Koninklijk Paleis',1,6,'4.890898','52.373431','这应该是世界上第一个国王王后与人民初次见面的地方，是架在一千多根木棍上的吧！',2,'{"website": "www.paleisamsterdam.nl", "ticketInfo": "\u6210\u4eba\uff1a7.5\u6b27\u5143##\u5b66\u751f,65\u5c81\u4ee5\u4e0a,5-16\u5c81\u513f\u7ae5\uff1a6.5\u6b27\u5143##5\u5c81\u4ee5\u4e0b\uff1a\u514d\u8d39", "openTime": "6\u6708\u81f38\u6708 11:00-17:00##9\u6708\u81f35\u6708 \u5468\u4e8c-\u5468\u65e5 12:00-17:00", "phoneNumber": "+31-206204060", "description": "\u8377\u5170\u7684\u56db\u5ea7\u738b\u5bab\u4e4b\u4e00\uff0c\u4f46\u8377\u5170\u738b\u5ba4\u5e76\u4e0d\u5c45\u4f4f\u4e8e\u6b64\uff0c\u6709\u65f6\u4f5c\u4e3a\u56fd\u5bb6\u9996\u8111\u7684\u63a5\u5f85\u3001\u4e3e\u884c\u91cd\u5927\u6d3b\u52a8\u7684\u573a\u6240\u3002\u53e6\u5916\uff0c\u8fd9\u5ea7\u753113659\u4e2a\u6839\u6728\u6869\u4f5c\u4e3a\u5730\u57fa\u652f\u6491\u7684\u738b\u5bab\uff0c\u662f17\u4e16\u7eaa\u5efa\u7b51\u53f2\u4e0a\u7684\u4e00\u4e2a\u5947\u8ff9\uff0c\u5b8f\u4f1f\u7684\u5df4\u6d1b\u514b\u5efa\u7b51\u98ce\u683c\u662f\u6c34\u575d\u5e7f\u573a\u4e0a\u6700\u663e\u773c\u7684\u76ee\u6807\u3002", "arriveMethod": "\u8ddd\u79bb\u4e2d\u592e\u706b\u8f66\u7ad9750\u7c73,\u6b65\u884c\u53ef\u5230\uff1b\u516c\u5171\u6c7d\u8f66\u6216\u6709\u8f68\u7535\u8f669/16/25/24/172\u5728Amsterdam Dam\u7ad9\u4e0b\u8f66", "address": "Nieuwezijds Voorburgwal 147, Amsterdam 1012 The Netherlands"}');
INSERT INTO "city_picture" VALUES('937ff98c-1f52-11e2-9978-e4ce8f4b5244','wang-gong_1.jpg','/static/media/uploads/amsterdam/wang-gong_1.jpg','','937ee1e8-1f52-11e2-be6b-e4ce8f4b5244','2012-10-26 09:50:29.694138+00:00');
INSERT INTO "city_picture" VALUES('93c2e654-1f52-11e2-bff3-e4ce8f4b5244','wang-gong_2.jpg','/static/media/uploads/amsterdam/wang-gong_2.jpg','','937ee1e8-1f52-11e2-be6b-e4ce8f4b5244','2012-10-26 09:50:30.131859+00:00');
INSERT INTO "city_picture" VALUES('9405a8f3-1f52-11e2-87d8-e4ce8f4b5244','wang-gong_3.jpg','/static/media/uploads/amsterdam/wang-gong_3.jpg','','937ee1e8-1f52-11e2-be6b-e4ce8f4b5244','2012-10-26 09:50:30.570217+00:00');
INSERT INTO "city_picture" VALUES('942406e3-1f52-11e2-916d-e4ce8f4b5244','wang-gong_4.jpg','/static/media/uploads/amsterdam/wang-gong_4.jpg','','937ee1e8-1f52-11e2-be6b-e4ce8f4b5244','2012-10-26 09:50:30.769047+00:00');
INSERT INTO "city_place" VALUES('943b1475-1f52-11e2-b1aa-e4ce8f4b5244','水坝广场','Dam Square',1,6,'4.892939','52.372927','七百多年前这里的渔夫们一定不会想到，他们造了座坝，就有了今天这座繁荣的欧洲门户。',8,'{"tips": "\u6c34\u575d\u5e7f\u573a\u9644\u8fd1\u5c0f\u5077\u5f88\u591a,\u4e0d\u8981\u5728\u5355\u72ec\u6216\u8005\u5728\u504f\u50fb\u7684\u8857\u9053\u6e38\u8d70\u3002\u79df\u81ea\u884c\u8f66\u505c\u8f66\u540e,\u52a1\u5fc5\u4e0a\u9501,\u4ee5\u514d\u88ab\u5077\u3002", "description": "\u6c34\u575d\u5e7f\u573a\u662f\u963f\u59c6\u65af\u7279\u4e39\u7684\u5fc3\u810f,\u4e5f\u662f\u5176\u53d1\u7965\u5730\u3002\u5341\u4e09\u4e16\u7eaa\u65f6\uff0c\u5f53\u5730\u4eba\u4e3a\u9632\u6b62\u6d77\u6c34\u5165\u4fb5\uff0c\u5728\u963f\u59c6\u65af\u7279\u5c14\u6cb3\u53e3\u5efa\u7acb\u8d77\u4e86\u6c34\u575d,\u6e10\u6e10\u5f62\u6210\u4e86\u8fd9\u4e2a\u57ce\u5e02\u3002\u5e7f\u573a\u9644\u8fd1\u6709\u8bb8\u591a\u666f\u70b9\uff0c\u662f\u6e38\u89c8\u963f\u59c6\u7684\u6700\u4f73\u8d77\u70b9\uff0c\u4e5f\u4e00\u76f4\u5404\u7c7b\u96c6\u4f1a\u3001\u6f14\u51fa\u6d3b\u52a8\u7684\u4e3e\u884c\u5730\u3002", "arriveMethod": "\u8ddd\u79bb\u4e2d\u592e\u706b\u8f66\u7ad9750\u7c73,\u6b65\u884c\u53ef\u5230\uff1b\u516c\u5171\u6c7d\u8f66\u6216\u6709\u8f68\u7535\u8f669/16/25/24/172\u5728Amsterdam Dam\u7ad9\u4e0b\u8f66", "address": "Dam 16 1012 Amsterdam,The Netherlands"}');
INSERT INTO "city_picture" VALUES('943c444a-1f52-11e2-8133-e4ce8f4b5244','shui-ba-yan-chang_1.jpg','/static/media/uploads/amsterdam/shui-ba-yan-chang_1.jpg','','943b1475-1f52-11e2-b1aa-e4ce8f4b5244','2012-10-26 09:50:30.927586+00:00');
INSERT INTO "city_picture" VALUES('94816fb5-1f52-11e2-b1c1-e4ce8f4b5244','shui-ba-yan-chang_2.jpg','/static/media/uploads/amsterdam/shui-ba-yan-chang_2.jpg','','943b1475-1f52-11e2-b1aa-e4ce8f4b5244','2012-10-26 09:50:31.381140+00:00');
INSERT INTO "city_picture" VALUES('94c88611-1f52-11e2-b8db-e4ce8f4b5244','shui-ba-yan-chang_3.jpg','/static/media/uploads/amsterdam/shui-ba-yan-chang_3.jpg','','943b1475-1f52-11e2-b1aa-e4ce8f4b5244','2012-10-26 09:50:31.847115+00:00');
INSERT INTO "city_picture" VALUES('94f13d26-1f52-11e2-a677-e4ce8f4b5244','shui-ba-yan-chang_4.jpg','/static/media/uploads/amsterdam/shui-ba-yan-chang_4.jpg','','943b1475-1f52-11e2-b1aa-e4ce8f4b5244','2012-10-26 09:50:32.114127+00:00');
INSERT INTO "city_place" VALUES('9509945e-1f52-11e2-8941-e4ce8f4b5244','博物馆广场','Museumplein',1,6,'4.882274','52.357608','这是顶级博物馆们的根据地，就冲着那几个大字母，到了这里，你才真的到了阿姆斯特丹。',8,'{"description": "\u8377\u5170\u6bcf\u5e73\u65b9\u82f1\u5c3a\u6240\u62e5\u6709\u7684\u535a\u7269\u9986\u4e4b\u591a\uff0c\u4f4d\u5c45\u5168\u7403\u5404\u56fd\u4e4b\u51a0\u3002\u5149\u662f\u963f\u59c6\u65af\u7279\u4e39\u5c31\u670942\u5ea7\u535a\u7269\u9986\uff0c\u535a\u7269\u9986\u5e7f\u573a\u4e0a\u5c31\u5750\u843d\u7740\u6700\u70ed\u95e8\u76843\u5927\u535a\u7269\u9986\u3002\u5de8\u5927\u7684\u7eff\u8272\u8349\u576a\u4e09\u5927\u535a\u7269\u9986\u548c\u56fd\u5bb6\u97f3\u4e50\u5385\u6240\u73af\u62b1\u3002\u5e7f\u573a\u4e0a\u5de8\u5927\u7684\u201cI Amsterdam\u201d\u96d5\u5851\u662f\u963f\u59c6\u65af\u7279\u4e39\u7684\u5fc5\u6709\u62cd\u7167\u5730\u3002 ", "address": "Museumpromenade 1071 Amsterdam,The Netherlands"}');
INSERT INTO "city_picture" VALUES('950a79d1-1f52-11e2-bf7b-e4ce8f4b5244','bo-wu-guan-yan-chang_1.jpg','/static/media/uploads/amsterdam/bo-wu-guan-yan-chang_1.jpg','','9509945e-1f52-11e2-8941-e4ce8f4b5244','2012-10-26 09:50:32.279601+00:00');
INSERT INTO "city_picture" VALUES('954f2adc-1f52-11e2-b5cb-e4ce8f4b5244','bo-wu-guan-yan-chang_2.jpg','/static/media/uploads/amsterdam/bo-wu-guan-yan-chang_2.jpg','','9509945e-1f52-11e2-8941-e4ce8f4b5244','2012-10-26 09:50:32.729671+00:00');
INSERT INTO "city_picture" VALUES('959ec178-1f52-11e2-92cd-e4ce8f4b5244','bo-wu-guan-yan-chang_3.jpg','/static/media/uploads/amsterdam/bo-wu-guan-yan-chang_3.jpg','','9509945e-1f52-11e2-8941-e4ce8f4b5244','2012-10-26 09:50:33.251018+00:00');
INSERT INTO "city_place" VALUES('95ea0cdc-1f52-11e2-9884-e4ce8f4b5244','阿姆斯特丹红灯区','Red Light District',8,6,'4.898068','52.376928','花街是五光十色的阿姆斯特的一道特有风景，是否如当年秦淮河畔莺歌燕舞，就待你来鉴定了。',4,'{"ticketInfo": "18\u5c81\u4ee5\u4e0b\uff1a\u514d\u8d39", "openTime": "1\u67081\u65e5\u4e0d\u5f00\u653e", "description": "\u8fd9\u91cc\u662f\u963f\u59c6\u65af\u7279\u4e39\u7684\u98ce\u5316\u533a\uff0c\u4f4d\u4e8e\u65e7\u57ce\u533a\u7684\u4e24\u6761\u8fd0\u6cb3\u4e24\u5cb8\uff0c\u4e0e\u8fd0\u6cb3\u76f8\u4ea4\u516d\u4e03\u6761\u8857\u9053\uff0c\u5341\u51e0\u4e2a\u8857\u533a\u3002\u963f\u59c6\u65af\u7279\u4e39\u66fe\u662f\u6b27\u6d32\u6700\u7e41\u5fd9\u7684\u6d77\u8fd0\u8d38\u6613\u7ad9\uff0c\u82b1\u8857\u7684\u524d\u8eab\u5c31\u662f\u6d77\u5458\u4eec\u5bfb\u6b22\u4f5c\u4e50\u7684\u573a\u6240\u3002\u665a\u4e0a\u662f\u82b1\u8857\u89e3\u5f00\u9762\u7eb1\u7684\u65f6\u523b\uff0c\u6ee1\u8db3\u597d\u5947\u5fc3\u7684\u540c\u65f6\uff0c\u4e5f\u8981\u5c0a\u91cd\u5f53\u5730\u6587\u5316\u3002", "arriveMethod": "\u4e2d\u592e\u706b\u8f66\u7ad9\u6b65\u884c10\u5206\u949f", "address": "Red Light District, Amsterdam,Netherlands", "tips": "\u8377\u5170\u653f\u5e9c\u4e25\u683c\u63a7\u5236\u548c\u6539\u9020\u7ea2\u706f\u533a,\u5728\u9644\u8fd1\u65c5\u884c\u65f6,\u5343\u4e07\u4e0d\u8981\u5bf9\u6a71\u7a97\u62cd\u7167\u548c\u6444\u50cf\u3002\u53e6\u5916,\u6765\u8fd9\u91cc\u6ee1\u8db3\u597d\u5947\u5fc3\u7684\u540c\u65f6,\u5343\u4e07\u6ce8\u610f\u4eba\u8eab\u548c\u8d22\u4ea7\u5b89\u5168\u3002"}');
INSERT INTO "city_picture" VALUES('95eb2ea1-1f52-11e2-a761-e4ce8f4b5244','a-mu-si-te-dan-hong-deng-qu_1.jpg','/static/media/uploads/amsterdam/a-mu-si-te-dan-hong-deng-qu_1.jpg','','95ea0cdc-1f52-11e2-9884-e4ce8f4b5244','2012-10-26 09:50:33.750884+00:00');
INSERT INTO "city_picture" VALUES('962d5b54-1f52-11e2-87d4-e4ce8f4b5244','a-mu-si-te-dan-hong-deng-qu_2.jpg','/static/media/uploads/amsterdam/a-mu-si-te-dan-hong-deng-qu_2.jpg','','95ea0cdc-1f52-11e2-9884-e4ce8f4b5244','2012-10-26 09:50:34.185826+00:00');
INSERT INTO "city_place" VALUES('966e7466-1f52-11e2-a063-e4ce8f4b5244','阿姆斯特丹音乐厅','Concertgebouw',8,6,'4.878666','52.355845','来声色共赏的荷兰，绝不能错过这个奇迹般音效还有免费的世界顶级音乐厅，去拥抱这场荷兰式的恢弘！',6,'{"website": "www.concertgebouw.nl", "ticketInfo": "10\u6b27\u5143\u6709\u5411\u5bfc\u89c2\u5149", "openTime": "\u5468\u65e5 12:15,\u5468\u4e00 17:00##\u53c2\u52a0\u97f3\u4e50\u4f1a\u51ed\u7968\u5165\u5185 ", "phoneNumber": "+31-206718345", "description": "\u963f\u59c6\u65af\u7279\u4e39\u97f3\u4e50\u5385\u7684\u4e16\u754c\u97f3\u4e50\u754c\u548c\u5efa\u7b51\u754c\u72ec\u6811\u4e00\u5e1c\uff0c\u662f\u5168\u7403\u97f3\u54cd\u6548\u679c\u6700\u4f73\u7684\u4e09\u5927\u97f3\u4e50\u5385\u4e4b\u4e00\uff0c\u5176\u7687\u5bb6\u97f3\u4e50\u5385\u4e50\u56e2\u4e5f\u88ab\u8a89\u4e3a\u4e16\u754c\u5341\u5927\u4ea4\u54cd\u4e50\u56e2\u4e4b\u4e00\u3002\u4f5c\u4e3a\u8377\u5170\u7684\u540d\u7247\u4e4b\u4e00\uff0c\u6bcf\u5e74\u5728\u8fd9\u91cc\u4e3e\u529e\u7684\u97f3\u4e50\u4f1a\u8d85\u8fc7800\u573a\uff0c\u89c2\u4f17\u8d85\u8fc784\u4e07\u4eba\uff0c\u662f\u4e16\u754c\u4e0a\u6f14\u51fa\u6700\u9891\u7e41\u7684\u97f3\u4e50\u5385\u4e4b\u4e00\u3002\u8fd9\u5ea7\u5c4b\u9876\u4e0a\u91d1\u8272\u7ad6\u7434\u4e3a\u6807\u5fd7\u7684\u767d\u8272\u97f3\u4e50\u5385\uff0c\u4e00\u5b9a\u4f1a\u8ba9\u4f60\u4e3a\u8377\u5170\u6e05\u65b0\u7684\u5f53\u4ee3\u97f3\u4e50\u6240\u6298\u670d\u3002", "arriveMethod": "\u5728\u56fd\u5bb6\u535a\u7269\u9986\u548c\u68b5\u9ad8\u535a\u7269\u9986\u9644\u8fd1\u3002\u4e58145/170/172/174/N70,\u6709\u8f68\u7535\u8f6616\u8def,\u5728Jocob Obrechtstraat/de Lairessestraat", "address": "Concertgebouwplein 2-6", "tips": "\u6bcf\u5e74\u4ece9\u6708\u5230\u6b21\u5e746\u6708,\u5728\u8fd9\u5ea7\u4e16\u754c\u9876\u7ea7\u7684\u97f3\u4e50\u5385\u4e2d\u53ef\u4ee5\u514d\u8d39\u6b23\u8d4f\u97f3\u4e50\u4f1a\uff01\u65f6\u95f4\u662f\u6bcf\u5468\u4e09\u768412\uff1a30\u81f313:00,\u4e0d\u8981\u9519\u8fc7\u5566\u3002##\u963f\u59c6\u65af\u7279\u4e39\u97f3\u4e50\u5385\u5c0f\u5385\u901a\u5e38\u662f\u5ba4\u5185\u4e50,\u5927\u5385\u662f\u5373\u5c06\u516c\u6f14\u7684\u516c\u5f00\u6392\u7ec3\u3002\u5982\u679c\u4f60\u80fd\u770b\u5230\u5927\u5385\u7684\u6f14\u51fa,\u90a3\u4e00\u6b21\u662f\u4e16\u754c\u8457\u540d\u6307\u6325\u5bb6\u6307\u6325\u7684\u9876\u7ea7\u4e50\u56e2\u7684\u6f14\u51fa\u3002"}');
INSERT INTO "city_picture" VALUES('966f866e-1f52-11e2-ab69-e4ce8f4b5244','a-mu-si-te-dan-yin-le-ting_1.jpg','/static/media/uploads/amsterdam/a-mu-si-te-dan-yin-le-ting_1.jpg','','966e7466-1f52-11e2-a063-e4ce8f4b5244','2012-10-26 09:50:34.618934+00:00');
INSERT INTO "city_picture" VALUES('96b0e03a-1f52-11e2-b711-e4ce8f4b5244','a-mu-si-te-dan-yin-le-ting_2.jpg','/static/media/uploads/amsterdam/a-mu-si-te-dan-yin-le-ting_2.jpg','','966e7466-1f52-11e2-a063-e4ce8f4b5244','2012-10-26 09:50:35.047752+00:00');
INSERT INTO "city_picture" VALUES('96fda55c-1f52-11e2-9118-e4ce8f4b5244','a-mu-si-te-dan-yin-le-ting_3.jpg','/static/media/uploads/amsterdam/a-mu-si-te-dan-yin-le-ting_3.jpg','','966e7466-1f52-11e2-a063-e4ce8f4b5244','2012-10-26 09:50:35.550266+00:00');
INSERT INTO "city_picture" VALUES('97423026-1f52-11e2-b602-e4ce8f4b5244','a-mu-si-te-dan-yin-le-ting_4.jpg','/static/media/uploads/amsterdam/a-mu-si-te-dan-yin-le-ting_4.jpg','','966e7466-1f52-11e2-a063-e4ce8f4b5244','2012-10-26 09:50:36.000035+00:00');
INSERT INTO "city_place" VALUES('97848805-1f52-11e2-9585-e4ce8f4b5244','马德罗丹','Madurodam',1,6,'4.299449','52.09948','女王做市长，小学生做议员， “管理”缩小25倍的荷兰。夜幕中小城五千只灯泡齐闪烁，犹如梦幻仙境。',8,'{"website": "www.madurodam.com", "ticketInfo": "\u6210\u4eba14.5\u6b27,20\u4eba\u4ee5\u4e0a\u56e2\u4f5310.25\u6b27", "openTime": "4\u6708\u81f36\u6708 9:00-20:00##7\u6708\u81f38\u6708 9:00-21:00##9\u6708\u81f310\u67089:00-19:00##11\u6708\u81f312\u67089:00-17:00", "phoneNumber": "+31-704162400", "description": "\u9a6c\u5fb7\u7f57\u4e39\uff08Madurodam\uff09\u5efa\u4e8e1952\u5e74\uff0c\u662f\u9a6c\u90fd\u62c9\u592b\u5987\u4e3a\u7eaa\u5ff5\u4ed6\u4eec\u5728\u4e8c\u6218\u4e2d\u727a\u7272\u7684\u513f\u5b50\uff0c\u51fa\u8d44\u5efa\u9020\u4f5c\u4e3a\u732e\u7ed9\u8377\u5170\u513f\u7ae5\u7684\u4e00\u4ef6\u793c\u7269\u3002\u9a6c\u5fb7\u7f57\u4e39\u5fae\u578b\u57ce\u5e02\u6709\u5176\u57ce\u5e02\u89c4\u5212\uff0c\u5404\u4e2a\u5efa\u7b51\u7269\u7684\u5e03\u5c40\u9519\u843d\u6709\u5e8f\uff0c\u57ce\u5185\u6c47\u96c6\u4e86\u8377\u5170\u56fd\u5185120\u591a\u5ea7\u8457\u540d\u5efa\u7b51\u548c\u540d\u80dc\u53e4\u8ff9\uff0c\u662f\u8377\u5170\u5386\u53f2\u548c\u6587\u5316\u7684\u9ad8\u5ea6\u6d53\u7f29\uff0c\u8fd8\u57281972\u5e74\u88ab\u201c\u8377\u5170\u57ce\u5e02\u8054\u76df\u201d\u63a5\u7eb3\u4e3a\u6b63\u5f0f\u4f1a\u5458\uff0c\u6210\u4e3a\u4e16\u754c\u4e0a\u6700\u5c0f\u7684\u57ce\u5e02\u3002", "address": "George Maduroplein 1,2584 RZ The Hague"}');
INSERT INTO "city_picture" VALUES('9785c228-1f52-11e2-85fa-e4ce8f4b5244','ma-de-luo-dan_1.jpg','/static/media/uploads/amsterdam/ma-de-luo-dan_1.jpg','','97848805-1f52-11e2-9585-e4ce8f4b5244','2012-10-26 09:50:36.442071+00:00');
INSERT INTO "city_picture" VALUES('97c6cdcc-1f52-11e2-b78f-e4ce8f4b5244','ma-de-luo-dan_2.jpg','/static/media/uploads/amsterdam/ma-de-luo-dan_2.jpg','','97848805-1f52-11e2-9585-e4ce8f4b5244','2012-10-26 09:50:36.868911+00:00');
INSERT INTO "city_picture" VALUES('981009cf-1f52-11e2-85e7-e4ce8f4b5244','ma-de-luo-dan_3.jpg','/static/media/uploads/amsterdam/ma-de-luo-dan_3.jpg','','97848805-1f52-11e2-9585-e4ce8f4b5244','2012-10-26 09:50:37.348673+00:00');
INSERT INTO "city_picture" VALUES('9851f6eb-1f52-11e2-8d76-e4ce8f4b5244','ma-de-luo-dan_4.jpg','/static/media/uploads/amsterdam/ma-de-luo-dan_4.jpg','','97848805-1f52-11e2-9585-e4ce8f4b5244','2012-10-26 09:50:37.781152+00:00');
INSERT INTO "city_place" VALUES('989cb3d1-1f52-11e2-aa0f-e4ce8f4b5244','新市场','Nieuwmarkt',4,6,'4.900356','52.372629','伦勃朗在这儿的过磅房出了成名作，你可以在这儿找到阿姆喝酒撒欢儿的好地方。',6,'{"description": "2008\u5e74\u963f\u59c6\u65af\u7279\u4e39\u653f\u5e9c\u6539\u9020\u7ea2\u706f\u533a\uff0c\u538b\u7f29\u4e86\u8bb8\u591a\u8272\u60c5\u573a\u6240\uff0c\u4e5f\u4fdd\u7559\u4e86\u4e00\u4e9b\u573a\u6240\uff0c\u540d\u5b57\u66f4\u6362\u4e3a\u65b0\u5e02\u573a\u3002\u65b0\u5e02\u573a\u662f\u4f11\u95f2\u653e\u677e\uff0c\u7ed3\u8bc6\u5f53\u5730\u4eba\u7684\u597d\u5904\u53bb\u3002\u6b64\u5904\u591a\u6709\u9152\u5427\u548c\u5c0f\u9910\u9986\uff0c\u4ef7\u94b1\u516c\u9053\uff0c\u6c14\u6c1b\u5bbd\u677e\u3002\u5728\u8fd0\u6cb3\u8fb9\u6f2b\u6b65\uff0c\u963f\u59c6\u65af\u7279\u4e39\u6807\u5fd7\u6027\u7684\u8001\u623f\u5b50\u6797\u7acb\u5728\u6c34\u9762\u6295\u5f71\u4e4b\u4e2d\uff0c\u610f\u8da3\u76ce\u7136\u3002", "address": "Nieuwmarkt 16 1012 Amsterdam"}');
INSERT INTO "city_picture" VALUES('989e0033-1f52-11e2-b6b3-e4ce8f4b5244','xin-shi-chang_1.jpg','/static/media/uploads/amsterdam/xin-shi-chang_1.jpg','','989cb3d1-1f52-11e2-aa0f-e4ce8f4b5244','2012-10-26 09:50:38.278589+00:00');
INSERT INTO "city_picture" VALUES('98de4eee-1f52-11e2-817f-e4ce8f4b5244','xin-shi-chang_2.jpg','/static/media/uploads/amsterdam/xin-shi-chang_2.jpg','','989cb3d1-1f52-11e2-aa0f-e4ce8f4b5244','2012-10-26 09:50:38.700231+00:00');
INSERT INTO "city_picture" VALUES('99203ec5-1f52-11e2-97af-e4ce8f4b5244','xin-shi-chang_3.jpg','/static/media/uploads/amsterdam/xin-shi-chang_3.jpg','','989cb3d1-1f52-11e2-aa0f-e4ce8f4b5244','2012-10-26 09:50:39.133053+00:00');
INSERT INTO "city_place" VALUES('993c50fa-1f52-11e2-acd2-e4ce8f4b5244','旧证券交易所','Beurs Van Berlage',1,6,'4.895862','52.375887','如今GDP第二的小国的子民们，原来当年就荷包满满。',2,'{"website": "www.beursvanberlage.nl", "phoneNumber": "+31-205304141", "description": "\u8377\u5170\u4eba\u597d\u8d4c\uff0c17\u4e16\u7eaa\u65f6\u4ece\u65b0\u751f\u513f\u7684\u6027\u522b\u5230\u90c1\u91d1\u9999\u7684\u5229\u6da6\u90fd\u662f\u4ed6\u4eec\u4e0b\u6ce8\u7684\u5bf9\u8c61\u300217\u4e16\u7eaa\u7684\u963f\u59c6\u65af\u7279\u4e39\u5c31\u662f\u4eca\u5929\u7684\u7f8e\u56fd\u534e\u5c14\u8857\u3002\u60f3\u8c61\u4e00\u4e0b\uff0c\u8eab\u7740\u4e2d\u4e16\u7eaa\u670d\u9970\u76841000\u591a\u540d\u80a1\u7968\u7ecf\u7eaa\u4eba\u5728\u8fd9\u91cc\u5fd9\u5fd9\u788c\u788c\uff0c\u5927\u91cf\u7684\u80a1\u606f\u6536\u5165\u4ece\u8fd9\u4e2a\u9762\u79ef\u4e0d\u52301600\u5e73\u7c73\u7684\u9662\u5b50\u6d41\u5165\u8377\u5170\u56fd\u5e93\u548c\u666e\u901a\u4eba\u8170\u5305\u3002\u5982\u4eca\u8fd9\u91cc\u662f\u72ec\u7279\u7684\u6587\u5316\u4e2d\u5fc3\uff0c\u5168\u5e74\u8fd9\u91cc\u90fd\u4f1a\u6709\u6709\u97f3\u4e50\u4f1a\u548c\u5efa\u7b51\u5c55\u3002", "address": "Damrak 243, 1012 ZJ Amsterdam, Netherlands"}');
INSERT INTO "city_picture" VALUES('993d363d-1f52-11e2-b486-e4ce8f4b5244','jiu-zheng-quan-jiao-yi-suo_1.jpg','/static/media/uploads/amsterdam/jiu-zheng-quan-jiao-yi-suo_1.jpg','','993c50fa-1f52-11e2-acd2-e4ce8f4b5244','2012-10-26 09:50:39.322959+00:00');
INSERT INTO "city_picture" VALUES('9981420c-1f52-11e2-afd0-e4ce8f4b5244','jiu-zheng-quan-jiao-yi-suo_2.jpg','/static/media/uploads/amsterdam/jiu-zheng-quan-jiao-yi-suo_2.jpg','','993c50fa-1f52-11e2-acd2-e4ce8f4b5244','2012-10-26 09:50:39.768845+00:00');
INSERT INTO "city_picture" VALUES('99c5521c-1f52-11e2-a1bd-e4ce8f4b5244','jiu-zheng-quan-jiao-yi-suo_3.jpg','/static/media/uploads/amsterdam/jiu-zheng-quan-jiao-yi-suo_3.jpg','','993c50fa-1f52-11e2-acd2-e4ce8f4b5244','2012-10-26 09:50:40.214823+00:00');
INSERT INTO "city_place" VALUES('9a0ed305-1f52-11e2-af8e-e4ce8f4b5244','足球比赛','Ajax Amsterdamsche Football Match',8,6,'4.940604','52.314225','看一场华丽而富有进攻力的阿贾克斯球队的比赛，是球迷来圣地朝圣梦寐以求的最佳体验！',2,'{"website": "www.ajax.nl", "ticketInfo": "\u6210\u4eba17.5\u6b27,4-12\u5c8112.5\u6b27", "openTime": "3\u670822\u65e5-11\u67084\u65e5 \u5468\u4e00\u81f3\u5468\u65e5 11:00-19:00##11\u67085\u65e5-3\u670821\u65e5 \u5468\u4e8c\u81f3\u5468\u65e511:00-18:00##\u5982\u6709\u6bd4\u8d5b,\u505c\u6b62\u53c2\u89c2\u3002", "phoneNumber": "+31-548377666", "description": "\u963f\u8d3e\u514b\u65af\u662f\u8377\u5170\u6700\u5bcc\u76db\u540d\u7684\u7403\u961f\u4e4b\u4e00\uff0c\u4e5f\u662f\u5c5e\u4e8e\u963f\u59c6\u65af\u7279\u4e39\u7684\u7403\u961f\uff0c\u4ee5\u534e\u4e3d\u800c\u5bcc\u6709\u653b\u51fb\u529b\u7684\u6253\u6cd5\u8457\u79f0\uff0c\u7403\u961f\u4e5f\u4e3a\u6b27\u6d32\u53ca\u5927\u8054\u8d5b\u57f9\u517b\u4e86\u65e0\u6570\u4eba\u624d\uff0c\u8d62\u5f97\u4e86\u65e0\u6570\u7684\u5149\u73af\u548c\u8363\u8a89\u3002\u4ece\u4e2d\u592e\u8f66\u7ad9\u5f00\u51fa\u768454\u8def\u5730\u94c1\uff0c\u5c06\u4f1a\u7ecf\u8fc7\u8457\u540d\u7684\u963f\u8d3e\u514b\u65af\u8db3\u7403\u573aArena\uff0c\u53bb\u8db3\u7403\u5723\u5730\u671d\u5723\uff0c\u4e00\u5b9a\u662f\u7403\u8ff7\u4eec\u68a6\u5bd0\u4ee5\u6c42\u7684\u6700\u4f73\u4f53\u9a8c\u5427\uff01", "arriveMethod": "\u4ece\u4e2d\u592e\u706b\u8f66\u7ad9\u642d\u8f66\u706b\u8f66\u5230Amsterdam Bijlmer AreA\u7ad9\u4e0b\u8f66", "address": "Arena Boulevard 29,1101 AX Amesterdam Zuidoost", "tips": "\u53ef\u4ee5\u73b0\u5728\u5b98\u7f51\u4e0a\u63d0\u524d\u4e86\u89e3\u8d5b\u7a0b,\u7968\u4ef7\u4ece10\u6b27\u5230200\u6b27\u4e0d\u7b49\u3002\u53ef\u4ee5\u73b0\u5728\u5b98\u7f51\u4e0a\u63d0\u524d\u4e86\u89e3\u8d5b\u7a0b,\u7968\u4ef7\u4ece10\u6b27\u5230200\u6b27\u4e0d\u7b49\u3002"}');
INSERT INTO "city_place" VALUES('9a10f4eb-1f52-11e2-ad5b-e4ce8f4b5244','国立博物馆','Rijksmuseum',1,6,'4.884498','52.360570','梵高说他宁愿啃面包或少活十年在这位大师的画前盯上两周，似乎我们也该带个面包去一睹伦勃朗的画。',3,'{"website": "www.rijksmuseum.nl", "ticketInfo": "\u6210\u4eba\uff1a14\u6b27\u5143##18\u5c81\u4ee5\u4e0b\uff1a\u514d\u8d39", "openTime": "9:00-18:00##1\u67081\u65e5\u4e0d\u5f00\u653e", "phoneNumber": "+31-206747000", "description": "\u4e16\u754c\u5341\u5927\u535a\u7269\u9986\u4e4b\u4e00\uff0c\u56fd\u7acb\u535a\u7269\u9986\u6536\u85cf\u4e86\u8377\u5170\u9ec4\u91d1\u5e74\u4ee3\u7684\u827a\u672f\u7cbe\u534e\u3002\u9547\u9986\u4e4b\u5b9d\u662f\u4f26\u52c3\u6717\u7684\u300a\u591c\u5de1\u300b\u3001\u300a\u72b9\u592a\u65b0\u5a18\u300b\uff0c\u7ef4\u7c73\u5c14\u7684\u300a\u53a8\u623f\u7b49\u300b\u3002\u9664\u4e86\u7ecf\u5178\u753b\u4f5c\uff0c\u8fd8\u6709\u8230\u8239\u6a21\u578b\u3001\u7687\u5bb6\u9676\u74f7\u3001\u73bb\u7483\u54c1\u7b49\u827a\u672f\u7470\u5b9d\uff0c\u662f\u8377\u5170\u6700\u5927\u7684\u827a\u672f\u8d22\u5bcc\u4e4b\u4e00\u3002\u53e6\u5916\uff0c\u535a\u7269\u9986\u7ea2\u8272\u7816\u5899\u548c\u4e30\u5bcc\u6d6e\u96d5\u7ed3\u5408\u5448\u73b0\u5bcc\u4e3d\u5802\u7687\u7684\u7684\u5bab\u6bbf\u6c14\u6d3e\uff0c\u5373\u4f7f\u5929\u82b1\u677f\u7684\u88c5\u9970\u753b\u548c\u5efa\u7b51\u7684\u5176\u4ed6\u90e8\u5206\u90fd\u6709\u72ec\u7279\u542b\u4e49\u3002", "arriveMethod": "\u4e2d\u592e\u706b\u8f66\u7ad9\u4e582/5\u6709\u8f68\u7535\u8f66,\u5728Hobbemastraat\u7ad9", "address": "Jan Luijkenstraat 1,Amsterdam"}');
INSERT INTO "city_picture" VALUES('9a120863-1f52-11e2-8bf2-e4ce8f4b5244','guo-li-bo-wu-guan_1.jpg','/static/media/uploads/amsterdam/guo-li-bo-wu-guan_1.jpg','','9a10f4eb-1f52-11e2-ad5b-e4ce8f4b5244','2012-10-26 09:50:40.717732+00:00');
INSERT INTO "city_picture" VALUES('9a2bd37a-1f52-11e2-8d70-e4ce8f4b5244','guo-li-bo-wu-guan_2.jpg','/static/media/uploads/amsterdam/guo-li-bo-wu-guan_2.jpg','','9a10f4eb-1f52-11e2-ad5b-e4ce8f4b5244','2012-10-26 09:50:40.886624+00:00');
INSERT INTO "city_picture" VALUES('9a57abc7-1f52-11e2-a576-e4ce8f4b5244','guo-li-bo-wu-guan_3.jpg','/static/media/uploads/amsterdam/guo-li-bo-wu-guan_3.jpg','','9a10f4eb-1f52-11e2-ad5b-e4ce8f4b5244','2012-10-26 09:50:41.174014+00:00');
INSERT INTO "city_place" VALUES('9a951a0f-1f52-11e2-bae9-e4ce8f4b5244','梵高美术馆','Van Gogh Museum',1,6,'4.880977','52.358517','跟随凡高明亮跳跃的色块，走近这位用生命燃烧自己的天才，一睹他炙热如向日葵般的生命历程。',3,'{"website": "www.vangoghmuseum.nl", "ticketInfo": "\u6210\u4eba14\u6b27\u5143,18\u5c81\u4ee5\u4e0b\u514d\u8d39", "openTime": "\u5468\u516d\u81f3\u5468\u56db 10:00-18:00,\u5468\u4e94 10:00-22:00 1\u67081\u65e5\u4e0d\u5f00\u653e", "phoneNumber": "+31-205705200", "description": "\u6587\u7279\u68ee\u2022\u51e1\u2022\u9ad8\u662f\u5341\u4e5d\u4e16\u7eaa\u8377\u5170\u4f1f\u5927\u7684\u827a\u672f\u5947\u624d\uff0c\u540e\u5370\u8c61\u6d3e\u4e09\u5927\u5de8\u5320\u4e4b\u4e00\u3002\u8fd9\u91cc\u662f\u4e16\u754c\u4e0a\u5c55\u793a\u68b5\u9ad8\u4f5c\u54c1\u6700\u591a\u3001\u6700\u96c6\u4e2d\u7684\u5730\u65b9\uff0c\u5176\u4e2d\u5305\u62ec\u6cb9\u753b\u3001\u7d20\u63cf\u3001\u901f\u5199\u672c\u548c\u4fe1\u51fd\u7b49\u3002\u9986\u91cc\u540c\u65f6\u6536\u85cf\u4e86\u5927\u91cf\u540c\u65f6\u671f\u7684\uff0c\u68b5\u9ad8\u7684\u81f3\u4ea4\u4f8b\u5982\u9ad8\u66f4\u548c\u571f\u9c81\u65af\u7684\u4f5c\u54c1\uff0c\u4e5f\u6709\u5927\u91cf\u8f83\u65e9\u671f\u88ab\u68b5\u9ad8\u6240\u8d5e\u8d4f\u7684\u753b\u5bb6\u4f5c\u54c1\u3002\u53ef\u4ee5\u8bf4\u68b5\u9ad8\u7f8e\u672f\u9986\u662f19\u4e16\u7eaa\u665a\u671f\u4e16\u754c\u6770\u51fa\u4f5c\u54c1\u7684\u4e13\u95e8\u5c55\u9986\u3002", "arriveMethod": "\u4e2d\u592e\u706b\u8f66\u7ad9\u4e582/5\u6709\u8f68\u7535\u8f66,\u5728Van Baerlestraat\u7ad9", "address": "Paulus Potterstraat 7, Amsterdam, NH 1071 CX Netherlands", "tips": "\u642c\u8fc1\uff1a2012.9.26-2013.4.25\u68b5\u9ad8\u7f8e\u672f\u9986\u5c06\u8fc1\u81f3\u963f\u59c6\u65af\u7279\u4e39Hermitage Amsterdam\u535a\u7269\u9986##\u5730\u5740:Amstel 51 Amsterdam"}');
INSERT INTO "city_picture" VALUES('9a963fcf-1f52-11e2-a0f1-e4ce8f4b5244','fan-gao-mei-zhu-guan_1.jpg','/static/media/uploads/amsterdam/fan-gao-mei-zhu-guan_1.jpg','','9a951a0f-1f52-11e2-bae9-e4ce8f4b5244','2012-10-26 09:50:41.582772+00:00');
INSERT INTO "city_picture" VALUES('9addaae6-1f52-11e2-bca2-e4ce8f4b5244','fan-gao-mei-zhu-guan_2.jpg','/static/media/uploads/amsterdam/fan-gao-mei-zhu-guan_2.jpg','','9a951a0f-1f52-11e2-bae9-e4ce8f4b5244','2012-10-26 09:50:42.052093+00:00');
INSERT INTO "city_place" VALUES('9b13a663-1f52-11e2-9a10-e4ce8f4b5244','维米尔中心','Vermeer Centre',1,6,'4.35942','52.012914','不好意思，它现在闭馆中。不过文字了解下荷兰的国宝画家也是提升精神档次的嘛。',2,'{"phoneNumber": "+31-152138588", "description": "\u8377\u5170\u6700\u4f1f\u5927\u7684\u753b\u5bb6\u4e4b\u4e00\uff0c\u5374\u88ab\u4eba\u9057\u5fd8\u4e86\u957f\u8fbe\u4e24\u4e2a\u4e16\u7eaa\u4e4b\u4e45\u3002\u7ef4\u7c73\u5c14\u7684\u4e00\u751f\u90fd\u751f\u6d3b\u5728\u4ee3\u5c14\u592b\u7279\uff0c\u4f5c\u54c1\u5927\u591a\u662f\u98ce\u4fd7\u9898\u6750\u7684\u7ed8\u753b\uff0c\u57fa\u672c\u4e0a\u53d6\u6750\u4e8e\u5e02\u6c11\u5e73\u5e38\u7684\u751f\u6d3b\u3002\u7531\u4e8e\u4ed6\u5927\u90e8\u5206\u7ed8\u753b\u5185\u5bb9\u662f\u65e5\u5e38\u751f\u6d3b\uff0c17\u4e16\u7eaa\u4ee3\u5c14\u592b\u7279\u57ce\u5e02\u9762\u8c8c\u88ab\u5b8c\u6574\u4fdd\u7559\u4e0b\u6765\u3002\u4ed6\u7684\u753b\u6574\u4e2a\u753b\u9762\u6e29\u99a8\u3001\u8212\u9002\u3001\u5b81\u9759\uff0c\u7ed9\u4eba\u4ee5\u5e84\u91cd\u7684\u611f\u53d7\uff0c\u5145\u5206\u8868\u73b0\u51fa\u4e86\u8377\u5170\u5e02\u6c11\u90a3\u79cd\u5bf9\u6d01\u51c0\u73af\u5883\u548c\u4f18\u96c5\u8212\u9002\u7684\u6c14\u6c1b\u7684\u559c\u597d\u3002", "address": "Voldersgracht 21,2611 EV Delft,Netherlands"}');
INSERT INTO "city_picture" VALUES('9b14b4dc-1f52-11e2-a81a-e4ce8f4b5244','wei-mi-er-zhong-xin_1.jpg','/static/media/uploads/amsterdam/wei-mi-er-zhong-xin_1.jpg','','9b13a663-1f52-11e2-9a10-e4ce8f4b5244','2012-10-26 09:50:42.412089+00:00');
INSERT INTO "city_picture" VALUES('9b523605-1f52-11e2-9d63-e4ce8f4b5244','wei-mi-er-zhong-xin_2.jpg','/static/media/uploads/amsterdam/wei-mi-er-zhong-xin_2.jpg','','9b13a663-1f52-11e2-9a10-e4ce8f4b5244','2012-10-26 09:50:42.816000+00:00');
INSERT INTO "city_picture" VALUES('9b91d138-1f52-11e2-9d4a-e4ce8f4b5244','wei-mi-er-zhong-xin_3.jpg','/static/media/uploads/amsterdam/wei-mi-er-zhong-xin_3.jpg','','9b13a663-1f52-11e2-9a10-e4ce8f4b5244','2012-10-26 09:50:43.232657+00:00');
INSERT INTO "city_place" VALUES('9bd1c70c-1f52-11e2-b2f5-e4ce8f4b5244','皇家莫里茨美术馆','The Royal Pictures Gallery Mauritshuis',1,6,'4.314674','52.098913','去这个完美体现出荷兰人的“理性与平衡”建筑原则的皇家美术馆看看荷兰的蒙娜丽莎吧！',3,'{"website": "www.mauritshuis.nl", "ticketInfo": "\u6210\u4eba9.5\u6b27\u5143\uff1b18\u5c81\u4ee5\u4e0b\u513f\u7ae5\u514d\u8d39", "openTime": "\u5468\u4e00\u2014\u5468\u516d10\uff1a00-17\uff1a00\uff1b\u5468\u65e5\u53ca\u8282\u5047\u65e511\uff1a00-17\uff1a00", "phoneNumber": "+31-703023456", "description": "\u7687\u5bb6\u83ab\u91cc\u8328\u7f8e\u672f\u9986\u539f\u662f\u8377\u5c5e\u5df4\u897f\u603b\u7763\u83ab\u91cc\u8328\u738b\u5b50\u7684\u79bb\u5bab\uff0c\u4e5f\u88ab\u79f0\u4e3a\u8377\u5170\u6cb9\u753b\u535a\u7269\u9986\uff0c\u662f\u8377\u5170\u4e09\u5927\u7f8e\u672f\u9986\u4e4b\u4e00\u3002\u9986\u5185\u6536\u85cf\u4ee5\u8377\u5170\u9ec4\u91d1\u65f6\u4ee3\u7684\u7ecf\u5178\u4f5c\u54c1\u4e3a\u4e3b\uff0c\u5305\u62ec17 \u4e16\u7eaa\u8377\u5170\u753b\u5bb6\u7ea6800\u5e45\u540d\u4f5c\u3002\u5176\u4e2d\u4ee5\u4f26\u52c3\u6717\u7684\u300a\u675c\u5c14\u666e\u6559\u6388\u7684\u89e3\u5256\u8bfe\u300b\u3001\u7ef4\u7c73\u5c14\u7684\u300a\u6234\u73cd\u73e0\u8033\u73af\u7684\u5973\u5b69\u300b\u6700\u4e3a\u8457\u540d\u3002\u201c\u73cd\u54c1\u5c4b\u201d\u91cc\u9762\u8fd8\u6536\u85cf\u7740\u8377\u5170\u5546\u8239\u4ece\u4e16\u754c\u5404\u5730\u8fd0\u56de\u7684\u5f02\u56fd\u73cd\u54c1\u3002", "address": "Mauritshuis Korte Vijverberg 8 NL 2513 AB Den Haag,Netherlands", "tips": "\u5c55\u89c8\u9986\u51fa\u53e3\u5904\u6709\u7eaa\u5ff5\u54c1\u5546\u5e97,\u51fa\u552e\u590d\u5236\u7684\u753b\u4f5c\u3001\u6d77\u62a5\u3001\u660e\u4fe1\u7247\u7b49\u3002"}');
INSERT INTO "city_picture" VALUES('9bd2f123-1f52-11e2-9387-e4ce8f4b5244','huang-jia-mo-li-ci-mei-zhu-guan_1.jpg','/static/media/uploads/amsterdam/huang-jia-mo-li-ci-mei-zhu-guan_1.jpg','','9bd1c70c-1f52-11e2-b2f5-e4ce8f4b5244','2012-10-26 09:50:43.658700+00:00');
INSERT INTO "city_picture" VALUES('9c145ef8-1f52-11e2-9bb2-e4ce8f4b5244','huang-jia-mo-li-ci-mei-zhu-guan_2.jpg','/static/media/uploads/amsterdam/huang-jia-mo-li-ci-mei-zhu-guan_2.jpg','','9bd1c70c-1f52-11e2-b2f5-e4ce8f4b5244','2012-10-26 09:50:44.088405+00:00');
INSERT INTO "city_picture" VALUES('9c55e847-1f52-11e2-9737-e4ce8f4b5244','huang-jia-mo-li-ci-mei-zhu-guan_3.jpg','/static/media/uploads/amsterdam/huang-jia-mo-li-ci-mei-zhu-guan_3.jpg','','9bd1c70c-1f52-11e2-b2f5-e4ce8f4b5244','2012-10-26 09:50:44.517954+00:00');
INSERT INTO "city_place" VALUES('9c952238-1f52-11e2-8f89-e4ce8f4b5244','伦勃朗故居博物馆','Rembrandthuis',1,6,'4.901223','52.369422','命运造就的光影大师，从富人到贫民不愿放弃自己信仰的固执天才，他是荷兰的品牌。',6,'{"website": "www.rembrandthuis.nl", "description": "\u4f26\u52c3\u6717\u6545\u5c45\u662f\u5ea7\u4e09\u5c42\u697c\u7684\u8001\u5c4b\uff0c\u4f4d\u4e8e\u6ed1\u94c1\u5362\u5e7f\u573a\u9644\u8fd1\u3002\u4f26\u52c3\u6717\u4ece33\u5c81\u5f00\u59cb\u5728\u6b64\u5c45\u4f4f\uff0c\u76f4\u523020\u5e74\u540e\u7a77\u56f0\u6f66\u5012\u5168\u5bb6\u88ab\u8d76\u51fa\u642c\u8fdb\u8d2b\u6c11\u7a9f\u3002\u547d\u8fd0\u53d8\u5316\u540e\uff0c\u7531\u4e8e\u957f\u671f\u5728\u8270\u82e6\u7b80\u964b\u7684\u5730\u4e0b\u5ba4\u4f5c\u753b\uff0c\u4f7f\u4ed6\u7684\u4f5c\u54c1\u5f62\u6210\u4e86\u7528\u5149\u4e0a\u7684\u72ec\u7279\u8868\u73b0\u624b\u6cd5\uff0c\u8fd9\u79cd\u654f\u611f\u5904\u7406\u4e3a\u753b\u7684\u60c5\u8282\u6dfb\u52a0\u4e86\u5f3a\u70c8\u7684\u620f\u5267\u8272\u5f69\u3002\u5982\u4eca\u5c4b\u5b50\u91cc\u9648\u5217\u7740250\u4ef6\u4ee4\u4eba\u5370\u8c61\u6df1\u523b\u7684\u4f26\u52c3\u6717\u94dc\u7248\u753b\u548c\u7d20\u63cf\u4f5c\u54c1\u3002", "address": "Jodenbreestraat 4, Amsterdam, NH 1011 NK Netherlands"}');
INSERT INTO "city_picture" VALUES('9c961fee-1f52-11e2-9d36-e4ce8f4b5244','lun-bo-lang-gu-ju-bo-wu-guan_1.jpg','/static/media/uploads/amsterdam/lun-bo-lang-gu-ju-bo-wu-guan_1.jpg','','9c952238-1f52-11e2-8f89-e4ce8f4b5244','2012-10-26 09:50:44.938792+00:00');
INSERT INTO "city_picture" VALUES('9cb0bfdc-1f52-11e2-b85f-e4ce8f4b5244','lun-bo-lang-gu-ju-bo-wu-guan_2.jpg','/static/media/uploads/amsterdam/lun-bo-lang-gu-ju-bo-wu-guan_2.jpg','','9c952238-1f52-11e2-8f89-e4ce8f4b5244','2012-10-26 09:50:45.113226+00:00');
INSERT INTO "city_picture" VALUES('9cf45e2e-1f52-11e2-907d-e4ce8f4b5244','lun-bo-lang-gu-ju-bo-wu-guan_3.jpg','/static/media/uploads/amsterdam/lun-bo-lang-gu-ju-bo-wu-guan_3.jpg','','9c952238-1f52-11e2-8f89-e4ce8f4b5244','2012-10-26 09:50:45.556406+00:00');
INSERT INTO "city_place" VALUES('9d377efa-1f52-11e2-971c-e4ce8f4b5244','库勒慕勒美术馆','Kröller Muller Museum',1,6,'5.816338','52.095316','感谢这个有前瞻性的女子，让那些差点埋没的灵魂画作绽放光芒。',3,'{"website": "www.kmm.nl", "ticketInfo": "\u56fd\u5bb6\u68ee\u6797\u516c\u56ed\u901a\u7968\uff08\u542b\u5e93\u52d2\u5e55\u52d2\u7f8e\u672f\u9986\uff09##6\u5c81\u4ee5\u4e0b\u513f\u7ae5\u514d\u8d39,6-12\u5c81\u513f\u7ae58.2\u6b27,\u6210\u4eba16.4\u6b27##20\u4eba\u4ee5\u4e0a\u56e2\u961f9\u6298\n20\u4eba\u4ee5\u4e0a\u56e2\u961f\u4eab\u53d710%\u6298\u6263", "openTime": "\u5468\u4e8c\u81f3\u5468\u65e5,\u65e9\u4e0a10\uff1a00-17\uff1a00(\u96d5\u5851\u516c\u56ed\u4ec5\u5f00\u653e\u81f316\uff1a30)", "description": "\u5e93\u52d2\u6155\u52d2\u7f8e\u672f\u9986\u9690\u533f\u4e8e\u68b5\u9ad8\u68ee\u6797\u4e4b\u4e2d\u3002\u5f53\u5e74\u535a\u7269\u9986\u7684\u5973\u4e3b\u4eba\u6d77\u4f26\u2022\u5e93\u52d2\u6155\u52d2\u4e13\u95e8\u6536\u96c6\u5979\u8ba4\u4e3a\u6700\u5177\u6709\u524d\u77bb\u6027\u7684\u73b0\u4ee3\u827a\u672f\u4f5c\u54c1\uff0c\u5373\u4f7f\u4f5c\u54c1\u8fd8\u4e0d\u4e3a\u5f53\u65f6\u793e\u4f1a\u6240\u63a5\u53d7\u3002\u7f8e\u672f\u9986\u4e0d\u4ec5\u85cf\u6709278\u5e45\u68b5\u9ad8\u7ed8\u753b\u4f5c\u54c1\uff0c\u8fd8\u6536\u85cf\u4e86\u83ab\u5948\u3001\u9ad8\u66f4\u3001\u6bd5\u52a0\u7d22\u3001\u96f7\u8bfa\u963f\u7b49\u5927\u5e08\u4f17\u591a19-20\u4e16\u7eaa\u7684\u7ecf\u5178\u4f5c\u54c1\u3002\u5b83\u4e0e\u963f\u59c6\u65af\u7279\u4e39\u7684\u68b5\u9ad8\u7f8e\u672f\u9986\u9f50\u540d\u4e3a\u4e16\u754c\u4e0a\u6536\u85cf\u68b5\u9ad8\u753b\u4f5c\u6700\u591a\u7684\u7f8e\u672f\u9986\u3002", "address": "Houtkampweg 6,6731 AW,Otterloo", "tips": "\u5fc5\u770b\u4f5c\u54c1\uff1a\u300a\u591c\u5e55\u4e0b\u7684\u5496\u5561\u5ea7\u300b\u3001\u300a\u963f\u5c14\u7684\u540a\u6865\u300b\u3001\u300a\u4e30\u6536\u300b\u3001\u300a\u5403\u571f\u8c46\u7684\u4eba\u300b\u4ee5\u53ca\u300a\u81ea\u753b\u50cf\u300b\u7b49\u3002##\u5e93\u52d2\u6155\u52d2\u7f8e\u672f\u9986\u5916\u9762\u662f\u4e00\u5ea7\u68ee\u6797\u91cc\u7684\u96d5\u5851\u516c\u56ed\u2014\u2014Beeldenpark,\u4e5f\u662f\u6b27\u6d32\u6700\u5927\u7684\u5ba4\u5916\u96d5\u5851\u516c\u56ed,\u53ef\u4ee5\u770b\u5230\u8bb8\u591a\u4e16\u754c\u540d\u5bb6\u7684\u4f5c\u54c1\u3002"}');
INSERT INTO "city_picture" VALUES('9d38d051-1f52-11e2-a789-e4ce8f4b5244','ku-le-mu-le-mei-zhu-guan_1.jpg','/static/media/uploads/amsterdam/ku-le-mu-le-mei-zhu-guan_1.jpg','','9d377efa-1f52-11e2-971c-e4ce8f4b5244','2012-10-26 09:50:46.004842+00:00');
INSERT INTO "city_picture" VALUES('9d53aad1-1f52-11e2-999b-e4ce8f4b5244','ku-le-mu-le-mei-zhu-guan_2.jpg','/static/media/uploads/amsterdam/ku-le-mu-le-mei-zhu-guan_2.jpg','','9d377efa-1f52-11e2-971c-e4ce8f4b5244','2012-10-26 09:50:46.179895+00:00');
INSERT INTO "city_picture" VALUES('9d991d9c-1f52-11e2-adce-e4ce8f4b5244','ku-le-mu-le-mei-zhu-guan_3.jpg','/static/media/uploads/amsterdam/ku-le-mu-le-mei-zhu-guan_3.jpg','','9d377efa-1f52-11e2-971c-e4ce8f4b5244','2012-10-26 09:50:46.636060+00:00');
INSERT INTO "city_place" VALUES('9db1caa3-1f52-11e2-a680-e4ce8f4b5244','梵高森林','National Park De Hoge Veluwe',1,6,'5.873241','52.120328','踩着单车，清新空气拂面而来，微微泛起衣衫和裤脚，身体的每个细胞犹如享受一次矿泉SPA。',3,'{"website": "www.hogeveluwe.nl", "ticketInfo": "\u56fd\u5bb6\u68ee\u6797\u516c\u56ed\u901a\u7968\uff08\u542b\u5e93\u52d2\u5e55\u52d2\u7f8e\u672f\u9986\uff09\uff1a6\u5c81\u4ee5\u4e0b\u513f\u7ae5\u514d\u8d39,6-12\u5c81\u513f\u7ae58.2\u6b27,\u6210\u4eba16.40\u6b27,20\u4eba\u4ee5\u4e0a\u56e2\u961f\u4eab\u53d710%\u6298\u6263", "openTime": "1\u6708\u81f33\u6708 9:00-18:00##4\u6708 8:00-20\uff1a00##5\u67088 :00-21:00##6\u6708\u81f37\u6708 8:00\u201422:00##8\u6708 8:00-21:00##9\u6708 9:00-20:00##10\u67089:00-19:00##11\u81f312\u6708 9:00-18:00", "phoneNumber": "+31-318591241", "description": "\u970d\u683c\u2022\u51e1\u5f8b\u6c83\u56fd\u5bb6\u68ee\u6797\u516c\u56ed\u539f\u6765\u662f\u6d77\u4f26\u2022\u5e93\u52d2\u6155\u52d2\u548c\u5979\u4e08\u592b\u7684\u79c1\u4eba\u5e84\u56ed\u3002\u51e1\u9ad8\u56fd\u5bb6\u68ee\u6797\u516c\u56ed5500\u516c\u9877\uff0c\u56ed\u5185\u6709\u8bb8\u591a\u72ec\u7279\u7684\u666f\u89c2\uff0c\u5982\u91ce\u8352\u5730\u3001\u8349\u539f\u3001\u6d6e\u52a8\u6c99\u5730\u3001\u6cbc\u6cfd\u7b49\uff0c\u4ee5\u53ca\u73cd\u8d35\u7684\u91ce\u751f\u52a8\u7269\u3002\u5b83\u662f\u8377\u5170\u7684\u6700\u5927\u7684\u81ea\u7136\u4fdd\u62a4\u533a\uff0c\u6b27\u6d32\u6700\u5927\u7684\u96d5\u5851\u516c\u56ed\uff0c\u4e5f\u662f\u8377\u5170\u4eba\u6700\u949f\u7231\u7684\u90ca\u6e38\u5730\u3002", "address": "Apeldoornseweg 250,7351 TA Hoenderloo", "tips": "\u516c\u56ed\u7684\u4e09\u4e2a\u5165\u53e3\u3001\u6e38\u5ba2\u4e2d\u5fc3\u3001\u72e9\u730e\u57ce\u5821\u548c\u5e93\u52d2\u6155\u52d2\u7f8e\u672f\u9986\u95e8\u524d\u5747\u8bbe\u6709\u81ea\u884c\u8f66\u505c\u8f66\u573a,\u4f9b\u6e38\u5ba2\u514d\u8d39\u53d6\u7528\u3002\u4e0d\u5fc5\u62c5\u5fc3\u5b89\u5168,10-40\u591a\u516c\u91cc\u7684\u81ea\u884c\u8f66\u9053\u548c\u7b80\u5355\u6e05\u695a\u7684\u8def\u6807\u4ee4\u4f60\u7545\u884c\u65e0\u5fe7\u3002##\u6765\u5230\u6e38\u5ba2\u4e2d\u5fc3,\u4f60\u7684\u811a\u4e0b\u8fd8\u6709\u4e16\u754c\u4e0a\u7b2c\u4e00\u5ea7\u5730\u4e0b\u535a\u7269\u9986,\u800c\u4e14\u5b83\u662f\u514d\u8d39\u7684\uff01"}');
INSERT INTO "city_picture" VALUES('9db2d033-1f52-11e2-a3ea-e4ce8f4b5244','fan-gao-sen-lin_1.jpg','/static/media/uploads/amsterdam/fan-gao-sen-lin_1.jpg','','9db1caa3-1f52-11e2-a680-e4ce8f4b5244','2012-10-26 09:50:46.804405+00:00');
INSERT INTO "city_picture" VALUES('9e01b261-1f52-11e2-9714-e4ce8f4b5244','fan-gao-sen-lin_2.jpg','/static/media/uploads/amsterdam/fan-gao-sen-lin_2.jpg','','9db1caa3-1f52-11e2-a680-e4ce8f4b5244','2012-10-26 09:50:47.321441+00:00');
INSERT INTO "city_picture" VALUES('9e480321-1f52-11e2-891f-e4ce8f4b5244','fan-gao-sen-lin_3.jpg','/static/media/uploads/amsterdam/fan-gao-sen-lin_3.jpg','','9db1caa3-1f52-11e2-a680-e4ce8f4b5244','2012-10-26 09:50:47.781968+00:00');
INSERT INTO "city_picture" VALUES('9e5aae1c-1f52-11e2-8bc7-e4ce8f4b5244','fan-gao-sen-lin_4.jpg','/static/media/uploads/amsterdam/fan-gao-sen-lin_4.jpg','','9db1caa3-1f52-11e2-a680-e4ce8f4b5244','2012-10-26 09:50:47.904632+00:00');
INSERT INTO "city_place" VALUES('9ea2357a-1f52-11e2-a53a-e4ce8f4b5244','库肯豪夫公园','Keukenhof',1,6,'4.543616','52.268394','不知道七百万株花围起来能绕地球几圈。',3,'{"website": "www.keukenhof.nl", "ticketInfo": "\u6210\u4eba13.5\u6b27\u5143##65\u5c81\u4ee5\u4e0a\u8001\u4eba13\u6b27\u5143##4-11\u5c81\u513f\u7ae56.5\u6b27\u5143##4\u5c81\u4ee5\u4e0b\u513f\u7ae5\u514d\u8d39", "openTime": "3\u670822\u65e5\u81f35\u670820\u65e5,\u6bcf\u59298\uff1a00-19\uff1a30\uff08\u552e\u7968\u590418\uff1a00\u505c\u6b62\u552e\u7968\uff09", "description": "\u5e93\u80af\u970d\u592b\u82b1\u56ed\u8ddd\u963f\u59c6\u65af\u7279\u4e3940\u516c\u91cc\uff0c\u516c\u56ed\u5360\u573032\u516c\u9877\u3002\u572815\u4e16\u7eaa\u65f6\uff0c\u8fd9\u5ea7\u4e16\u754c\u4e0a\u6700\u5927\u7684\u90c1\u91d1\u9999\u82b1\u56ed\u662f\u4f4d\u5973\u4f2f\u7235\u7684\u53a8\u623f\uff0c\u5e93\u80af\u970d\u592b\u7684\u540d\u5b57\u5728\u8377\u5170\u6587\u4e2d\u662f\u201c\u53a8\u623f\u82b1\u56ed\u201d\u7684\u610f\u601d\u3002\u8fd9\u5ea7\u5386\u53f2\u60a0\u4e45\u7684\u516c\u56ed\u4e2d\u6ee1\u662f\u90c1\u91d1\u9999\u3001\u98ce\u4fe1\u5b50\u3001\u9ec4\u6c34\u4ed9\u548c\u5176\u4ed6\u6625\u5b63\u7403\u830e\u82b1\u5349\uff0c\u6240\u6709\u82b1\u513f\u90fd\u7531\u624b\u5de5\u79cd\u690d\uff0c\u5176\u4e2d\u90c1\u91d1\u9999100\u4f59\u79cd\uff0c\u6570\u91cf\u8fbe450\u4e07\u682a\u3002", "arriveMethod": "\u4ece\u5e02\u4e2d\u5fc3\u7684Leidseplein\u6216\u8005Museumplein(\u68b5\u9ad8\u535a\u7269\u9986\u9644\u8fd1\uff09\u5750370\u8def\u5230Schiphol\u673a\u573a,\u518d\u8f6c58\u8def", "address": "Stationsweg 166a,2161 AM LISSE"}');
INSERT INTO "city_picture" VALUES('9ea6137a-1f52-11e2-a153-e4ce8f4b5244','ku-ken-hao-fu-gong-yuan_1.jpg','/static/media/uploads/amsterdam/ku-ken-hao-fu-gong-yuan_1.jpg','','9ea2357a-1f52-11e2-a53a-e4ce8f4b5244','2012-10-26 09:50:48.397346+00:00');
INSERT INTO "city_picture" VALUES('9effd6ba-1f52-11e2-8930-e4ce8f4b5244','ku-ken-hao-fu-gong-yuan_2.jpg','/static/media/uploads/amsterdam/ku-ken-hao-fu-gong-yuan_2.jpg','','9ea2357a-1f52-11e2-a53a-e4ce8f4b5244','2012-10-26 09:50:48.987006+00:00');
INSERT INTO "city_picture" VALUES('9f4a11ee-1f52-11e2-97e9-e4ce8f4b5244','ku-ken-hao-fu-gong-yuan_3.jpg','/static/media/uploads/amsterdam/ku-ken-hao-fu-gong-yuan_3.jpg','','9ea2357a-1f52-11e2-a53a-e4ce8f4b5244','2012-10-26 09:50:49.473496+00:00');
INSERT INTO "city_picture" VALUES('9f8e8d26-1f52-11e2-93ce-e4ce8f4b5244','ku-ken-hao-fu-gong-yuan_4.jpg','/static/media/uploads/amsterdam/ku-ken-hao-fu-gong-yuan_4.jpg','','9ea2357a-1f52-11e2-a53a-e4ce8f4b5244','2012-10-26 09:50:49.922193+00:00');
INSERT INTO "city_picture" VALUES('9fd75e51-1f52-11e2-a2e7-e4ce8f4b5244','ku-ken-hao-fu-gong-yuan_5.jpg','/static/media/uploads/amsterdam/ku-ken-hao-fu-gong-yuan_5.jpg','','9ea2357a-1f52-11e2-a53a-e4ce8f4b5244','2012-10-26 09:50:50.399123+00:00');
INSERT INTO "city_place" VALUES('a0181597-1f52-11e2-9d85-e4ce8f4b5244','丽兹花田区','Lisse',1,6,'4.543594','52.268578','跟着花农才知道球茎要培植一两年才有收成，花儿也在修行！',3,'{"tips": "\u9a91\u884c\u662f\u6e38\u89c8\u82b1\u7530\u7684\u6700\u4f73\u65b9\u5f0f,\u82b1\u7530\u533a\u7684\u9a91\u884c\u7ebf\u8def\u4ece5\u516c\u91cc\u81f325\u516c\u91cc\u4e0d\u7b49\u3002##\u5982\u679c\u9a91\u884c\u4e0d\u591f\u723d,\u4e58\u76f4\u5347\u673a\u7edd\u5bf9\u662f\u53e6\u4e00\u79cd\u9177\u4f53\u9a8c\uff01\u6bcf\u5e74\u5728Zijpe\u4e3e\u884c\u7684\u9c9c\u82b1\u8282\u671f\u95f4,\u6e38\u5ba2\u6709\u673a\u4f1a\u4e58\u5750\u5c0f\u578b\u98de\u673a,\u9e1f\u77b0\u6781\u76ee\u82b1\u7530\u3002\u8be6\u60c5\u53c2\u9605www.vvvcallantsoog.nl www.bloeiendzijpe.nl##\u6df1\u5165\u82b1\u7530\u4e2d\u7684\u519c\u5e84\u53c2\u89c2\u82b1\u7530\u662f\u6700\u4eb2\u5207\u7684\u89c2\u82b1\u65b9\u5f0f\u3002\u53ef\u5728VVV Petten\u548cVVV Callantsoog\u6e38\u5ba2\u4e2d\u5fc3\u62a5\u540d,\u6216\u4e0e\u519c\u573a\u4e3b\u76f4\u63a5\u8054\u7cfb\u3002", "description": "\u8e0f\u4e0a\u4e00\u8f86\u5355\u8f66\uff0c\u5728\u5f2f\u5f2f\u66f2\u66f2\u7684\u81ea\u884c\u8f66\u4e13\u7528\u9053\u4e0a\u7f13\u6162\u9a91\u884c\uff0c\u9759\u9759\u6b23\u8d4f\u90c1\u91d1\u9999\u82b1\u7530\u8fd9\u5757\u5927\u753b\u5e03\u4e0a\u7684\u7f24\u7eb7\u8272\u5f69\u3002\u9014\u4e2d\u4e14\u884c\u4e14\u505c\u6df1\u5165\u82b1\u7530\u4e2d\u7684\u519c\u5e84\u53c2\u89c2\u82b1\u7530\u662f\u8377\u5170\u6700\u4eb2\u5207\u7684\u89c2\u82b1\u65b9\u5f0f\uff1a\u5e84\u4e3b\u9996\u5148\u4f1a\u8bb2\u89e3\u7403\u830e\u82b1\u5349\u7684\u57fa\u672c\u77e5\u8bc6\uff0c\u800c\u540e\u6df1\u5165\u82b1\u7530\u4e2d\u4ed4\u7ec6\u8bb2\u89e3\u3002\u4e30\u5bcc\u6709\u8da3\u7684\u89c2\u5149\u82b1\u7d6e\u662f\u5728\u82b1\u7530\u5468\u56f4\u8d4f\u82b1\u6240\u4e0d\u80fd\u4f01\u53ca\u7684\u3002", "address": "Stationsweg 166a,2161 AM LISSE"}');
INSERT INTO "city_picture" VALUES('a01910d7-1f52-11e2-9d6e-e4ce8f4b5244','li-zi-hua-tian-qu_1.jpg','/static/media/uploads/amsterdam/li-zi-hua-tian-qu_1.jpg','','a0181597-1f52-11e2-9d85-e4ce8f4b5244','2012-10-26 09:50:50.829532+00:00');
INSERT INTO "city_picture" VALUES('a0578aee-1f52-11e2-a78e-e4ce8f4b5244','li-zi-hua-tian-qu_2.jpg','/static/media/uploads/amsterdam/li-zi-hua-tian-qu_2.jpg','','a0181597-1f52-11e2-9d85-e4ce8f4b5244','2012-10-26 09:50:51.239522+00:00');
INSERT INTO "city_picture" VALUES('a0a0fcdc-1f52-11e2-89e4-e4ce8f4b5244','li-zi-hua-tian-qu_3.jpg','/static/media/uploads/amsterdam/li-zi-hua-tian-qu_3.jpg','','a0181597-1f52-11e2-9d85-e4ce8f4b5244','2012-10-26 09:50:51.720204+00:00');
INSERT INTO "city_picture" VALUES('a0eee4ca-1f52-11e2-b61b-e4ce8f4b5244','li-zi-hua-tian-qu_4.jpg','/static/media/uploads/amsterdam/li-zi-hua-tian-qu_4.jpg','','a0181597-1f52-11e2-9d85-e4ce8f4b5244','2012-10-26 09:50:52.231167+00:00');
INSERT INTO "city_place" VALUES('a142be38-1f52-11e2-a60c-e4ce8f4b5244','阿姆斯特丹花卉市场','Bloemenmarkt Amsterdam',5,6,'4.890684','52.366923','阿姆斯特丹最香的地方不是花街，而是这个是世界上唯一的浮动花卉市场。',2,'{"openTime": "\u5468\u4e00\u81f3\u5468\u516d9:00\u201417:30,\u5468\u65e511:00\u201417:30", "description": "\u963f\u59c6\u65af\u7279\u4e39\u9c9c\u82b1\u5e02\u573a\u5386\u53f2\u53ef\u8ffd\u6eaf\u52301862\u5e74\uff0c\u662f\u8377\u5170\u6700\u8457\u540d\u7684\u9c9c\u82b1\u5e02\u573a\u3002\u82b1\u5e02\u7ecf\u8425\u7684\u54c1\u79cd\u4ece\u4f20\u7edf\u7684\u8377\u5170\u90c1\u91d1\u9999\u548c\u5929\u7afa\u8475\u5230\u88c5\u9970\u4f20\u7edf\u623f\u95f4\u7684\u5c0f\u767d\u9f20\u548c\u4ece\u590d\u6d3b\u8282\u5c9b\u8fd0\u6765\u7684manobole\u690d\u7269\uff0c\u4e00\u5e94\u4ff1\u5168\u3002\u65e0\u8bba\u4f60\u559c\u7231\u54ea\u79cd\u82b1\uff0c\u90fd\u4e00\u5b9a\u80fd\u5728\u8fd9\u4e2a\u5e02\u573a\u4e2d\u627e\u5230\u3002", "address": "Singel 610 1017 Amsterdam"}');
INSERT INTO "city_picture" VALUES('a143ec2e-1f52-11e2-aa08-e4ce8f4b5244','a-mu-si-te-dan-hua-hui-shi-chang_1.jpg','/static/media/uploads/amsterdam/a-mu-si-te-dan-hua-hui-shi-chang_1.jpg','','a142be38-1f52-11e2-a60c-e4ce8f4b5244','2012-10-26 09:50:52.788529+00:00');
INSERT INTO "city_picture" VALUES('a1891375-1f52-11e2-8c8c-e4ce8f4b5244','a-mu-si-te-dan-hua-hui-shi-chang_2.jpg','/static/media/uploads/amsterdam/a-mu-si-te-dan-hua-hui-shi-chang_2.jpg','','a142be38-1f52-11e2-a60c-e4ce8f4b5244','2012-10-26 09:50:53.241017+00:00');
INSERT INTO "city_picture" VALUES('a1a75500-1f52-11e2-98f8-e4ce8f4b5244','a-mu-si-te-dan-hua-hui-shi-chang_3.jpg','/static/media/uploads/amsterdam/a-mu-si-te-dan-hua-hui-shi-chang_3.jpg','','a142be38-1f52-11e2-a60c-e4ce8f4b5244','2012-10-26 09:50:53.439558+00:00');
INSERT INTO "city_place" VALUES('a1ec6b42-1f52-11e2-8b56-e4ce8f4b5244','阿斯米尔鲜花拍卖市场','Flora Holland',5,6,'4.783448','52.261026','200个足球场大小，1300多种鲜花整齐划一，鲜花多米诺世界中满是潮湿馥郁的花香。',3,'{"website": "www.floraholland.com", "ticketInfo": "\u6210\u4eba5\u6b27,6-11\u5c813\u6b27,15\u4eba\u4ee5\u4e0a\u56e2\u4f534\u6b27\uff08\u5bfc\u6e38\u53f8\u673a\u514d\u8d39\uff09", "openTime": "\u5468\u4e00\u81f3\u5468\u4e94,7:00-11:00##\u5468\u516d\u3001\u65e5\u53ca\u6cd5\u5b9a\u5047\u65e5\u4f11\u606f##\u5c3d\u91cf\u65e9\u5230,\u62cd\u5356\u4ea4\u6613\u65f6\u95f4\u662f6:30am\u81f39:30am,\u62cd\u5356\u6700\u7f8e\u7684\u65f6\u523b\u4e3a\u65e9\u4e0a8:00", "description": "\u82b1\u8377\u9c9c\u82b1\u62cd\u5356\u516c\u53f8\uff08Flora Holland\uff09\u662f\u4e16\u754c\u4e0a\u6700\u5927\u7684\u9c9c\u82b1\u62cd\u5356\u516c\u53f8\uff0c\u65d7\u4e0b\u62e5\u67096\u5bb6\u9c9c\u82b1\u62cd\u5356\u5e02\u573a\uff0c\u5176\u4e2d\u6700\u5927\u4e00\u5bb6\u5373\u662fAalsmeer\u9c9c\u82b1\u62cd\u5356\u4e2d\u5fc3\uff0c\u88ab\u8a89\u4e3a\u82b1\u5349\u4ea7\u4e1a\u7684\u534e\u5c14\u8857\u3002\u8fd9\u4e2a\u62cd\u5356\u4e2d\u5fc3\u76ee\u524d\u603b\u5efa\u7b51\u9762\u79ef\u8fbe100\u4e07\u5e73\u65b9\u7c73\uff0c\u662f\u4e16\u754c\u6700\u5927\u5546\u4e1a\u5efa\u7b51\u3002\u8fd9\u91cc\u5e73\u5747\u6bcf\u5929\u67092000\u4e07\u682a\u9c9c\u82b1\u552e\u51fa\uff0c\u65e9\u4e0a\u88ab\u62cd\u5356\uff0c\u4e0b\u5348\u5c31\u5df2\u5206\u522b\u9001\u5230\u5168\u7403\u5404\u4e2a\u89d2\u843d\uff0c\u4e16\u754c\u4e0a80%\u7684\u82b1\u5349\u4ea7\u54c1\u90fd\u6765\u81ea\u4e8e\u6b64\u3002", "address": "Legmeerdijk 313,1431 GB,Aalsmeer", "tips": "\u62cd\u5356\u9075\u5faa\u201c\u8377\u5170\u5f0f\u62cd\u5356\u201d\u7684\u89c4\u5219,\u65b0\u5947\u800c\u5145\u6ee1\u523a\u6fc0,\u8fc7\u7a0b\u5982\u540c\u62a2\u7b54\u3002\u8be5\u62cd\u5356\u91c7\u7528\u8868\u76d8\u5f0f\u65e0\u58f0\u62cd\u5356,\u6da8\u4ef7\u964d\u4ef7\u4ea4\u66ff\u8fdb\u884c,\u662f\u73b0\u4ee3\u5316\u7684\u51cf\u4ef7\u62cd\u5356\u5f62\u5f0f\u3002##\u5230\u963f\u5c14\u65af\u7c73\u5c14\u4e00\u5b9a\u8981\u4e0a\u6b65\u884c\u9053\u4e0a\u53bb\u770b\u770b,\u6b65\u884c\u9053\u5728\u5e02\u573a\u4e0a\u9762,\u6e38\u4eba\u53ef\u9e1f\u77b0\u6574\u4e2a\u5e02\u573a\u60c5\u51b5,\u4e00\u773c\u671b\u4e0d\u5230\u5934\u7684\u9c9c\u82b1\u4ed3\u5e93\u8db3\u8db3\u6709200\u4e2a\u8db3\u7403\u573a\u5927\u5c0f\u3002\n"}');
INSERT INTO "city_picture" VALUES('a1ed9d1c-1f52-11e2-903a-e4ce8f4b5244','a-si-mi-er-xian-hua-pai-mai-shi-chang_1.jpg','/static/media/uploads/amsterdam/a-si-mi-er-xian-hua-pai-mai-shi-chang_1.jpg','','a1ec6b42-1f52-11e2-8b56-e4ce8f4b5244','2012-10-26 09:50:53.900019+00:00');
INSERT INTO "city_picture" VALUES('a2349907-1f52-11e2-af0c-e4ce8f4b5244','a-si-mi-er-xian-hua-pai-mai-shi-chang_2.jpg','/static/media/uploads/amsterdam/a-si-mi-er-xian-hua-pai-mai-shi-chang_2.jpg','','a1ec6b42-1f52-11e2-8b56-e4ce8f4b5244','2012-10-26 09:50:54.365849+00:00');
INSERT INTO "city_picture" VALUES('a24e3714-1f52-11e2-a242-e4ce8f4b5244','a-si-mi-er-xian-hua-pai-mai-shi-chang_3.jpg','/static/media/uploads/amsterdam/a-si-mi-er-xian-hua-pai-mai-shi-chang_3.jpg','','a1ec6b42-1f52-11e2-8b56-e4ce8f4b5244','2012-10-26 09:50:54.533734+00:00');
INSERT INTO "city_place" VALUES('a29359de-1f52-11e2-8673-e4ce8f4b5244','安妮之家','Anne Frank House',1,6,'4.883930','52.375185','“我希望我死后，仍能继续活着。”和16岁少女穿越到二战时期，接受一场法西斯主义、民族种族歧视教育洗礼。',3,'{"website": "www.annefrank.org", "ticketInfo": "\u6210\u4eba\uff1a9\u6b27##10-17\u5c81\uff1a4.5\u6b27##0-9\u5c81\uff1a\u514d\u8d39", "openTime": "3\u81f37\u6708 \u5468\u65e5\u81f3\u5468\u4e94 9:00-21:00 \u5468\u516d\u5ef6\u81f322:00##8\u6708\u81f39\u6708 9:00-22:00##9\u6708-3\u6708 \u5468\u65e5\u81f3\u5468\u4e94 9:00-19:00 \u5468\u516d\u5ef6\u81f320:00##\u5f88\u591a\u5047\u671f\u535a\u7269\u9986\u5f00\u653e\u65f6\u95f4\u4f1a\u6709\u53d8\u52a8,\u8be6\u60c5\u8bf7\u53c2\u9605\u5176\u7f51\u7ad9 ", "phoneNumber": "+31-205567105", "description": "\u4e16\u754c\u6700\u8457\u540d\u7684\u65e5\u8bb0\u300a\u5b89\u59ae\u65e5\u8bb0\u300b\u4e2d\u8be6\u8ff0\u4e86\u5f53\u5e74\u8fd9\u4f4d\u72b9\u592a\u59d1\u5a18\u548c\u5bb6\u4eba\u7684\u907f\u96be\u751f\u6d3b\uff0c\u8fd9\u5c31\u662f\u5979\u8eb2\u85cf\u7684\u5bc6\u5ba4\u65e7\u5740\u3002\u5fb7\u519b\u5360\u9886\u8377\u5170\u671f\u95f4\uff0c\u8fd9\u91cc\u88ab\u6d17\u52ab\u4e00\u7a7a\u3002\u4f46\u662f\u8bf8\u591a\u8d44\u6599\u76f4\u89c2\u5730\u8bb0\u5f55\u4e86\u5bf9\u5f53\u65f6\u7684\u751f\u6d3b\u3002\u9664\u7236\u4eb2\uff0c\u5b89\u59ae\u672c\u4eba\u548c\u5168\u5bb6\u90fd\u5728\u4e8c\u6218\u4e2d\u88ab\u7eb3\u7cb9\u6740\u5bb3\u3002\u5982\u4eca\u5b89\u59ae\u4e4b\u5bb6\u4ecd\u4fdd\u7559\u7740\u300a\u5b89\u59ae\u65e5\u8bb0\u300b\u4e2d\u8bb0\u5f55\u65cb\u8f6c\u5f0f\u4e66\u67b6\u3001\u5bc6\u5ba4\u3001\u9601\u697c\u7b49\u3002", "arriveMethod": "\u4ece\u4e2d\u592e\u706b\u8f66\u7ad9\u6b65\u884c20\u5206\u949f,\u6216\u4e5813/14/17\u8def\u6709\u8f68\u7535\u8f66,170/172/174\u8def\u516c\u5171\u6c7d\u8f66\u5728Westermark\u4e0b\u8f66\u3002", "address": "Prinsengracht 267, Amsterdam, NH 1016 GV Netherlands"}');
INSERT INTO "city_picture" VALUES('a29481cf-1f52-11e2-9e95-e4ce8f4b5244','an-ni-zhi-jia_1.jpg','/static/media/uploads/amsterdam/an-ni-zhi-jia_1.jpg','','a29359de-1f52-11e2-8673-e4ce8f4b5244','2012-10-26 09:50:54.993897+00:00');
INSERT INTO "city_picture" VALUES('a2e07051-1f52-11e2-bdf7-e4ce8f4b5244','an-ni-zhi-jia_2.jpg','/static/media/uploads/amsterdam/an-ni-zhi-jia_2.jpg','','a29359de-1f52-11e2-8673-e4ce8f4b5244','2012-10-26 09:50:55.492042+00:00');
INSERT INTO "city_picture" VALUES('a32a0c1c-1f52-11e2-9141-e4ce8f4b5244','an-ni-zhi-jia_3.jpg','/static/media/uploads/amsterdam/an-ni-zhi-jia_3.jpg','','a29359de-1f52-11e2-8673-e4ce8f4b5244','2012-10-26 09:50:55.973976+00:00');
INSERT INTO "city_place" VALUES('a363ddb5-1f52-11e2-96e8-e4ce8f4b5244','性博物馆','Sexmuseum Amsterdam Venustempel',1,6,'4.897324','52.376857','在宽容度超高的自由国度，去这个主题特别的博物馆“明目张胆”地一探究竟，挑战你的感官神经吧！',2,'{"ticketInfo": "4\u6b27\uff08\u965016\u5c81\u4ee5\u4e0a\uff09", "openTime": "09:30-23:30", "phoneNumber": "+31-206228376", "description": "\u963f\u59c6\u65af\u7279\u4e39\u6027\u535a\u7269\u9986\u5ea7\u843d\u5728\u7e41\u534e\u7684\u4e2d\u592e\u8f66\u7ad9\u5927\u8857\u4e0a\uff0c\u4e3a2\u5c42\u697c\u7684\u4f20\u7edf\u8377\u5f0f\u5efa\u7b51\u3002\u4f5c\u4e3a\u7b2c\u4e00\u4e2a\u201c\u6027\u201d\u4e3b\u9898\u7684\u535a\u7269\u9986\uff0c\u8fd9\u5ea7\u535a\u7269\u9986\u867d\u7136\u6ca1\u6709\u5f88\u5f20\u626c\u7684\u95e8\u9762\uff0c\u5374\u4e94\u810f\u4ff1\u5168\u3002\u4ece\u753b\u5728\u5377\u8f74\u3001\u4e66\u518c\u3001\u78c1\u74f6\u4e0a\u7684\u6625\u5bab\u753b\uff0c\u5230\u7528\u5404\u79cd\u6750\u8d28\u5236\u6210\u7684\u4eba\u5076\uff0c\u6240\u6709\u5728\u4e00\u822c\u573a\u5408\u88ab\u89c6\u4e3a\u65e0\u6cd5\u516c\u5f00\u7684\u4e8b\u7269\uff0c\u90fd\u5728\u6b64\u5730\u5802\u800c\u7687\u4e4b\u7684\u6210\u4e86\u5c55\u793a\u54c1\uff0c\u6dcb\u6f13\u5c3d\u81f4\u7684\u5c55\u73b0\u4e86\u4eba\u7c7b\u6700\u539f\u59cb\u7684\u60c5\u6b32\u3002", "arriveMethod": "\u4e2d\u592e\u706b\u8f66\u7ad9\u51fa\u95e8\u76f4\u8d70500\u7c73", "address": "Damrak 18, Amsterdam 2012 LH,Netherlands", "tips": "\u672a\u6210\u5e74\u4eba\u7981\u6b62\u5165\u5185\u3002##\u9986\u5185\u7684\u58f0\u5149\u4eff\u771f\u4eba\u79c0\u6709\u4e9b\u201c\u5413\u4eba\u201d,\u8981\u505a\u597d\u5fc3\u7406\u51c6\u5907\u5594\u3002"}');
INSERT INTO "city_picture" VALUES('a364f8b8-1f52-11e2-ae34-e4ce8f4b5244','xing-bo-wu-guan_1.jpg','/static/media/uploads/amsterdam/xing-bo-wu-guan_1.jpg','','a363ddb5-1f52-11e2-96e8-e4ce8f4b5244','2012-10-26 09:50:56.360194+00:00');
INSERT INTO "city_picture" VALUES('a38efd00-1f52-11e2-820f-e4ce8f4b5244','xing-bo-wu-guan_2.jpg','/static/media/uploads/amsterdam/xing-bo-wu-guan_2.jpg','','a363ddb5-1f52-11e2-96e8-e4ce8f4b5244','2012-10-26 09:50:56.636041+00:00');
INSERT INTO "city_picture" VALUES('a3aaf0de-1f52-11e2-b1bf-e4ce8f4b5244','xing-bo-wu-guan_3.jpg','/static/media/uploads/amsterdam/xing-bo-wu-guan_3.jpg','','a363ddb5-1f52-11e2-96e8-e4ce8f4b5244','2012-10-26 09:50:56.819140+00:00');
INSERT INTO "city_place" VALUES('a3f864ae-1f52-11e2-9573-e4ce8f4b5244','手袋博物馆','Tassen Museum of Bags and Purses',1,6,'4.896874','52.365485','钟爱手袋的小姐和女士们，两千多件如假包换的各型手袋如冬天里的一把火，燃烧你的小宇宙！',2,'{"website": "www.tassenmuseum.nl", "ticketInfo": "\u6210\u4eba\uff1a8.5\u6b27 ##13-18\u5c81\uff1a5\u6b27##12\u5c81\u4ee5\u4e0b\uff1a\u514d\u8d39##\u4f7f\u7528\u963f\u59c6\u65af\u7279\u4e39\u57ce\u5e02\u5361\u6216\u8377\u5170\u901a\u7968\u514d\u8d39", "phoneNumber": "+31-205246452", "description": "\u5982\u679c\u95ee\u53bb\u8fc7\u8377\u5170\u7684\u5973\u58eb\uff0c\u5728\u963f\u59c6\u65af\u7279\u4e39\u4f17\u591a\u7279\u8272\u535a\u7269\u9986\u4e2d\u6700\u559c\u6b22\u7684\u662f\u54ea\u5ea7\u535a\u7269\u9986\uff0c\u8bf4\u4e0d\u5b9a\u624b\u888b\u535a\u7269\u9986\u53ef\u4ee5\u62d4\u5f97\u5934\u7b79\u3002\u8fd9\u5ea717\u4e16\u7eaa\u8c6a\u534e\u5efa\u7b51\u7684\u4e09\u5c42\u5c0f\u697c\u5c55\u793a\u4e86\u8fc7\u53bb35\u5e74\u4e2d\u8377\u5170\u53e4\u8463\u5546\u4ea8\u5fb7\u91cc\u514b\u8036\u2022\u4f0a\u8299\u8d2d\u4e70\u6536\u85cf\u76842000\u4f59\u4e2a\u5404\u5f0f\u624b\u888b\u3002\u5176\u4e2d\u6709\u98ce\u9761\u5168\u7403\u7684\u5927\u724c\u9650\u91cf\u7248\u624b\u888b\uff0c\u6709\u5404\u79cd\u6750\u8d28\u6709\u8da3\u7684\u5f02\u5f62\u5305\uff0c\u8fd8\u6709\u8377\u5170\u672c\u571f\u8bbe\u8ba1\u7684\u624b\u888b\u7b49\u7b49\uff0c\u9664\u6b64\u4e4b\u5916\u8fd9\u91cc\u8fd8\u4e0a\u6f14\u4e86\u4e00\u6b65\u897f\u65b9\u793e\u4f1a\u5973\u6027\u7684\u624b\u888b\u53f2\u3002", "address": "Herengracht 573,1017 CD Amsterdam", "tips": "\u624b\u888b\u535a\u7269\u9986\u53ef\u4ee5\u63d0\u4f9b\u4e24\u95f417\u4e16\u7eaa\u7684\u5c4b\u5b50\u4f5c\u4e3a\u5a5a\u793c\u573a\u5730,\u8fd8\u53ef\u4ee5\u4e3e\u529e\u751f\u65e5\u5bb4\u4f1a\u3002##\u535a\u7269\u9986\u4e00\u697c\u7684\u5546\u5e97\u4e2d\u53ef\u4ee5\u4e70\u5230\u4e00\u4e9b\u7ecf\u5178\u6b3e\u5f97\u590d\u5236\u54c1,\u6bd4\u5982\u90c1\u91d1\u9999\u5f62\u624b\u888b\u5c31\u662f\u4e0d\u9519\u7684\u9009\u62e9\u3002"}');
INSERT INTO "city_place" VALUES('a3f9af94-1f52-11e2-a49f-e4ce8f4b5244','猫内阁美术馆','Kattenkabinet',1,6,'4.891547','52.365613','没法变成喵星人，但你能在“猫内阁”看到一颗喵星球！',2,'{"website": "www.kattenkabinet.nl", "tips": "\u732b\u535a\u7269\u9986\u91cc\u76f8\u5173\u520a\u7269\u6216\u8005\u7528\u54c1\u7684\u7eaa\u5ff5\u54c1\u5728\u8fd9\u91cc\u7684\u5546\u94fa\u53ef\u4ee5\u4e70\u5230\u54e6\u3002", "description": "\u8fd9\u662f\u4e00\u4f4d\u8377\u5170\u7ec5\u58eb\u4e3a\u7231\u732b\u800c\u5efa\u7684\u535a\u7269\u9986\uff0c\u8fd9\u53ea\u5e78\u798f\u7684\u732b\u6bcf\u4e94\u5e74\u4eab\u53d7\u4e00\u4efd\u7279\u6b8a\u7684\u751f\u65e5\u793c\u7269\uff1a\u4ece\u732b\u753b\u50cf\u5230\u732b\u94dc\u50cf\uff0c\u4ece\u201c\u732b\u4e4b\u4e66\u201d\u5230\u201c\u732b\u7f8e\u949e\u201d\u3002\u5f53\u7136\u8fd8\u6709\u732b\u4e3b\u9898\u7684\u5404\u7c7b\u753b\u4f5c\uff0c\u751a\u81f3\u6709\u4f26\u52c3\u6717\u8fd9\u7c7b\u5927\u5e08\u7684\u753b\u4f5c\uff01\u4e0a\u5343\u4ef6\u8ba9\u4f60\u773c\u82b1\u7f2d\u4e71\u4ee5\u732b\u4e3a\u4e3b\u9898\u7684\u827a\u672f\u4f5c\u54c1\uff0c\u6765\u81ea\u4e16\u754c\u5404\u5730\uff0c\u5c55\u793a\u4e86\u4e00\u4e2a\u6709\u70b9\u7075\u5f02\u3001\u795e\u79d8\u53c8\u8d35\u6c14\u7684\u201c\u732b\u7684\u6587\u5316\u4e16\u754c\u201d\u3002", "address": "Herengracht 497, 1017 BT Amsterdam, NH "}');
INSERT INTO "city_picture" VALUES('a3fa9a30-1f52-11e2-bd3f-e4ce8f4b5244','mao-nei-ge-mei-zhu-guan_1.jpg','/static/media/uploads/amsterdam/mao-nei-ge-mei-zhu-guan_1.jpg','','a3f9af94-1f52-11e2-a49f-e4ce8f4b5244','2012-10-26 09:50:57.341333+00:00');
INSERT INTO "city_picture" VALUES('a44ce45c-1f52-11e2-ac53-e4ce8f4b5244','mao-nei-ge-mei-zhu-guan_2.jpg','/static/media/uploads/amsterdam/mao-nei-ge-mei-zhu-guan_2.jpg','','a3f9af94-1f52-11e2-a49f-e4ce8f4b5244','2012-10-26 09:50:57.880529+00:00');
INSERT INTO "city_picture" VALUES('a4982f02-1f52-11e2-9382-e4ce8f4b5244','mao-nei-ge-mei-zhu-guan_3.jpg','/static/media/uploads/amsterdam/mao-nei-ge-mei-zhu-guan_3.jpg','','a3f9af94-1f52-11e2-a49f-e4ce8f4b5244','2012-10-26 09:50:58.373952+00:00');
INSERT INTO "city_place" VALUES('a4b4c57a-1f52-11e2-a1cf-e4ce8f4b5244','自动乐器博物馆','National Museum From Musical Clock to Street Organ',1,6,'5.119026','52.090944','自动发声的钢琴可不只是电影中的特效，在这个像施了魔法的博物馆里就能找到它。',3,'{"website": "www.museumspeelklok.nl", "ticketInfo": "\u6210\u4eba9.5\u6b27,4-12\u5c815.5\u6b27\uff1b\u4e0e\u5706\u9876\u6559\u5802\u949f\u697c\u8054\u7968 \u6210\u4eba13.5\u6b27,4\u201412\u5c817.5\u6b27\uff08\u542b\u5bfc\u6e38,\u6bcf\u5929\u6574\u70b9\u5f00\u59cb\uff09", "openTime": "\u5468\u4e8c\u81f3\u5468\u65e5 10:00-17\uff1a00##\u5b66\u6821\u5047\u671f\u65f6\u5468\u4e00\u4e5f\u5f00\u653e##1\u67081\u65e5\u30014\u670830\u65e5\u300112\u670825\u65e5\u95ed\u9986", "phoneNumber": "+31-302312789", "description": "\u9986\u5185\u9648\u5217\u81ea18\u4e16\u7eaa\u4ee5\u6765\u7684\u5404\u79cd\u81ea\u52a8\u4e50\u5668\u85cf\u54c1\uff0c\u62e5\u6709\u4e16\u754c\u4e0a\u6700\u5927\u91cf\u6700\u7cbe\u7f8e\u7684\u81ea\u52a8\u4e50\u5668\u85cf\u54c1\u3002\u5404\u5f0f\u7684\u516b\u97f3\u76d2\u3001\u81ea\u9e23\u7434\u3001\u624b\u6447\u98ce\u7434\u3001\u7ba1\u98ce\u7434\u3001\u4f1a\u81ea\u52a8\u5f39\u594f\u7684\u94a2\u7434\uff0c\u4ee5\u53ca\u8377\u5170\u7279\u6709\u7684\u8857\u5934\u98ce\u7434\uff0c\u5e94\u6709\u5c3d\u6709\u3002\u5bfc\u6e38\u4f1a\u5bf9\u5404\u79cd\u4e50\u5668\u8fdb\u884c\u6f14\u793a\uff0c\u4ece\u7b80\u5355\u7684\u97f3\u4e50\u76d2\u5230\u6728\u5076\u548c\u7740\u97f3\u4e50\u6572\u6572\u949f\u6253\u6253\u9f13\uff0c\u5e9e\u5927\u590d\u6742\u7684\u7ba1\u5f26\u4e50\u6d0b\u6ea2\u5728\u7a7a\u6c14\u4e2d\uff0c\u6e38\u4e50\u573a\u98ce\u7434\u5236\u9020\u7740\u6b22\u4e50\u7684\u97f3\u4e50\u3002", "address": "Steenweg 63511 JP Ustrecht"}');
INSERT INTO "city_picture" VALUES('a4b5e1ab-1f52-11e2-aae7-e4ce8f4b5244','zi-dong-le-qi-bo-wu-guan_1.jpg','/static/media/uploads/amsterdam/zi-dong-le-qi-bo-wu-guan_1.jpg','','a4b4c57a-1f52-11e2-a1cf-e4ce8f4b5244','2012-10-26 09:50:58.567782+00:00');
INSERT INTO "city_picture" VALUES('a501d4b5-1f52-11e2-97dc-e4ce8f4b5244','zi-dong-le-qi-bo-wu-guan_2.jpg','/static/media/uploads/amsterdam/zi-dong-le-qi-bo-wu-guan_2.jpg','','a4b4c57a-1f52-11e2-a1cf-e4ce8f4b5244','2012-10-26 09:50:59.066148+00:00');
INSERT INTO "city_place" VALUES('a54f8791-1f52-11e2-9e75-e4ce8f4b5244','米菲兔之家','Dick Bruna Huis',1,6,'5.125827','52.084134','简单的色彩描绘简单的故事，令人感到温暖和美好，说不定路上还能碰到可爱的米菲爸爸。',3,'{"website": "www.dickbrunahuis.nl", "ticketInfo": "\u6210\u4eba9\u6b27,13-17\u5c814\u6b27,12\u5c81\u4ee5\u4e0b\u514d\u8d39,10\u4eba\u53ca\u4ee5\u4e0a7.5\u6b27(\u540c\u4e2d\u592e\u535a\u7269\u9986\u95e8\u7968\uff09", "openTime": "\u5468\u4e8c-\u5468\u65e510:00-17:00\uff1b1\u67081\u65e5\u30014\u670830\u65e5\u300112\u670825\u65e5\u53ca\u5468\u4e00\u4f11\u606f", "description": "\u7c73\u83f2\u7684\u8377\u5170\u8bed\u201cNijntje\u201d\u662f\u5c0f\u5154\u5b50\u7684\u610f\u601d\u3002\u7ecf\u5178\u7684\u5c0fX\u5634\u7c73\u83f2\u5154\u7684\u201c\u7238\u7238\u201d\u8fea\u514b\u2022\u5e03\u9c81\u7eb3\u73b0\u5e7480\u591a\u5c81\uff0c\u662f\u552f\u4e00\u5065\u5728\u7684\u8457\u540d\u5361\u901a\u5f62\u8c61\u8bbe\u8ba1\u8005\u3002\u7c73\u83f2\u4e4b\u5bb6\u5c55\u793a\u4e86\u7c73\u83f2\u4ece1955\u5e74\u81f3\u4eca\u7684\u6210\u957f\u5386\u7a0b\uff1a\u7c73\u83f2\u7684\u6545\u4e8b\u3001\u4e0a\u9762\u672c\u7c73\u83f2\u7684\u56fe\u4e66\u3001\u6d77\u62a5\u3001\u90ae\u7968\u2026\u73b0\u5728\uff0c\u4ed6\u6bcf\u5929\u8fd8\u5728\u5e02\u4e2d\u5fc3\u7684\u5de5\u4f5c\u5ba4\u4e3a\u5c0f\u670b\u53cb\u4eec\u521b\u4f5c\u6545\u4e8b\u4e66\uff0c\u5728\u4e4c\u7279\u52d2\u652f\u5f88\u53ef\u80fd\u4f1a\u770b\u5230\u9a91\u8f66\u800c\u8fc7\u3001\u6216\u8005\u5728\u4e0e\u5c0f\u670b\u53cb\u804a\u5929\u7684\u8fea\u514b\u3002", "address": "Agnietenstraat 2\n3512 Binnenstad,netherlands", "tips": "\u5728\u4e4c\u7279\u52d2\u652f\u968f\u5904\u53ef\u89c1\u8fd9\u4f4d\u6700\u8457\u540d\u5c45\u6c11\u7684\u8eab\u5f71,\u7c73\u83f2\u5154\u5e7f\u573a\u3001\u7c73\u83f2\u5154\u96d5\u5851\u3001\u751a\u81f3\u7c73\u83f2\u5154\u7ea2\u7eff\u706f..\u7c73\u83f2\u7c89\u5feb\u53bb\u5bfb\u627e\u5427\uff01"}');
INSERT INTO "city_picture" VALUES('a55090f5-1f52-11e2-b16d-e4ce8f4b5244','mi-fei-tu-zhi-jia_1.jpg','/static/media/uploads/amsterdam/mi-fei-tu-zhi-jia_1.jpg','','a54f8791-1f52-11e2-9e75-e4ce8f4b5244','2012-10-26 09:50:59.581924+00:00');
INSERT INTO "city_picture" VALUES('a59e776b-1f52-11e2-a7ee-e4ce8f4b5244','mi-fei-tu-zhi-jia_2.jpg','/static/media/uploads/amsterdam/mi-fei-tu-zhi-jia_2.jpg','','a54f8791-1f52-11e2-9e75-e4ce8f4b5244','2012-10-26 09:51:00.092835+00:00');
INSERT INTO "city_picture" VALUES('a5b78c8c-1f52-11e2-89c4-e4ce8f4b5244','mi-fei-tu-zhi-jia_3.jpg','/static/media/uploads/amsterdam/mi-fei-tu-zhi-jia_3.jpg','','a54f8791-1f52-11e2-9e75-e4ce8f4b5244','2012-10-26 09:51:00.257347+00:00');
INSERT INTO "city_place" VALUES('a5f7fa07-1f52-11e2-bfa9-e4ce8f4b5244','特罗朋博物馆','Tropen museum',1,6,'4.923671','52.36219','博物馆内壮观的礼堂不仅避开了传统博物馆的展示和内容，还避开了拥挤的游客群，赶快奔向它！',3,'{"website": "www.tropenmuseum.nl", "ticketInfo": "\u6210\u4eba(13\u5c81\u4ee5\u4e0a)\uff1a10\u6b27,4-12\u5c81\uff1a6\u6b27,\u5b66\u751f\uff1a6\u6b27", "openTime": "\u5468\u4e8c\u81f3\u5468\u65e5 10:00-17:00##12\u670824\u65e5,12\u670831\u65e5 10:00-15:00##1\u67081\u65e5,4\u670830\u65e5,5\u67085\u65e5,12\u670825\u65e5\u5173\u95ed ", "phoneNumber": "+31-205688200", "description": "\u4f5c\u4e3a\u963f\u59c6\u65af\u7279\u4e39\u6700\u5927\u7684\u535a\u7269\u9986\u4e4b\u4e00\u7684\u7279\u7f57\u670b\u535a\u7269\u9986\u5efa\u4e8e1864\u5e74\uff0c\u662f\u4e2a\u53e4\u4eba\u7c7b\u5b66\u535a\u7269\u9986\u3002\u5b83\u67098\u7ec4\u5e38\u89c4\u5c55\u89c8\uff0c\u5e76\u4e0d\u5b9a\u65f6\u4e3e\u529e\u4e34\u65f6\u5c55\u89c8\u3002\u8be5\u9986\u5185\u5c55\u54c1\u88ab\u6536\u7eb3\u5728\u603b\u5171\u4e09\u5c42\u7684\u753b\u5eca\u91cc, \u753b\u5eca\u7531\u8bb8\u591a\u5927\u5385\u7ec4\u6210\uff0c\u8fd8\u6709\u89c6\u9891\u548c\u97f3\u9891\u7684\u6f14\u793a, \u5c55\u793a\u4e86\u4e16\u754c\u70ed\u5e26\u533a\u57df\u7684\u5404\u4e2a\u65b9\u9762\u3002\u90a3\u91cc\u7684\u5c55\u54c1\u548c\u6574\u4e2a\u5efa\u7b51\u7684\u8bbe\u8ba1,\u90fd\u8fdc\u8fdc\u8d85\u8fc7\u4e86\u53e6\u5916\u4e00\u4e9b\u4f20\u7edf\u535a\u7269\u9986\u3002", "address": "Linnaeusstraat 2,Amsterdam\u00a01092 CK,Netherlands", "tips": "\u5c55\u9986\u6bd4\u8d77\u5176\u4ed6\u666f\u70b9\u6765\u8bf4\u4eba\u4f1a\u6bd4\u8f83\u5c11\u4e00\u4e9b,\u66f4\u52a0\u4f11\u95f2,\u5b89\u5b81,\u5f3a\u70c8\u63a8\u8350\u8fd9\u91cc!"}');
INSERT INTO "city_picture" VALUES('a5f90d75-1f52-11e2-88b3-e4ce8f4b5244','te-luo-peng-bo-wu-guan_1.jpg','/static/media/uploads/amsterdam/te-luo-peng-bo-wu-guan_1.jpg','','a5f7fa07-1f52-11e2-bfa9-e4ce8f4b5244','2012-10-26 09:51:00.685577+00:00');
INSERT INTO "city_picture" VALUES('a63ef2f8-1f52-11e2-8058-e4ce8f4b5244','te-luo-peng-bo-wu-guan_2.jpg','/static/media/uploads/amsterdam/te-luo-peng-bo-wu-guan_2.jpg','','a5f7fa07-1f52-11e2-bfa9-e4ce8f4b5244','2012-10-26 09:51:01.144610+00:00');
INSERT INTO "city_picture" VALUES('a681c7a6-1f52-11e2-a304-e4ce8f4b5244','te-luo-peng-bo-wu-guan_3.jpg','/static/media/uploads/amsterdam/te-luo-peng-bo-wu-guan_3.jpg','','a5f7fa07-1f52-11e2-bfa9-e4ce8f4b5244','2012-10-26 09:51:01.582382+00:00');
INSERT INTO "city_picture" VALUES('a6c6cb8a-1f52-11e2-9ba5-e4ce8f4b5244','te-luo-peng-bo-wu-guan_4.jpg','/static/media/uploads/amsterdam/te-luo-peng-bo-wu-guan_4.jpg','','a5f7fa07-1f52-11e2-bfa9-e4ce8f4b5244','2012-10-26 09:51:02.034950+00:00');
INSERT INTO "city_place" VALUES('a711d435-1f52-11e2-9745-e4ce8f4b5244','阿姆斯特丹历史博物馆','Amsterdams Historisch Museum',1,6,'4.891148','52.370438','市民数百年的生活原貌，千奇百怪的文物与艺术，有趣的视频与表演，告诉你如何成就了灿烂辉煌的阿姆。',3,'{"website": "www.ahm.nl", "ticketInfo": "10\u6b27##5-18\u5c81\uff1a5\u6b27##5\u5c81\u4ee5\u4e0b\uff1a\u514d\u8d39", "openTime": "10:00-17:00\u00a0##12\u67085\u65e5,24\u65e5,31\u65e5 10:00-16:00\u00a0##1\u67081\u65e5,4\u670830\u65e5,12\u670825\u65e5 \u5173\u95ed\u00a0", "phoneNumber": "+31-205231822", "description": "\u963f\u59c6\u65af\u7279\u4e39\u5386\u53f2\u535a\u7269\u9986\u4f4d\u524d\u8eab\u662f\u4fee\u9053\u9662\u548c\u5b64\u513f\u9662\uff0c\u5efa\u4e8e15\u4e16\u7eaa\uff0c\u76f4\u81f3\u897f\u51431975\u5e74\u6539\u5efa\u4e3a\u535a\u7269\u9986\u3002\u9986\u5185\u5c55\u793a\u4e86\u8377\u5170\u963f\u59c6\u65af\u7279\u4e3913\u4e16\u7eaa\u4ee5\u540e\u7684\u7ed8\u753b\u3001\u6a21\u578b\u3001\u624b\u7a3f\u548c\u6587\u7269\u7b49\u5386\u53f2\u73cd\u54c1\uff0c\u5e76\u4fdd\u5b58\u7740\u66fe\u62d3\u5c55\u5230\u53f0\u6e7e\u7684\u8377\u5170\u4e1c\u5370\u5ea6\u516c\u53f8\u7684\u5386\u53f2\u7eaa\u5f55\u3002\u5728\u5723\u7075\u897f\u4e9a\u4fee\u9053\u9662\u56de\u5eca\u6709\u4f17\u591a\u4ece\u8fd0\u6cb3\u53e4\u8001\u7684\u5b85\u7b2c\u5c71\u5f62\u5c4b\u4e0a\u95f4\u6963\u6d6e\u96d5\uff0c\u4e30\u5bcc\u6709\u8da3\u3002\u535a\u7269\u9986\u8fd8\u4ee5\u4e92\u52a8\u7684\u591a\u5a92\u4f53\u5f71\u97f3\u65b9\u5f0f\u5448\u73b0\u8377\u5170\u963f\u59c6\u65af\u7279\u4e39\u7684\u5386\u53f2\u53d1\u5c55\uff0c\u4e0d\u4ec5\u6709\u8da3\u4e14\u6df1\u5177\u6559\u80b2\u610f\u4e49\u3002", "address": "Gedempte Begijnensloot 5 1012 Amsterdam"}');
INSERT INTO "city_picture" VALUES('a712c6d1-1f52-11e2-bd95-e4ce8f4b5244','a-mu-si-te-dan-li-shi-bo-wu-guan_1.jpg','/static/media/uploads/amsterdam/a-mu-si-te-dan-li-shi-bo-wu-guan_1.jpg','','a711d435-1f52-11e2-9745-e4ce8f4b5244','2012-10-26 09:51:02.532313+00:00');
INSERT INTO "city_picture" VALUES('a756c000-1f52-11e2-b4ef-e4ce8f4b5244','a-mu-si-te-dan-li-shi-bo-wu-guan_2.jpg','/static/media/uploads/amsterdam/a-mu-si-te-dan-li-shi-bo-wu-guan_2.jpg','','a711d435-1f52-11e2-9745-e4ce8f4b5244','2012-10-26 09:51:02.977402+00:00');
INSERT INTO "city_picture" VALUES('a7969bd9-1f52-11e2-bd00-e4ce8f4b5244','a-mu-si-te-dan-li-shi-bo-wu-guan_3.jpg','/static/media/uploads/amsterdam/a-mu-si-te-dan-li-shi-bo-wu-guan_3.jpg','','a711d435-1f52-11e2-9745-e4ce8f4b5244','2012-10-26 09:51:03.396864+00:00');
INSERT INTO "city_place" VALUES('a7e4f0dc-1f52-11e2-9341-e4ce8f4b5244','阿姆斯特丹钻石博物馆','Diamond Museum Amsterdam',1,6,'4.882551','52.359387','这有“石头变美钻”的成长史，有顶级钻石的璀璨奢华秀，还有皇室王冠钻石的齐亮相！',2,'{"website": "www.diamantmuseum.nl", "ticketInfo": "\u6210\u4eba\uff1a7.5\u6b27 \u513f\u7ae5\uff1a5\u6b27", "tips": "\u77e5\u8bc6\u666e\u53ca\uff1a\u94bb\u77f3\u91cd\u91cf\u4ee5\u514b\u62c9\u8868\u793a,1\u514b\u62c9\u7b49\u4e8e0.2\u514b\u30021\u514b\u62c9\u7b49\u4e8e100\u5206\u3002\u94bb\u77f3\u7684\u4ef7\u683c\u968f\u91cd\u91cf\u4e0d\u540c\u800c\u5448\u629b\u7269\u7ebf\u589e\u957f,\u8d8a\u91cd\u7684\u94bb\u77f3\u4ef7\u683c\u8d8a\u9ad8,\u8d8a\u4fdd\u503c\u3002\u94bb\u77f3\u4ee5\u767d\u4e3a\u8d35,\u6781\u54c1\u767d\u8272\u94bb\u77f3\u79f0\u4e4b\u4e3a\u201c\u6d77\u6c34\u84dd\u201d\u3002\u5168\u4e16\u754c\u7684\u5e74\u4ea7\u91cf\u4e0d\u52301%\u3002\u94bb\u77f3\u7684\u7455\u75b5\u4f7f\u752810\u500d\u653e\u5927\u955c\u624d\u80fd\u89c2\u5bdf\u5230,\u4e00\u822c\u7eaf\u51c0\u5ea6\u5728SI\u4ee5\u4e0a\u7684\u5373\u53ef\u8bf4\u662f\u597d\u94bb\u77f3\u3002", "description": "\u963f\u59c6\u65af\u7279\u4e39\u4f5c\u4e3a\u4e16\u754c\u4e09\u5927\u94bb\u77f3\u4e4b\u90fd\u4e4b\u4e00\uff0c\u94bb\u77f3\u7684\u4ea4\u6613\u548c\u4e70\u5356\u5df2\u6709400\u591a\u5e74\u7684\u5386\u53f2\uff0c\u636e\u8bf4\u7ef4\u591a\u5229\u4e9a\u5973\u738b\u7687\u51a0\u4e0a\u7684\u94bb\u77f3\u4fbf\u662f\u5728\u8fd9\u91cc\u5207\u5272\u6253\u78e8\u51fa\u6765\u7684\u3002\u94bb\u77f3\u535a\u7269\u9986\u5c55\u793a\u4e86\u4ece3\u4ebf\u5e74\u524d\u94bb\u77f3\u57cb\u85cf\u5728\u5730\u7403\u8868\u9762\u4e0b200\u516c\u91cc\uff0c\u76f4\u5230\u8fd1\u4ee3400\u5e74\u6765\u94bb\u77f3\u7684\u5386\u53f2\u80cc\u666f\uff0c\u8fd8\u6709\u5f71\u7247\u64ad\u653e\u94bb\u77f3\u5982\u4f55\u5207\u5272\u3001\u6253\u78e8\u548c\u629b\u5149\u3001\u51b3\u5b9a\u94bb\u77f3\u4ef7\u503c\u76844C\u3002\u9664\u6b64\u4e4b\u5916\uff0c\u8fd8\u6709\u82e5\u5e72\u72ec\u7279\u7684\u4e3b\u9898\uff0c\u4ee5\u53ca\u4e16\u754c\u7687\u5ba4\u73cd\u8d35\u7684\u738b\u51a0\u590d\u5236\u54c1\u548c\u4e16\u754c\u6700\u6709\u4ef7\u503c\u7684\u94bb\u77f3\u7684\u590d\u5236\u54c1\u3002\u5f53\u7136\uff0c\u8fd8\u6709\u771f\u6b63\u7684\u94bb\u77f3\u3002", "address": "Paulus Potterstraat 8 1071 Amsterdam, The Netherlands"}');
INSERT INTO "city_picture" VALUES('a7e5f78c-1f52-11e2-9c4f-e4ce8f4b5244','a-mu-si-te-dan-zuan-shi-bo-wu-guan_1.jpg','/static/media/uploads/amsterdam/a-mu-si-te-dan-zuan-shi-bo-wu-guan_1.jpg','','a7e4f0dc-1f52-11e2-9341-e4ce8f4b5244','2012-10-26 09:51:03.916457+00:00');
INSERT INTO "city_picture" VALUES('a7ffbbb0-1f52-11e2-985f-e4ce8f4b5244','a-mu-si-te-dan-zuan-shi-bo-wu-guan_2.jpg','/static/media/uploads/amsterdam/a-mu-si-te-dan-zuan-shi-bo-wu-guan_2.jpg','','a7e4f0dc-1f52-11e2-9341-e4ce8f4b5244','2012-10-26 09:51:04.085576+00:00');
INSERT INTO "city_picture" VALUES('a849d1c7-1f52-11e2-89b2-e4ce8f4b5244','a-mu-si-te-dan-zuan-shi-bo-wu-guan_3.jpg','/static/media/uploads/amsterdam/a-mu-si-te-dan-zuan-shi-bo-wu-guan_3.jpg','','a7e4f0dc-1f52-11e2-9341-e4ce8f4b5244','2012-10-26 09:51:04.571380+00:00');
INSERT INTO "city_picture" VALUES('a8638866-1f52-11e2-aff6-e4ce8f4b5244','a-mu-si-te-dan-zuan-shi-bo-wu-guan_4.jpg','/static/media/uploads/amsterdam/a-mu-si-te-dan-zuan-shi-bo-wu-guan_4.jpg','','a7e4f0dc-1f52-11e2-9341-e4ce8f4b5244','2012-10-26 09:51:04.739880+00:00');
INSERT INTO "city_place" VALUES('a8ade18f-1f52-11e2-afb7-e4ce8f4b5244','阿贾克斯博物馆（足球）','The Ajax Museum',8,6,'4.940647','52.314185','它是足球的殿堂，巨星的摇篮，荷兰的文化名片。',2,'{"website": "www.ajaxmuseum.nl", "ticketInfo": "\u6210\u4eba17.5\u6b27,4-12\u5c8112.5\u6b27", "openTime": "3\u670822\u65e5-11\u67084\u65e5 \u5468\u4e00\u81f3\u5468\u65e5 11:00-19:00##11\u67085\u65e5-3\u670821\u65e5 \u5468\u4e8c\u81f3\u5468\u65e511:00-18:00##\u5982\u6709\u6bd4\u8d5b,\u505c\u6b62\u53c2\u89c2\u3002", "description": "\u8377\u5170\u9996\u90fd\u662f\u4e2a\u827a\u672f\u7684\u6bbf\u5802\uff0c\u963f\u59c6\u65af\u7279\u4e39\u7684\u8db3\u7403\uff0c\u540c\u6837\u4e5f\u6709\u5ea7\u6bbf\u5802\u3002\u963f\u8d3e\u514b\u65af\u535a\u7269\u9986\u7531 Sid Lee Architecture \u548c GSM Projct \u5171\u540c\u8bbe\u8ba1\u3002\u76ee\u7684\u662f\u8ba9\u7403\u8ff7\u548c\u6e38\u5ba2\u66f4\u597d\u5730\u4e86\u89e3\u963f\u8d3e\u514b\u65af\u7684\u54f2\u5b66\u548c\u5176\u8db3\u7403\u6587\u5316\u3002\u9986\u5185\u6536\u85cf\u7740\u963f\u8d3e\u514b\u65af\u8db3\u7403\u4ff1\u4e50\u90e8\u6240\u6709\u7684\u8363\u8a89\u5956\u7ae0\u548c\u5386\u53f2\u610f\u4e49\u7684\u7167\u7247\uff0c\u5411\u89c2\u8005\u5448\u73b0\u4e86\u4e00\u4e2a\u963f\u8d3e\u514b\u65af\u4f5c\u4e3a\u53f2\u4e0a\u53d7\u4eba\u5c0a\u656c\u7684\u8db3\u7403\u961f\u7684\u5386\u53f2\u6210\u957f\u4e4b\u8def\u3002", "address": "Arena Boulevard 29,1101 AX Amesterdam Zuidoost", "tips": "\u53c2\u89c2\u4e5f\u5305\u62ec\u4e86\u53c2\u89c2\u4ff1\u4e50\u90e8\u6bd4\u8d5b\u573a\u3002##\u91cc\u9762\u6700\u597d\u73a9\u7684\u662f\u53ef\u4ee5\u5c1d\u8bd5\u8e22\u7403\u6d4b\u529b\u91cf\u548c\u51c6\u5ea6,\u53e6\u5916\u6570\u5b57\u535a\u7269\u9986\u5185\u6709\u7ed3\u5408\u771f\u5b9e\u548c\u865a\u62df\u7684\u201c\u8bad\u7ec3\u573a\u5730\u201d\u3001\u89e6\u6478\u684c\u3001\u4ea4\u4e92\u5f0f\u5c4f\u5e55\u548c\u66f4\u8863\u5ba4,\u66f4\u8863\u5ba4\u5185\u8fd8\u6709\u771f\u4eba\u5927\u5c0f\u7684\u6570\u5b57\u6559\u7ec3\u5728\u53d1\u8868\u6fc0\u52b1\u6f14\u8bb2\u3002"}');
INSERT INTO "city_place" VALUES('a8af7e4c-1f52-11e2-b5da-e4ce8f4b5244','梅斯达赫全景画博物馆','Panorama Mesdag',1,6,'4.302153','52.086033','“梅斯达格全景画是我一生中最美的回忆。它仅有的一点小瑕疵就是它的完美无缺。”——梵高',3,'{"website": "www.panorama-mesdag.com", "ticketInfo": "\u6210\u4eba7\u6b27,3-12\u5c813.5\u6b27,10\u4eba\u4ee5\u4e0a\u56e2\u4f53\u4ef75.5\u6b27", "openTime": "\u5468\u4e00\u81f3\u5468\u516d10:00-17:00,\u5468\u65e5\u53ca\u5047\u65e512:00-17:00", "description": "\u7ecf\u8fc7\u72ed\u7a84\u9ed1\u6697\u7684\u901a\u9053\uff0c\u722c\u4e0a\u65cb\u8f6c\u697c\u68af\uff0c\u4e00\u5e45\u957f\u8fbe120\u7c73\u9ad814\u7c73\u7684360\u5ea6\u5199\u5b9e\u6cb9\u753b\u9aa4\u7136\u5c55\u73b0\u5728\u9762\u524d\uff0c\u4e09\u767e\u516d\u5341\u5ea6\u5305\u56f4\u7740\u4f60\uff0c\u8ba9\u4f60\u653e\u4f5b\u56de\u5230\u4e861881\u5e74\u7684\u5e2d\u5b81\u51e1\u6839\u3002\u8fd9\u662f\u6d77\u7259\u753b\u6d3e\u8457\u540d\u753b\u5bb6\u6885\u65af\u8fbe\u683c\u6240\u548c\u5176\u4ed6\u753b\u5bb6\u5171\u540c\u63cf\u7ed8\u768419\u4e16\u7eaa80\u5e74\u4ee3\u5317\u6d77\u8fb9\u4e0a\u7684\u5e2d\u51e1\u5b81\u6839\u6d77\u6ee8\u3001\u6c99\u4e18\u548c\u6751\u5e84\u7f8e\u666f\u3002\u4f5c\u4e3a\u4e16\u754c\u4e0a\u6700\u53e4\u8001\u768419\u4e16\u7eaa\u5168\u666f\u753b\uff0c\u6885\u65af\u8fbe\u683c\u5168\u666f\u753b\u662f\u72ec\u4e00\u65e0\u4e8c\u7684\u6587\u5316\u9057\u4ea7\u3002", "address": "Zeestraat 65,2518 AA Den Haag"}');
INSERT INTO "city_picture" VALUES('a8b06ee1-1f52-11e2-8bb7-e4ce8f4b5244','mei-si-da-he-quan-jing-hua-bo-wu-guan_1.jpg','/static/media/uploads/amsterdam/mei-si-da-he-quan-jing-hua-bo-wu-guan_1.jpg','','a8af7e4c-1f52-11e2-b5da-e4ce8f4b5244','2012-10-26 09:51:05.243823+00:00');
INSERT INTO "city_picture" VALUES('a8f640a1-1f52-11e2-be1e-e4ce8f4b5244','mei-si-da-he-quan-jing-hua-bo-wu-guan_2.jpg','/static/media/uploads/amsterdam/mei-si-da-he-quan-jing-hua-bo-wu-guan_2.jpg','','a8af7e4c-1f52-11e2-b5da-e4ce8f4b5244','2012-10-26 09:51:05.700947+00:00');
INSERT INTO "city_picture" VALUES('a9107178-1f52-11e2-ba62-e4ce8f4b5244','mei-si-da-he-quan-jing-hua-bo-wu-guan_3.jpg','/static/media/uploads/amsterdam/mei-si-da-he-quan-jing-hua-bo-wu-guan_3.jpg','','a8af7e4c-1f52-11e2-b5da-e4ce8f4b5244','2012-10-26 09:51:05.873013+00:00');
INSERT INTO "city_picture" VALUES('a92a694a-1f52-11e2-b3cb-e4ce8f4b5244','mei-si-da-he-quan-jing-hua-bo-wu-guan_4.jpg','/static/media/uploads/amsterdam/mei-si-da-he-quan-jing-hua-bo-wu-guan_4.jpg','','a8af7e4c-1f52-11e2-b5da-e4ce8f4b5244','2012-10-26 09:51:06.043147+00:00');
INSERT INTO "city_place" VALUES('a97416ee-1f52-11e2-81b3-e4ce8f4b5244','阿姆斯特丹运河带','Canals',1,6,'4.893400','52.367258','乘坐玻璃船缓缓经过古老的运河屋，伴着游船的汽笛和潺潺流水声，水上的阿姆斯特丹如莲花绽放。',12,'{"website": "www.canal.nl", "tips": "1.\u8fd0\u6cb3\u5c319\u5927\u5fc5\u6e38\u666f\u70b9\uff1a\u6c34\u95f8\u3001\u9ec4\u91d1\u5f2f\u3001\u4e03\u5ea7\u6865\u3001\u9a6c\u6d77\u4e3d\u540a\u6865\u3001\u8499\u7279\u5c14\u73ed\u65af\u5854\u3001\u8001\u6e2f\u53e3\u3001\u6d77\u6d0b\u535a\u7269\u9986\u3001\u201c\u963f\u59c6\u65af\u7279\u4e39\u201d\u53f7\u3001\u4e2d\u592e\u706b\u8f66\u7ad9\u3001\u5317\u6d77\u8fd0\u6cb3\u3002##2.\u6cb3\u9053\u4e24\u65c1\u662f\u8377\u5170\u4f20\u7edf\u6c11\u5c45,\u7279\u70b9\u662f\u623f\u5b50\u6b63\u9762\u548c\u7a97\u6237\u90fd\u662f\u7ec6\u957f\u7684##\u30023.\u6cb3\u5cb8\u4e0d\u9ad8,\u5982\u679c\u613f\u610f\u7684\u8bdd,\u548c\u5cb8\u4e0a\u7684\u4eba\u63e1\u4e2a\u624b\u4e5f\u4e0d\u9519\u3002", "description": "\u5df2\u5217\u5165\u4e16\u754c\u6587\u5316\u9057\u4ea7\u7684\u963f\u59c6\u65af\u7279\u4e39\u8fd0\u6cb3\u5e26\u662f\u6574\u4e2a\u57ce\u5e02\u7684\u201c\u9aa8\u67b6\u201d\uff0c\u6cb3\u7f51\u4ea4\u7ec7\uff0c\u57ce\u5e02\u8f6e\u5ed3\u4f9d\u6cb3\u800c\u5b9a\u3002\u8fd9\u4e9b\u8fd0\u6cb3\u591a\u6570\u5f00\u51ff\u4e8e\u8377\u5170\u7684\u201c\u9ec4\u91d1\u65f6\u4ee3\u201d\uff0c\u5171\u6709\u5927\u5c0f165\u6761\u6cb3\u9053\uff0c\u6cb3\u9053\u4e0a\u6709\u4e24\u5343\u591a\u5bb6\u8fd0\u6cb3\u5c4b\u3002\u73b0\u5728\uff0c\u8fd9\u91cc165\u6761\u8fd0\u6cb3\u300190\u4e2a\u5c0f\u5c9b\u30011281\u5ea7\u6865\u6881\uff0c\u8fd0\u6cb3\u6570\u91cf\u8d85\u8fc7\u5a01\u5c3c\u65af\uff0c\u6865\u6881\u6570\u91cf\u8d85\u8fc7\u5df4\u9ece\uff0c\u4f7f\u5b83\u4eab\u6709\u201c\u5317\u65b9\u5a01\u5c3c\u65af\u201d\u4e4b\u79f0\u3002", "arriveMethod": "\u4e2d\u592e\u706b\u8f66\u7ad9\u6b65\u884c5-10\u5206\u949f", "address": "Muntplein, Amsterdam 1012 The Netherlands"}');
INSERT INTO "city_picture" VALUES('a9753785-1f52-11e2-a9bd-e4ce8f4b5244','a-mu-si-te-dan-yun-he-dai_1.jpg','/static/media/uploads/amsterdam/a-mu-si-te-dan-yun-he-dai_1.jpg','','a97416ee-1f52-11e2-81b3-e4ce8f4b5244','2012-10-26 09:51:06.532574+00:00');
INSERT INTO "city_picture" VALUES('aa0a5ffa-1f52-11e2-9622-e4ce8f4b5244','a-mu-si-te-dan-yun-he-dai_2.jpg','/static/media/uploads/amsterdam/a-mu-si-te-dan-yun-he-dai_2.jpg','','a97416ee-1f52-11e2-81b3-e4ce8f4b5244','2012-10-26 09:51:07.510867+00:00');
INSERT INTO "city_picture" VALUES('aa427566-1f52-11e2-812f-e4ce8f4b5244','a-mu-si-te-dan-yun-he-dai_3.jpg','/static/media/uploads/amsterdam/a-mu-si-te-dan-yun-he-dai_3.jpg','','a97416ee-1f52-11e2-81b3-e4ce8f4b5244','2012-10-26 09:51:07.878612+00:00');
INSERT INTO "city_picture" VALUES('aa79e563-1f52-11e2-a31e-e4ce8f4b5244','a-mu-si-te-dan-yun-he-dai_4.jpg','/static/media/uploads/amsterdam/a-mu-si-te-dan-yun-he-dai_4.jpg','','a97416ee-1f52-11e2-81b3-e4ce8f4b5244','2012-10-26 09:51:08.241810+00:00');
INSERT INTO "city_picture" VALUES('ab0eee1e-1f52-11e2-b4f1-e4ce8f4b5244','a-mu-si-te-dan-yun-he-dai_5.jpg','/static/media/uploads/amsterdam/a-mu-si-te-dan-yun-he-dai_5.jpg','','a97416ee-1f52-11e2-81b3-e4ce8f4b5244','2012-10-26 09:51:09.218498+00:00');
INSERT INTO "city_place" VALUES('ab52a373-1f52-11e2-9d48-e4ce8f4b5244','玛格尔桥','Magere Brug',1,6,'4.902303','52.363543','它是这座水城中最简洁却久负盛名的木结构吊桥。彩灯浪漫的夜晚，带上ta做一回摄影师相片中的主角吧。',4,'{"openTime": "\u5168\u5929", "description": "1671\u5e74\uff0c\u4e00\u5ea7\u5c0f\u89c4\u6a21\u7684\u4eba\u884c\u6728\u6865\u7ae3\u5de5\u4e8e\u963f\u59c6\u65af\u7279\u5c14\u6cb3\u4e4b\u4e0a\u3002\u7531\u4e8e\u5b83\u7684\u5c0f\u89c4\u6a21\u5efa\u9020\uff0c\u8fd9\u5ea7\u6865\u88ab\u79f0\u4e3a\u201cChicken''s Bridge\u201d\uff0c\u540e\u53c8\u88ab\u53eb\u505a\u201cSkinny Bridge\u201d\u3002\u8fd9\u5ea7\u6865\u5206\u522b\u4e8e1871\u5e74\u548c1929\u5e74\u4e24\u6b21\u91cd\u5efa\uff0c\u4f46\u662f\u5b83\u8fd8\u662f\u6728\u5934\u5efa\u9020\uff0c\u5e76\u4e14\u4fdd\u6301\u201c\u82d7\u6761\u201d\u98ce\u683c\u3002\u5982\u4eca\u591c\u5e55\u964d\u4e34\u7684\u65f6\u5019\uff0c\u6574\u5ea7\u6865\u5c31\u4f1a\u4eae\u8d77\u6765\uff0c\u4e3a\u6f06\u9ed1\u4e2d\u7684\u963f\u59c6\u65af\u7279\u5c14\u6cb3\u589e\u6dfb\u4e86\u683c\u5916\u7684\u7f8e\u4e3d\u98ce\u60c5\u3002", "address": "Amstel 81, Amsterdam, NH 1018 EK Netherlands"}');
INSERT INTO "city_picture" VALUES('ab53b047-1f52-11e2-89f0-e4ce8f4b5244','ma-ge-er-qiao_1.jpg','/static/media/uploads/amsterdam/ma-ge-er-qiao_1.jpg','','ab52a373-1f52-11e2-9d48-e4ce8f4b5244','2012-10-26 09:51:09.669235+00:00');
INSERT INTO "city_picture" VALUES('ab6f8226-1f52-11e2-badb-e4ce8f4b5244','ma-ge-er-qiao_2.jpg','/static/media/uploads/amsterdam/ma-ge-er-qiao_2.jpg','','ab52a373-1f52-11e2-9d48-e4ce8f4b5244','2012-10-26 09:51:09.851549+00:00');
INSERT INTO "city_picture" VALUES('abb14bc0-1f52-11e2-b12c-e4ce8f4b5244','ma-ge-er-qiao_3.jpg','/static/media/uploads/amsterdam/ma-ge-er-qiao_3.jpg','','ab52a373-1f52-11e2-9d48-e4ce8f4b5244','2012-10-26 09:51:10.282673+00:00');
INSERT INTO "city_place" VALUES('abc8ee0f-1f52-11e2-84a1-e4ce8f4b5244','游船','Canal Bike',8,6,'4.887065','52.360840','不论乘什么船种，能在世界文化遗产运河带巡游，别提有多酷了！',12,'{"website": "www.canal.nl", "tips": "\u79d1\u666e\u8d34\uff1a\u963f\u59c6\u65af\u7279\u4e39\u7684\u5efa\u7b51\u98ce\u683c\u5341\u5206\u7edf\u4e00,\u57fa\u672c\u662f\u7ea2\u7816\u780c\u76844-5\u5c42\u9ad8\u7684\u516c\u5bd3,\u5b83\u4eec\u7684\u7a97\u5b50\u7855\u5927,\u95e8\u5374\u5f88\u72ed\u7a84\u3002\u8fd9\u662f\u56e0\u4e3a19\u4e16\u7eaa\u65f6\u8fd9\u513f\u5f81\u6536\u623f\u5c4b\u7a0e\u7684\u6807\u51c6\u65f6\u6839\u636e\u95e8\u7684\u5927\u5c0f\u51b3\u5b9a\u7a0e\u7684\u591a\u5c11,\u4e8e\u662f\u7cbe\u660e\u7684\u8377\u5170\u4eba\u628a\u7a97\u8d8a\u9020\u8d8a\u5927,\u95e8\u8d8a\u9020\u8d8a\u7a84\u3002\u8fd8\u6709\u4e2a\u65b9\u6cd5\u5c31\u662f\u5728\u5c4b\u9876\u5c71\u5f62\u5899\u4e0a\u88c5\u4e2a\u6302\u94a9\u6216\u8005\u6ed1\u8f6e,\u7528\u7ef3\u7d22\u628a\u5927\u7684\u5bb6\u5177\u5bb6\u7535\u540a\u81f3\u697c\u4e0a,\u901a\u8fc7\u5de8\u5927\u7684\u7a97\u5b50\u642c\u8fdb\u5c4b\u5185\u3002\u901a\u8fc7\u8fd9\u79cd\u65b9\u5f0f\u9020\u5c31\u4e86\u8fd9\u91cc\u72ec\u7279\u7684\u5efa\u7b51\u7279\u8272,\u867d\u7136\u73b0\u5728\u53d6\u6d88\u4e86\u8fd9\u79cd\u5f81\u7a0e\u65b9\u5f0f,\u4f46\u4eba\u4eec\u8fd8\u662f\u4e50\u610f\u7ee7\u627f\u8fd9\u79cd\u4f20\u7edf\u3002\u8fd8\u6709\u4e00\u4e2a\u539f\u56e0\u662f\u8377\u5170\u4eba\u559c\u6b22\u6652\u592a\u9633,\u8ba9\u5927\u7a97\u5b50\u63a5\u6536\u65e5\u5149\u6d74\u3002", "description": "\u963f\u59c6\u65af\u7279\u4e39\u662f\u8377\u5170\u7684\u7b2c\u4e8c\u5927\u6e2f\u53e3\uff0c\u6c34\u57df\u9762\u79ef\u5360171\u516c\u9877\uff0c\u536020%\u3002\u8981\u4e86\u89e3\u963f\u59c6\u65af\u7279\u4e39\uff0c\u9886\u7565\u6c34\u57ce\u98ce\u5149\uff0c\u4e58\u5750\u89c2\u5149\u6e38\u8239\u662f\u6700\u597d\u7684\u65b9\u5f0f\u3002\u6e38\u8239\u8def\u7ebf\u5927\u81f4\u76f8\u540c\uff0c\u6301\u7eed\u7ea61\u5c0f\u65f6\u5de6\u53f3\uff0c\u53ef\u4ee5\u628a\u963f\u59c6\u65af\u7279\u4e39\u7684\u4e3b\u8981\u666f\u70b9\u90fd\u6e38\u89c8\u904d\u3002\u5404\u7c7b\u6e38\u8239\u516c\u53f8\u5e38\u5e74\u63d0\u4f9b\u5404\u79cd\u7c7b\u578b\u7684\u8239\u53ea\u548c\u670d\u52a1\uff0c\u65e0\u8bba\u4f55\u65f6\u4f55\u5b63\u90fd\u4f1a\u662f\u7f8e\u597d\u7684\u4f53\u9a8c\u3002", "address": "Weteringschans 26-1, Amsterdam, NH 1017 SG Netherlands"}');
INSERT INTO "city_picture" VALUES('abca0a3d-1f52-11e2-b7fb-e4ce8f4b5244','you-chuan_1.jpg','/static/media/uploads/amsterdam/you-chuan_1.jpg','','abc8ee0f-1f52-11e2-84a1-e4ce8f4b5244','2012-10-26 09:51:10.444115+00:00');
INSERT INTO "city_picture" VALUES('ac0e7d51-1f52-11e2-8db3-e4ce8f4b5244','you-chuan_2.jpg','/static/media/uploads/amsterdam/you-chuan_2.jpg','','abc8ee0f-1f52-11e2-84a1-e4ce8f4b5244','2012-10-26 09:51:10.893089+00:00');
INSERT INTO "city_picture" VALUES('ac43f163-1f52-11e2-a601-e4ce8f4b5244','you-chuan_3.jpg','/static/media/uploads/amsterdam/you-chuan_3.jpg','','abc8ee0f-1f52-11e2-84a1-e4ce8f4b5244','2012-10-26 09:51:11.243680+00:00');
INSERT INTO "city_place" VALUES('ac87a359-1f52-11e2-a192-e4ce8f4b5244','小孩堤防风车村','Kinderdijk',1,6,'4.642307','51.892173','它是最让人熟知的荷兰脸，吱吱呀呀地吟唱着田园野趣的自然之美。',3,'{"website": "www.kinderdijk.nl", "ticketInfo": "\u6210\u4eba3.5\u6b27,6\u81f316\u5c81\u513f\u7ae52\u6b27(\u98ce\u8f66\u5185\u90e8,\u6211\u6ca1\u8fdb\u53bb\u770b,\u8d44\u672c\u6709\u9650)\uff1b\u6210\u4eba3\u6b27,4\u81f39\u5c81\u513f\u7ae52.5\n\u6b27,4\u5c81\u4ee5\u4e0b\u513f\u7ae5\u514d\u8d39(\u8fd0\u6cb3\u6e38\u8239\u670d\u52a1,\u6210\u4eba12.5\u6b27\n", "openTime": "\u56db\u6708\u81f3\u4e5d\u6708 \u5468\u4e8c\u81f3\u5468\u516d10\uff1a00-18:00(\u98ce\u8f66\u5185\u90e8)##\u4e94\u6708\u81f3\u4e5d\u6708,\u4e5f\u53ef\u4ee5\u4e58\u8239\u6e38\u89c8", "description": "\u5c0f\u5b69\u5824\u9632\u4f4d\u4e8e\u9e7f\u7279\u4e39\u5357\u976212\u516c\u91cc\u5904,\u81f3\u4eca\u4ecd\u4fdd\u5b58\u774019\u5ea7\u5efa\u4e8e1740\u5e74\u4ee3\u7684\u98ce\u8f66\uff0c\u662f\u6700\u96c6\u4e2d\u7684\u98ce\u8f66\u7fa4\u3002\u8fc7\u53bb\u8377\u5170\u6709\u8d85\u8fc71\u4e07\u5ea7\u98ce\u8f66\uff0c\u5982\u4eca\u4ecd\u5c79\u7acb\u7684\u4e0d\u52301000\u5ea7\uff0c\u591a\u6570\u5df2\u6210\u4e3a\u6c11\u5c45\u6216\u535a\u7269\u9986\u3002\u6bcf\u5f53\u4e03\u516b\u6708\u4efd\u7684\u5468\u516d\uff0c19\u5ea7\u98ce\u8f66\u4f1a\u4e00\u8d77\u8f6c\u52a8\uff0c\u58ee\u89c2\u7684\u666f\u8c61\u5982\u540c\u56de\u5230250\u5e74\u4ee5\u524d\u30021997\u5e74\u5c0f\u5b69\u5824\u9632\u98ce\u8f66\u7fa4\u88ab\u5217\u5165\u4e16\u754c\u9057\u4ea7\u540d\u5f55\u3002", "arriveMethod": "\u4ece\u9e7f\u7279\u4e39,\u5728\u4e2d\u592e\u706b\u8f66\u7ad9\u4e58\u5750\u7535\u8f66\u5230Zuidplein,\u7136\u540e\u518d\u8f6c\u4e58154\u53f7\u5df4\u58eb##\u4ece\u4e4c\u5fb7\u52d2\u652f,90\u53f7\u5df4\u58eb\u7ebf\u76f4\u8fbe", "address": "Middlebuurt 3819 AB Schokland", "tips": "\u5728\u6751\u53e3\u5c31\u53ef\u4ee5\u79df\u5355\u8f66,2\u4e2a\u5c0f\u65f62.5\u6b27\u3002"}');
INSERT INTO "city_picture" VALUES('ac88b25e-1f52-11e2-a489-e4ce8f4b5244','xiao-hai-di-fang-feng-che-cun_1.jpg','/static/media/uploads/amsterdam/xiao-hai-di-fang-feng-che-cun_1.jpg','','ac87a359-1f52-11e2-a192-e4ce8f4b5244','2012-10-26 09:51:11.694056+00:00');
INSERT INTO "city_picture" VALUES('acd35b42-1f52-11e2-b78e-e4ce8f4b5244','xiao-hai-di-fang-feng-che-cun_2.jpg','/static/media/uploads/amsterdam/xiao-hai-di-fang-feng-che-cun_2.jpg','','ac87a359-1f52-11e2-a192-e4ce8f4b5244','2012-10-26 09:51:12.182672+00:00');
INSERT INTO "city_picture" VALUES('ad113b7d-1f52-11e2-804c-e4ce8f4b5244','xiao-hai-di-fang-feng-che-cun_3.jpg','/static/media/uploads/amsterdam/xiao-hai-di-fang-feng-che-cun_3.jpg','','ac87a359-1f52-11e2-a192-e4ce8f4b5244','2012-10-26 09:51:12.589158+00:00');
INSERT INTO "city_place" VALUES('ad395563-1f52-11e2-b20c-e4ce8f4b5244','阿夫鲁戴克拦海大坝','Afsluitdijk',1,6,'5.034279','52.95443','一场灾难催化了荷兰人从国外搬石头，建造了这月球上可以看到的伟大建筑奇迹。',3,'{"website": "www.noord-holland.com", "description": "\u901a\u8fc7\u4fee\u5efa\u963f\u592b\u9c81\u6234\u514b\u62e6\u6d77\u5927\u5824\uff0c\u5c06\u539f\u6765\u7684\u987b\u5fb7\u6d77\u53d8\u6210\u4e86\u4e00\u4e2a\u5185\u9646\u6e56\uff0c\u4ece\u800c\u62bd\u5e72\u90e8\u5206\u6e56\u6c34\u5f00\u57a6\u65b0\u571f\u5730\u3002\u62e6\u6d77\u5927\u5824\u4f4d\u4e8e\u963f\u59c6\u65af\u7279\u4e39\u4ee5\u531760\u516c\u91cc\u5904\uff0c\u5168\u957f32\u516c\u91cc\uff0c\u5bbd90\u7c73\uff0c\u9ad8\u51fa\u6d77\u97627.25\u7c73\uff0c\u575d\u57fa\u5bbd90\u7c73\uff0c\u575d\u9876\u5bbd50\u591a\u7c73\uff0c\u662f\u4e16\u754c\u4e0a\u6700\u957f\u7684\u9632\u6d2a\u5824\u575d\u3002\u5982\u4eca\u4e0a\u9762\u4fee\u5efa\u4e86\u53cc\u5411\u56db\u8f66\u9053\u9ad8\u901f\u516c\u8def\uff0c\u9a71\u8f66\u7a7f\u8d8a\u5927\u575d\uff0c\u4f34\u6d77\u4e5f\u4f34\u6e56\uff0c\u53ef\u4ee5\u8fd1\u89c2\u6d77\u5929\u4e00\u8272\u7684\u4eba\u95f4\u5947\u8ff9\u3002", "address": "Hofstraat 34b 1779 CD Den Oever, Nederland"}');
INSERT INTO "city_picture" VALUES('ad3a60a8-1f52-11e2-8db7-e4ce8f4b5244','a-fu-lu-dai-ke-lan-hai-da-ba_1.jpg','/static/media/uploads/amsterdam/a-fu-lu-dai-ke-lan-hai-da-ba_1.jpg','','ad395563-1f52-11e2-b20c-e4ce8f4b5244','2012-10-26 09:51:12.858099+00:00');
INSERT INTO "city_picture" VALUES('ad52a419-1f52-11e2-aca2-e4ce8f4b5244','a-fu-lu-dai-ke-lan-hai-da-ba_2.jpg','/static/media/uploads/amsterdam/a-fu-lu-dai-ke-lan-hai-da-ba_2.jpg','','ad395563-1f52-11e2-b20c-e4ce8f4b5244','2012-10-26 09:51:13.017739+00:00');
INSERT INTO "city_picture" VALUES('ad6ff394-1f52-11e2-8e00-e4ce8f4b5244','a-fu-lu-dai-ke-lan-hai-da-ba_3.jpg','/static/media/uploads/amsterdam/a-fu-lu-dai-ke-lan-hai-da-ba_3.jpg','','ad395563-1f52-11e2-b20c-e4ce8f4b5244','2012-10-26 09:51:13.208697+00:00');
INSERT INTO "city_picture" VALUES('ad8c433d-1f52-11e2-8ab7-e4ce8f4b5244','a-fu-lu-dai-ke-lan-hai-da-ba_4.jpg','/static/media/uploads/amsterdam/a-fu-lu-dai-ke-lan-hai-da-ba_4.jpg','','ad395563-1f52-11e2-b20c-e4ce8f4b5244','2012-10-26 09:51:13.395378+00:00');
INSERT INTO "city_place" VALUES('ada5055c-1f52-11e2-b769-e4ce8f4b5244','斯霍克兰低地','Schokland',1,6,'5.777086','52.635511','“上帝造海，荷兰人造陆地”，这融入了荷兰民族血液的世界文化遗产是人类与自然抗争的伟大传奇。',2,'{"tips": "\u65af\u970d\u5170\u514b\u535a\u7269\u9986\u5c31\u5efa\u5728\u5729\u7530\u65c1\u8fb9,\u4e3b\u4f53\u5efa\u7b51\u662f\u4e00\u4e2a\u5f53\u5730\u53e4\u8001\u5c45\u6c11\u533a\u7c73\u5fb7\u5c14\u5821\u7684\u4e00\u6240\u7ecf\u8fc7\u4fee\u7f2e\u7684\u6559\u5802\u3002\u5c55\u9986\u4e2d\u5f55\u50cf\u3001\u56fe\u7247\u3001\u5b9e\u7269\u7ed3\u5408,\u5c55\u793a\u4e86\u53d1\u751f\u5728\u65af\u970d\u514b\u5170\u4f4e\u5730\u548c\u4e1c\u5317\u5729\u7530\u4e0a\u7684\u6545\u4e8b\u3002##\u5929\u6c14\u597d\u7684\u8bdd,\u5750\u5728\u535a\u7269\u9986\u9644\u8bbe\u7684\u5496\u5561\u9986\u9732\u5929\u5ea7\u91cc,\u4eab\u53d7\u60ec\u610f\u5496\u5561\u7684\u540c\u65f6,\u8fd8\u80fd\u6b23\u8d4f\u707f\u70c2\u9633\u5149\u4e0b\u7684\u826f\u7530\u7f8e\u666f\u3002", "description": "20\u4e16\u7eaa20\u5e74\u4ee3\uff0c\u5f17\u5217\u4f5b\u5170\u7701\u4e0e\u5317\u8377\u5170\u7701\u4e4b\u95f4\u4fee\u5efa\u4e86\u5317\u6d77\u5927\u5824\uff0c20\u4e16\u7eaa40\u5e74\u4ee3\u8d77\u968f\u7740\u6c34\u4f4d\u4e0b\u964d\uff0c\u65af\u970d\u514b\u5170\u5c9b\u91cd\u65b0\u6d6e\u51fa\u6c34\u9762\uff0c\u5927\u575d\u5c06\u987b\u5fb7\u6d77\u62e6\u8170\u622a\u65ad\u540e\uff0c\u5f62\u6210\u5185\u9646\u6e56\u827e\u745f\u5c14\u6e56\u3002\u4e8e\u662f\u4eba\u4eec\u5f00\u59cb\u4e86\u8f70\u8f70\u70c8\u70c8\u7684\u56f4\u6d77\u9020\u7530\u5de5\u7a0b\uff0c\u6ca7\u6851\u53d8\u5e7b\u5c31\u5728\u8377\u5170\u4eba\u7684\u624b\u4e2d\u6210\u4e3a\u4e86\u73b0\u5b9e\u3002\u81ea\u4ece1941\u5e74\u4e1c\u5317\u5729\u7530\u81ea\u987b\u5fb7\u6d77\u4e2d\u88ab\u56f4\u57a6\u51fa\u6765\u540e\uff0c\u65af\u970d\u5170\u514b\u5468\u56f4\u904d\u5e03\u826f\u7530\uff0c\u5982\u4eca\u53ea\u80fd\u4f9d\u636e\u5729\u7530\u4e2d\u9ad8\u8038\u6307\u51fa\u4ee5\u53ca\u6d77\u6ee8\u5b8c\u597d\u7684\u6321\u571f\u5899\u6765\u8fa8\u8ba4\u6614\u65e5\u7684\u5c0f\u5c9b\u8eab\u4efd\u3002", "address": "Middelbuurt 38319 AB Schokland"}');
INSERT INTO "city_picture" VALUES('ada62d2e-1f52-11e2-a3a6-e4ce8f4b5244','si-huo-ke-lan-di-di_1.jpg','/static/media/uploads/amsterdam/si-huo-ke-lan-di-di_1.jpg','','ada5055c-1f52-11e2-b769-e4ce8f4b5244','2012-10-26 09:51:13.564868+00:00');
INSERT INTO "city_picture" VALUES('adbe17ae-1f52-11e2-8565-e4ce8f4b5244','si-huo-ke-lan-di-di_2.jpg','/static/media/uploads/amsterdam/si-huo-ke-lan-di-di_2.jpg','','ada5055c-1f52-11e2-b769-e4ce8f4b5244','2012-10-26 09:51:13.721752+00:00');
INSERT INTO "city_picture" VALUES('ae00597a-1f52-11e2-983d-e4ce8f4b5244','si-huo-ke-lan-di-di_3.jpg','/static/media/uploads/amsterdam/si-huo-ke-lan-di-di_3.jpg','','ada5055c-1f52-11e2-b769-e4ce8f4b5244','2012-10-26 09:51:14.156170+00:00');
INSERT INTO "city_picture" VALUES('ae5f24dc-1f52-11e2-aef8-e4ce8f4b5244','si-huo-ke-lan-di-di_4.jpg','/static/media/uploads/amsterdam/si-huo-ke-lan-di-di_4.jpg','','ada5055c-1f52-11e2-b769-e4ce8f4b5244','2012-10-26 09:51:14.776755+00:00');
INSERT INTO "city_place" VALUES('aec2843a-1f52-11e2-93f8-e4ce8f4b5244','贝姆斯特圩田','Beemster Polder',1,6,'4.911133','52.550732','荷兰人如上帝之手般地演绎了“沧海桑田”，这幅田园的乡村画卷还带点古典和文艺复兴气息。',3,'{"website": "www.beemster.net/ukerfgoed.htm", "ticketInfo": "\u65e0", "description": "\u4f5c\u4e3a\u4e16\u754c\u6587\u5316\u9057\u4ea7\u7684\u8d1d\u59c6\u65af\u7279\u5729\u7530\u662f\u8377\u5170\u9996\u4e2a\u81ea\u6e56\u4e2d\u8f9f\u6c34\u9020\u5730\u800c\u6210\u7684\u5729\u7530\u3002\u65e9\u572817\u4e16\u7eaa\uff0c\u8fd9\u91cc\u7684\u7530\u5730\u5c31\u4f9d\u7167\u53e4\u5178\u548c\u8377\u5170\u6587\u827a\u590d\u5174\u7684\u7406\u5ff5\uff0c\u88ab\u5206\u5272\u6210\u4e00\u4e2a\u4e2a\u957f\u65b9\u5f62\u7684\u683c\u5b50\uff0c\u8fd0\u6cb3\u7f51\u683c\u4e0e\u9053\u8def\u7f51\u683c\u76f8\u4e92\u5e73\u884c\uff0c\u76f8\u4e92\u8865\u507f\uff0c\u53cd\u6620\u4e8617\u4e16\u7eaa\u4eba\u548c\u751f\u5b58\u73af\u5883\u548c\u8c10\u5173\u7cfb\u7684\u7406\u60f3\u6a21\u5f0f\uff0c\u662f\u5168\u4e16\u754c\u7edd\u65e0\u4ec5\u6709\u7684\u3002", "arriveMethod": "\u8ddd\u79bb\u963f\u59c6\u65af\u7279\u4e3933.6\u516c\u91cc,\u5f00\u8f66\u53ea\u970030-40\u5206\u949f\u5de6\u53f3", "address": "Beemster Polder, Beemster, The Netherlands", "tips": "\u6e38\u89c8\u8d1d\u59c6\u65af\u7279\u5729\u7530\u53ef\u4ee5\u4ece\u5b83\u7684\u4fe1\u606f\u4e2d\u5fc3\u5f00\u59cb,\u5728\u90a3\u91cc\u53ef\u4ee5\u627e\u5230\u6709\u5173\u8be5\u5730\u533a\u5386\u53f2\u3001\u6587\u5316\u3001\u535a\u7269\u9986\u3001\u666f\u70b9\u4ecb\u7ecd\u4ee5\u53ca\u9a91\u8f66\u8def\u7ebf\u7b49\u5404\u79cd\u4fe1\u606f\u3002\u9a91\u81ea\u884c\u8f66\u662f\u6b23\u8d4f\u8fd9\u4e00\u56db\u767e\u5e74\u524d\u8377\u5170\u4eba\u5927\u624b\u7b14\u6770\u4f5c\u7684\u6700\u4f73\u65b9\u5f0f\u3002##\u5386\u53f2\u6545\u4e8b\uff1a16\u4e16\u7eaa\u672b,\u6070\u9022\u8377\u5170\u521b\u9020\u822a\u6d77\u4f20\u5947\u7684\u9ec4\u91d1\u65f6\u4ee3,\u4e00\u4e9b\u5546\u4eba\u5f00\u59cb\u8ba1\u5212\u62bd\u5e72\u8d1d\u59c6\u65af\u7279\u6e56\u7684\u6e56\u6c34\u6765\u83b7\u53d6\u8015\u5730\u3002\u6700\u7ec8\u4e00\u4e9b\u963f\u59c6\u65af\u7279\u4e39\u7684\u5546\u4eba\u548c\u6d77\u7259\u7684\u5b98\u5458\u4e00\u8d77\u8d1f\u8d23\u7b79\u96c6\u8d44\u91d1,\u5de5\u7a0b\u5728\u5f97\u5230\u8377\u5170\u6cd5\u5ead\u7684\u6279\u51c6\u540e\u4e8e1607\u52a8\u5de5\u3002\u9020\u98ce\u8f66,\u5efa\u56f4\u5824,\u6398\u8fd0\u6cb3,43\u5ea7\u98ce\u8f66\u65e5\u591c\u6392\u6c34,\u6574\u4e2a\u5de5\u7a0b\u5386\u65f68\u5e74,\u4e8e1612\u5e74\u987a\u5229\u5b8c\u5de5\u3002\u4e00\u7247\u4f4e\u4e8e\u6d77\u5e73\u97623.5\u7c73\u7684\u4e07\u9877\u826f\u7530\u7531\u6b64\u800c\u751f,\u8fd9\u5c31\u662f\u8d1d\u59c6\u65af\u7279\u5729\u7530\u5730\u533a\u3002"}');
INSERT INTO "city_picture" VALUES('aec4995c-1f52-11e2-a0ad-e4ce8f4b5244','bei-mu-si-te-wei-tian_1.jpg','/static/media/uploads/amsterdam/bei-mu-si-te-wei-tian_1.jpg','','aec2843a-1f52-11e2-93f8-e4ce8f4b5244','2012-10-26 09:51:15.441489+00:00');
INSERT INTO "city_picture" VALUES('af3ab114-1f52-11e2-b7aa-e4ce8f4b5244','bei-mu-si-te-wei-tian_2.jpg','/static/media/uploads/amsterdam/bei-mu-si-te-wei-tian_2.jpg','','aec2843a-1f52-11e2-93f8-e4ce8f4b5244','2012-10-26 09:51:16.215651+00:00');
INSERT INTO "city_place" VALUES('af93c080-1f52-11e2-a15c-e4ce8f4b5244','沃达蒸汽泵站','Ir.D.F.Woudagemaal',1,6,'5.679668','52.847027','过去“蒸汽时代的活化石”保证了这个低于海平面省的水位，如今是该省的“最后一道闸门”。',2,'{"tips": "\u6c83\u8fbe\u84b8\u6c7d\u6cf5\u7ad9\u5728\u5382\u623f\u9644\u8fd1\u6709\u6e38\u5ba2\u53c2\u89c2\u4e2d\u5fc3,\u65b9\u4fbf\u4eba\u4eec\u4e86\u89e3\u8fd9\u5ea7\u6709\u53f2\u4ee5\u6765\u6700\u5927\u7684\u6c34\u5229\u6cf5\u7ad9\u3002##\u53c2\u89c2\u6c83\u8fbe\u84b8\u6c7d\u6cf5\u7ad9\u4e00\u5b9a\u8981\u8ddf\u968f\u9986\u5185\u7684\u5bfc\u6e38\u53c2\u89c2,\u542c\u5b8c\u5168\u90e8\u8bb2\u89e3\u548c\u770b\u5b8c\u5f55\u50cf\u540e\u518d\u53bb\u770b\u5b9e\u7269,\u4ee5\u4fbf\u66f4\u52a0\u6e05\u695a\u6cf5\u7ad9\u7684\u5de5\u4f5c\u539f\u7406\u3002", "phoneNumber": "+31-514561814", "description": "\u6c83\u8fbe\u84b8\u6c7d\u6cf5\u7ad9\u4e8e1920\u5e74\u5efa\u6210\uff0c\u662f\u4e16\u754c\u4e0a\u6700\u5927\u7684\u84b8\u6c7d\u6cf5\u7ad9\uff0c\u8377\u5170\u6c34\u5229\u5de5\u7a0b\u6700\u5353\u8d8a\u7684\u4ee3\u8868\u4e4b\u4e00\uff0c1998\u5e74\u88ab\u5217\u5165\u4e16\u754c\u6587\u5316\u9057\u4ea7\u3002\u6c83\u8fbe\u84b8\u6c7d\u6cf5\u7ad9\u6240\u5728\u7684\u5f17\u91cc\u65af\u5170\u7701\uff08Friesland\uff09\u662f\u8377\u5170\u552f\u4e00\u4e00\u4e2a\u5168\u90e8\u571f\u5730\u6765\u81ea\u56f4\u6d77\u9020\u7530\u7684\u7701\u4efd\uff0c\u56e0\u6b64\u5168\u7701\u6d77\u62d4\u4f4e\u4e8e\u6d77\u5e73\u9762\u3002\u5f53\u6c34\u4f4d\u5347\u9ad8\u65f6\uff0c\u5c31\u8981\u5c06\u4f4e\u5730\u4e2d\u7684\u6c34\u62bd\u5230\u9ad8\u5904\u6392\u5230\u5927\u6d77\u4e2d\u3002\u867d\u5982\u4eca\u8377\u5170\u5728\u6c34\u5229\u65b9\u9762\u7684\u9ad8\u79d1\u6280\u5df2\u7ecf\u7528\u4e0d\u5230\u5b83\u4e86\uff0c\u4f46\u5b83\u4ecd\u4fdd\u6301\u7740\u6700\u4f73\u72b6\u6001\uff0c\u4ee5\u5e94\u4ed8\u5404\u79cd\u610f\u5916\u60c5\u51b5\u3002", "address": "Gemaalweg la.Lemmer Postbus 113,8530 AC Lemmer"}');
INSERT INTO "city_picture" VALUES('af96d9b0-1f52-11e2-8ced-e4ce8f4b5244','wo-da-zheng-qi-beng-zhan_1.jpg','/static/media/uploads/amsterdam/wo-da-zheng-qi-beng-zhan_1.jpg','','af93c080-1f52-11e2-a15c-e4ce8f4b5244','2012-10-26 09:51:16.820143+00:00');
INSERT INTO "city_picture" VALUES('afe25282-1f52-11e2-988f-e4ce8f4b5244','wo-da-zheng-qi-beng-zhan_2.jpg','/static/media/uploads/amsterdam/wo-da-zheng-qi-beng-zhan_2.jpg','','af93c080-1f52-11e2-a15c-e4ce8f4b5244','2012-10-26 09:51:17.314722+00:00');
INSERT INTO "city_picture" VALUES('b023bc38-1f52-11e2-8745-e4ce8f4b5244','wo-da-zheng-qi-beng-zhan_3.jpg','/static/media/uploads/amsterdam/wo-da-zheng-qi-beng-zhan_3.jpg','','af93c080-1f52-11e2-a15c-e4ce8f4b5244','2012-10-26 09:51:17.743508+00:00');
INSERT INTO "city_place" VALUES('b06d6feb-1f52-11e2-ac2b-e4ce8f4b5244','荷兰航海博物馆','Nederlands Scheepvaartmuseum',1,6,'4.914625','52.371643','发达的造船业垄断了海上贸易，它完整记录了“海上马车夫”在荷兰航海时代的传奇。',2,'{"website": "www.scheepvaartmuseum.nl", "openTime": "\u5468\u4e8c\u81f3\u5468\u516d\uff086\u6708-9\u6708,\u5468\u4e00\u4e5f\u5f00\u653e\uff0910:00\u201417:00,\u5468\u65e512:00-17:00", "description": "\u8377\u5170\u822a\u6d77\u535a\u7269\u9986\u4f4d\u4e8e\u6614\u65e5\u96c4\u4f1f\u7684\u6e2f\u53e3\u533a\u5965\u65af\u987f\u5821\uff0c\u4ee5\u524d\u66fe\u7ecf\u662f\u8377\u5170\u6d77\u519b\u7684\u519b\u706b\u5e93\u3002\u535a\u7269\u9986\u5c55\u51fa\u8377\u5170\u9ec4\u91d1\u65f6\u4ee3\u822a\u6d77\u548c\u6b96\u6c11\u7684\u5386\u53f2\u8d44\u6599\uff0c\u5c24\u5176\u503c\u5f97\u4e00\u770b\u7684\u662f\u8377\u5170\u4e1c\u5370\u5ea6\u516c\u53f8\u201c\u963f\u59c6\u65af\u7279\u4e39\u201d\u53f7\u5e06\u8239\u7684\u539f\u6837\u590d\u5236\u54c1\uff0c\u8239\u4e0a\u5e03\u7f6e\u7684\u573a\u666f\u91cd\u73b0\u7740\u6614\u65e5\u7684\u6d77\u5458\u751f\u6d3b\u3002\u66f4\u6709\u5438\u5f15\u529b\u7684\u662f\u591a\u5a92\u4f53\u5267\u9662\uff0c\u8fd9\u91cc\u4f1a\u653e\u6620\u7535\u5f71\uff0c\u901a\u8fc7\u7279\u6b8a\u7684\u6295\u5f71\u8bbe\u5907\uff0c\u8fd8\u6709\u8eab\u4e34\u5176\u5883\u7684\u611f\u89c9\u3002", "address": "s116 1018 Amsterdam, The Netherlands"}');
INSERT INTO "city_place" VALUES('b06eea33-1f52-11e2-9b81-e4ce8f4b5244','船屋博物馆','Houseboat Museum',1,6,'4.882650','52.370164','虽然不会漂动，动但在这种浪漫雅致的“河景房”里会不会晕船呢。',2,'{"website": "www.hetgrachtenhuis.com", "ticketInfo": "3\u6708\u201410\u6708 \u5468\u4e8c\u81f3\u5468\u65e5\uff1a11\uff1a00\u201417\uff1a00##11\u6708\u20142\u6708\uff1a\u5468\u4e94\u81f3\u5468\u65e5\uff1a11\uff1a00\u201417\uff1a00", "description": "\u963f\u59c6\u65af\u7279\u4e39\u7684\u8239\u5c4b\u535a\u7269\u9986\u662f\u4e16\u4e0a\u72ec\u4e00\u65e0\u4e8c\u7684\u3002\u5b83\u4f4d\u4e8e\u7ea6\u4e39\u533a\u7684\u738b\u5b50\u8fd0\u6cb3\u4e0a\uff0c\u8fd9\u5c31\u4e3a\u8fd9\u5bb6\u8239\u4e0a\u7684\u535a\u7269\u9986\u63d0\u4f9b\u4e86\u7edd\u597d\u7684\u80cc\u666f\u3002\u5728\u7532\u677f\u4e0a\uff0c\u60a8\u53ef\u4ee5\u4f53\u9a8c\u5230\u201c\u4ea8\u5fb7\u5229\u5361\u2022\u739b\u4e3d\u4e9a\u201d\u53f7\u5e06\u8239\u662f\u5982\u4f55\u4ece\u4e00\u8258\u8fd0\u8f93\u8239\u6539\u9020\u6210\u4e00\u8258\u8239\u5c4b\u7684\u3002\u201c\u4ea8\u5fb7\u5229\u5361\u2022\u739b\u4e3d\u4e9a\u201d\u53f7\u5e06\u8239\u5efa\u4e8e1914\u5e74\uff0c\u4f5c\u4e3a\u8239\u5c4b\u5728\u8fd9\u91cc\u5df2\u7ecf\u670920\u5e74\u4e86\u3002\u5728\u5bf8\u571f\u5bf8\u91d1\u7684\u8377\u5170\uff0c\u5bd3\u5c45\u8239\u575e\u6210\u4e86\u4e00\u79cd\u65f6\u5c1a\u3002", "address": "Prinsengracht 294 1016 Amsterdam, The Netherlands"}');
INSERT INTO "city_picture" VALUES('b06fdfd9-1f52-11e2-8fb1-e4ce8f4b5244','chuan-wu-bo-wu-guan_1.jpg','/static/media/uploads/amsterdam/chuan-wu-bo-wu-guan_1.jpg','','b06eea33-1f52-11e2-9b81-e4ce8f4b5244','2012-10-26 09:51:18.242263+00:00');
INSERT INTO "city_picture" VALUES('b0b5991e-1f52-11e2-b547-e4ce8f4b5244','chuan-wu-bo-wu-guan_2.jpg','/static/media/uploads/amsterdam/chuan-wu-bo-wu-guan_2.jpg','','b06eea33-1f52-11e2-9b81-e4ce8f4b5244','2012-10-26 09:51:18.698287+00:00');
INSERT INTO "city_picture" VALUES('b0fa3fb0-1f52-11e2-99b0-e4ce8f4b5244','chuan-wu-bo-wu-guan_3.jpg','/static/media/uploads/amsterdam/chuan-wu-bo-wu-guan_3.jpg','','b06eea33-1f52-11e2-9b81-e4ce8f4b5244','2012-10-26 09:51:19.148996+00:00');
INSERT INTO "city_place" VALUES('b13f2394-1f52-11e2-b052-e4ce8f4b5244','羊角村','Giethoorn',9,6,'6.083526','52.722869','这个亦真亦幻、远离尘嚣的桃花源，纯净祥和的就差飘出仙气了！',3,'{"tips": "\u8fd9\u91cc\u5f92\u6b65,\u9a91\u8f66,\u79df\u8239\u90fd\u662f\u6e38\u89c8\u4e0d\u9519\u7684\u9009\u62e9\u3002\u7f8a\u89d2\u6751\u4e3b\u4f53\u6751\u843d\u4e2d,1\u20145\u5b57\u6837\u7684\u6728\u724c\u662f\u5c0f\u8239\u5165\u6751\u7684\u4e0d\u540c\u822a\u7ebf\u3002\u79df\u8239\u4ef7\u683c\uff1a\u6bcf\u823912-20\u6b27,\u6bcf\u8239\u6700\u591a\u4e58\u575010\u4eba\u3002\u5efa\u8bae\u6b65\u884c\u8fdb\u5165,\u6751\u5185\u6709\u51e0\u5904\u79df\u8239\u4eba\u5bb6,\u7ebf\u8def\u76f8\u540c,\u4ef7\u683c\u5408\u7406\u3002\u53e6\u4e00\u79cd\u65b9\u5f0f\u662f\u9a91\u8f66,\u6bcf\u9694\u51e0\u767e\u7c73\u5c31\u80fd\u89c1\u5230\u81ea\u884c\u8f66\u8f66\u9053\u56fe\u3002", "description": "\u7f8a\u89d2\u6751\u4f4d\u4e8e\u8377\u5170\u897f\u5317\u65b9Overijssel\u7701\uff0cDe Wieden\u81ea\u7136\u4fdd\u62a4\u533a\u5185\u300218\u4e16\u7eaa\u65f6\u66fe\u662f\u897f\u5317\u90e8\u6700\u5927\u7684\u6ce5\u7164\u4ea7\u533a\uff0c\u5f53\u521d\u6316\u7164\u7684\u5de5\u4eba\u5728\u6e20\u9053\u4e0b\u6316\u51fa\u5f88\u591a\u7f8a\u89d2\uff0c\u6545\u6b64\u547d\u540d\u3002\u540e\u6765\uff0c\u5c45\u6c11\u4e3a\u4e86\u4f7f\u8239\u53ea\u80fd\u591f\u901a\u8fc7\u3001\u8fd0\u9001\u7269\u8d44\uff0c\u5c06\u4e00\u9053\u9053\u72ed\u7a84\u7684\u6c9f\u6e20\u62d3\u5bbd\uff0c\u4fbf\u5f62\u6210\u4eca\u65e5\u8fd0\u6cb3\u6e56\u6cca\u4ea4\u7ec7\u7684\u7f8e\u666f\u3002", "arriveMethod": "\u5750\u706b\u8f66\u5230 Amersfoort \u6362\u524d\u5f80Leeuwarden\u65b9\u5411\u7684\u8f66,\u5230Steenwijk\u4e0b\u8f66\u3002\u7136\u540e\u8f6c\u516c\u8f66 No.70 \u5728Giethoorn\u4e0b\u8f66,\u4e00\u5c0f\u65f6\u4e00\u73ed\u8f66\u3002##\u5468\u516d\u3001\u65e5\u6ca1\u6709\u516c\u8f66\u3002", "address": "Dominee TO Hylkemaweg,Giethoorn"}');
INSERT INTO "city_picture" VALUES('b140145e-1f52-11e2-9964-e4ce8f4b5244','yang-jiao-cun_1.jpg','/static/media/uploads/amsterdam/yang-jiao-cun_1.jpg','','b13f2394-1f52-11e2-b052-e4ce8f4b5244','2012-10-26 09:51:19.606703+00:00');
INSERT INTO "city_picture" VALUES('b17f2305-1f52-11e2-b8e2-e4ce8f4b5244','yang-jiao-cun_2.jpg','/static/media/uploads/amsterdam/yang-jiao-cun_2.jpg','','b13f2394-1f52-11e2-b052-e4ce8f4b5244','2012-10-26 09:51:20.020259+00:00');
INSERT INTO "city_picture" VALUES('b1a696e8-1f52-11e2-84c1-e4ce8f4b5244','yang-jiao-cun_3.jpg','/static/media/uploads/amsterdam/yang-jiao-cun_3.jpg','','b13f2394-1f52-11e2-b052-e4ce8f4b5244','2012-10-26 09:51:20.278792+00:00');
INSERT INTO "city_picture" VALUES('b1d957d4-1f52-11e2-ba46-e4ce8f4b5244','yang-jiao-cun_4.jpg','/static/media/uploads/amsterdam/yang-jiao-cun_4.jpg','','b13f2394-1f52-11e2-b052-e4ce8f4b5244','2012-10-26 09:51:20.611445+00:00');
INSERT INTO "city_place" VALUES('b21076c7-1f52-11e2-a07d-e4ce8f4b5244','桑斯安斯风车村','Zaanse Schans',1,6,'4.823188','52.474011','去世界第一个工业区，拜访守护这片土地的风车骑士们！',3,'{"website": "www.zaanseschans.nl", "ticketInfo": "\u6210\u4eba\uff1a9.5\u6b27##\u513f\u7ae54-17\u5c81\uff1a5\u6b27", "openTime": "\u5f00\u653e\u65f6\u95f4\u6bd4\u8f83\u590d\u6742,\u8bf7\u89c1\u5176\u5b98\u7f51", "phoneNumber": "+31-756810000", "description": "\u963f\u59c6\u65af\u7279\u4e39\u4ee5\u531710\u516c\u91cc\u7684\u6851\u65af\u5730\u533a\u662f\u4e16\u754c\u4e0a\u7b2c\u4e00\u4e2a\u5de5\u4e1a\u533a\u3002250\u5e74\u524d\u8fd9\u7247\u72ed\u5c0f\u7684\u571f\u5730\u4e0a\u77d7\u7acb\u7740800\u591a\u5ea7\u98ce\u8f66\uff0c\u5b83\u4eec\u627f\u8f7d\u7740\u5404\u79cd\u5de5\u4e1a\u4efb\u52a1\u3002\u5982\u4eca\u6851\u65af\u5b89\u65af\u98ce\u8f66\u6751\u662f\u4e00\u5ea7\u79c0\u4e3d\u7684\u53e4\u8001\u6751\u5e84\uff0c\u98ce\u8f66\u548c\u5404\u5f0f\u624b\u827a\u5de5\u827a\u54c1\u4f5c\u574a\u6784\u6210\u4e86\u4e00\u5e45\u5b81\u9759\u800c\u7f8e\u4e3d\u7684\u4e61\u6751\u98ce\u666f\u3002\u6751\u5b50\u4e2d\u67095\u5ea7\u98ce\u8f66\u3001\u4ed3\u5e93\u548c18\u300119\u4e16\u7eaa\u7684\u79c1\u4eba\u4f4f\u5b85\uff0c\u5176\u4e2d\u4e00\u4e9b\u623f\u5c4b\u662f\u4ecb\u7ecd\u6728\u978b\u5de5\u5382\u3001\u5976\u916a\u4f5c\u574a\u3001\u8239\u575e\u548c\u767d\u8721\u5546\u5e97\u7b49\u3002\u6bcf\u5929\u8fd9\u91cc\u90fd\u6709\u4f20\u7edf\u7684\u624b\u5de5\u6280\u827a\u8868\u6f14\uff0c\u5168\u9762\u5c55\u73b0\u4e86\u8377\u5170\u4eba\u7684\u4f20\u7edf\u751f\u6d3b\u65b9\u5f0f\u3002", "arriveMethod": "\u963f\u59c6\u65af\u7279\u4e39\u4e2d\u592e\u706b\u8f66\u7ad9\u642d\u706b\u8f66,\u5728Koog Zaandijk\u7ad9\u4e0b\u8f66,\u6709\u6307\u793a\u6807\u724c\u524d\u5f80,\u6b65\u884c\u7ea615\u5206\u949f\u3002##\u6216\u4e2d\u592e\u706b\u8f66\u7ad991\u8def\uff08\u6bcf\u534a\u5c0f\u65f6\u4e00\u73ed\uff09,\u5728St.Michael College\u4e0b\u8f66\u3002", "address": "Schansend 7, 1509 AW Zaandam", "tips": "\u63a8\u8350\u53c2\u89c2\u70b9\uff1a\u5976\u916a\u4f5c\u574a\u3001\u6728\u978b\u5de5\u5382\u3001\u8377\u5170\u6700\u5927\u8fde\u9501\u8d85\u5e02Albert Heijin\u7684\u7b2c\u4e00\u5bb6\u5e97\u3001\u8377\u5170\u949f\u8868\u535a\u7269\u9986\u3001\u9762\u5305\u623f\u535a\u7269\u9986\u3001\u84b8\u998f\u53ca\u54c1\u5c1d\u535a\u7269\u9986\u3001\u98ce\u8f66\u535a\u7269\u9986\u3001\u5f53\u5730\u6c11\u5c45\u7b49\u3002##\u98ce\u8f66\u7684\u8bed\u8a00\uff1a\u98ce\u8f66\u7ffc\u677f\u7684\u4f4d\u7f6e\u6709\u56db\u79cd\u55bb\u610f\uff1a\u5e86\u795d\u3001\u9ed8\u54c0\u3001\u77ed\u6682\u4f11\u606f\u3001\u957f\u671f\u4f11\u606f\u3002##\u6851\u65af\u5b89\u65af\u4e5f\u662f\u4e2a\u6c7d\u8f66\u65c5\u6e38\u7684\u597d\u53bb\u5904,\u4f60\u53ef\u4ee5\u6cbf\u7740\u6851\u6cb3\u7ed5\u884c,\u65e2\u4e0d\u4f1a\u8ff7\u8def,\u8fd8\u53ef\u4ee5\u4e00\u8fb9\u6b23\u8d4f\u7530\u56ed\u98ce\u5149\u3002##\u8ddd\u79bb\u6851\u65af\u5b89\u65af\u98ce\u8f66\u6751\u56db\u4e94\u516c\u91cc\u5916\u7684\u9020\u7eb8\u98ce\u8f66,\u6709\u4e16\u754c\u4e0a\u4ec5\u5b58\u4ecd\u5728\u4f7f\u7528\u7684\u5de5\u4e1a\u98ce\u8f66\u3002\u72ec\u7acb\u5ba3\u8a00\u5c31\u662f\u5199\u5728\u8fd9\u91cc\u9020\u7eb8\u98ce\u8f66\u5236\u9020\u7684\u7f8a\u76ae\u7eb8\u4e0a\u7684\uff01"}');
INSERT INTO "city_picture" VALUES('b211756b-1f52-11e2-8b46-e4ce8f4b5244','sang-si-an-si-feng-che-cun_1.jpg','/static/media/uploads/amsterdam/sang-si-an-si-feng-che-cun_1.jpg','','b21076c7-1f52-11e2-a07d-e4ce8f4b5244','2012-10-26 09:51:20.978815+00:00');
INSERT INTO "city_picture" VALUES('b25b356b-1f52-11e2-bb09-e4ce8f4b5244','sang-si-an-si-feng-che-cun_2.jpg','/static/media/uploads/amsterdam/sang-si-an-si-feng-che-cun_2.jpg','','b21076c7-1f52-11e2-a07d-e4ce8f4b5244','2012-10-26 09:51:21.462575+00:00');
INSERT INTO "city_picture" VALUES('b29be197-1f52-11e2-8f6d-e4ce8f4b5244','sang-si-an-si-feng-che-cun_3.jpg','/static/media/uploads/amsterdam/sang-si-an-si-feng-che-cun_3.jpg','','b21076c7-1f52-11e2-a07d-e4ce8f4b5244','2012-10-26 09:51:21.886350+00:00');
INSERT INTO "city_picture" VALUES('b2e94c80-1f52-11e2-b0b7-e4ce8f4b5244','sang-si-an-si-feng-che-cun_4.jpg','/static/media/uploads/amsterdam/sang-si-an-si-feng-che-cun_4.jpg','','b21076c7-1f52-11e2-a07d-e4ce8f4b5244','2012-10-26 09:51:22.392785+00:00');
INSERT INTO "city_picture" VALUES('b32ad10a-1f52-11e2-9663-e4ce8f4b5244','sang-si-an-si-feng-che-cun_5.jpg','/static/media/uploads/amsterdam/sang-si-an-si-feng-che-cun_5.jpg','','b21076c7-1f52-11e2-a07d-e4ce8f4b5244','2012-10-26 09:51:22.822940+00:00');
INSERT INTO "city_place" VALUES('b3487ea8-1f52-11e2-bfa2-e4ce8f4b5244','沃伦丹','Volendam',1,6,'5.071239','52.495206','浓浓荷兰味的不止是盐渍鲱鱼，还有整个渔村，醉人的静谧和传统风貌甚至都让人不忍打扰。',8,'{"tips": "\u53ef\u4ee5\u9009\u62e9Waterland\u4e00\u65e5\u5929\u7968,\u5f80\u6765\u4e0e\u963f\u59c6\u65af\u7279\u4e39\u5317\u90e8Waterland\u533a\u57df\u5305\u62ec\u9a6c\u5c14\u80af\uff08Marken\uff09\u3001\u6c83\u4f26\u4e39\uff08Volendam\uff09\u3001\u827e\u4e39\uff08Edam\uff09\u7684\u5404\u4e2a\u6e14\u6751\u548c\u5c0f\u9547\u3002\u8f66\u7968\u53ef\u4ee5\u518d\u516c\u8f66\u4e0a\u8d2d\u4e70,\u4ef7\u683c10\u6b27\u5143,\u4e5f\u53ef\u4ee5\u9009\u62e9\u516c\u4ea4\u548c\u6e38\u8f6e\u7684\u65b9\u5f0f\u3002", "description": "\u8377\u5170\u5317\u90e8\u7684\u4f17\u591a\u6e14\u6751\u4e2d\uff0c\u6c83\u4f26\u4e39\u548c\u9a6c\u80af\u6700\u5177\u4ee3\u8868\u6027\u3002\u4f20\u7edf\u6e14\u6751\u6c83\u4f26\u4e39\u662f\u827e\u745f\u5c14\u6e56\u7554\u7684\u4e00\u4e2a\u5c0f\u6e14\u6751\uff0c\u4eba\u4eec\u4ee5\u6253\u6e14\u4e3a\u751f\u3002\u5982\u4eca\u6e14\u6c11\u867d\u7136\u51cf\u5c11\u4e86\uff0c\u7279\u8272\u9c7c\u9910\u4ecd\u8ba9\u4eba\u56de\u5473\u4e0d\u65ad\u3002\u53e6\u5916\uff0c\u4e0d\u8bba\u827a\u672f\u5bb6\u4f20\u6559\u58eb\uff0c\u8fd9\u91cc\u540d\u4eba\u8f88\u51fa\uff0c\u800c\u4e14\u97f3\u4e50\u4e5f\u6709\u5b83\u7684\u6e14\u6751\u7279\u8272\u3002", "arriveMethod": "\u963f\u59c6\u65af\u7279\u4e39-\u6c83\u4f26\u4e39\uff1a316\u8def/110\u8def,\u8f66\u884c40\u5206\u949f,\u6bcf\u5c0f\u65f64\u73ed,\u8f66\u79683.8\u6b27\u3002##\u9a6c\u80af-\u6c83\u4f26\u4e39\u6e21\u8f6e\uff1a\u6210\u4eba\u5355\u7a0b5.5\u6b27,\u5f80\u8fd48\u6b27\uff1b4-11\u5c81\u513f\u7ae5\u5355\u7a0b4\u6b27,\u5f80\u8fd44.5\u6b27\u3002\n\u516c\u5171\u4ea4\u901a 118\u8def\u8f6c311\u8def,\u5728Dorp,Borek in the Waterland\u4e13\u8f66\u3002\u5168\u7a0b\u5927\u7ea61\u5c0f\u65f6,\u7968\u4ef74\u6b27\u3002\n", "address": "Zeestraat 37,Volendam"}');
INSERT INTO "city_picture" VALUES('b3496fd1-1f52-11e2-85c1-e4ce8f4b5244','wo-lun-dan_1.jpg','/static/media/uploads/amsterdam/wo-lun-dan_1.jpg','','b3487ea8-1f52-11e2-bfa2-e4ce8f4b5244','2012-10-26 09:51:23.023705+00:00');
INSERT INTO "city_picture" VALUES('b38b62d7-1f52-11e2-a87e-e4ce8f4b5244','wo-lun-dan_2.jpg','/static/media/uploads/amsterdam/wo-lun-dan_2.jpg','','b3487ea8-1f52-11e2-bfa2-e4ce8f4b5244','2012-10-26 09:51:23.455984+00:00');
INSERT INTO "city_picture" VALUES('b3cf49cf-1f52-11e2-8313-e4ce8f4b5244','wo-lun-dan_3.jpg','/static/media/uploads/amsterdam/wo-lun-dan_3.jpg','','b3487ea8-1f52-11e2-bfa2-e4ce8f4b5244','2012-10-26 09:51:23.900819+00:00');
INSERT INTO "city_place" VALUES('b40a670c-1f52-11e2-bbc0-e4ce8f4b5244','马尔肯','Marken',1,6,'5.106613','52.458461','远远看到岸上渔人的木房子，身着传统民族服装和木鞋的居民，时间都仿佛突然按下暂停键。',8,'{"description": "\u9a6c\u80af\u4f4d\u4e8e\u827e\u745f\u5c14\u6e56\u4e2d\u662f\u4e2a\u5b81\u9759\u7684\u5c0f\u6751\u5e84\u3002\u9c9c\u7eff\u7684\u6728\u8d28\u5efa\u7b51\u3001\u767d\u8272\u7684\u7c7b\u4f3c\u7a97\u5e18\u5c06\u5176\u88c5\u9970\u5f97\u53ef\u7231\u751c\u7f8e\uff0c\u8fd8\u4f1a\u5de7\u9047\u8eab\u7a7f\u4f20\u7edf\u670d\u88c5\uff0c\u811a\u8e29\u6728\u978b\u7684\u8001\u8005\uff0c\u662f\u540d\u526f\u5176\u5b9e\u7684\u4e16\u5916\u6843\u6e90\u3002", "arriveMethod": "\u963f\u59c6\u65af\u7279\u4e39-\u9a6c\u80af\uff1a311\u8def,\u8f66\u884c1\u5c0f\u65f6,\u6bcf\u5c0f\u65f62\u73ed,\u8f66\u79684.3\u6b27\u3002", "address": "Marken, Netherlands"}');
INSERT INTO "city_place" VALUES('b40b9ac0-1f52-11e2-83d0-e4ce8f4b5244','阿尔克马奶酪市场','Alkmaar Cheese Market and Museum',1,6,'4.749996','52.631604','在欧洲最大的奶酪交易地，到金灿灿的大奶酪前拍照留念必须Say Cheese喔！',1,'{"website": "www.vvvalkmaar.nl", "ticketInfo": "\u65e0\u987b\u95e8\u7968", "openTime": "4\u67087\u65e5\u81f39\u67081\u65e5\u6bcf\u5468\u4e9410:00\u201412:30", "description": "\u963f\u59c6\u65af\u7279\u4e39\u4ee5\u531740\u516c\u91cc\u7684\u963f\u5c14\u514b\u739b\uff0c\u662f\u8377\u5170\u6700\u8457\u540d\u7684\u4f20\u7edf\u5976\u916a\u4ea4\u6613\u5e02\u573a\u3002\u5728\u5976\u916a\u4ea4\u6613\u4f1a\u4e0a\uff0c\u5e7f\u573a\u7684\u5730\u4e0a\u94fa\u7740\u65b9\u5757\u6728\u677f\uff0c\u4e00\u5757\u5757\u91cd\u8fbe40\u516c\u65a4\u7684\u5976\u916a\u6574\u9f50\u5730\u53e0\u653e\uff0c\u5ef6\u4f38\u7740\u6392\u5217\u5f00\u6765\uff0c\u7b49\u7740\u5976\u916a\u5546\u4eec\u68c0\u6d4b\u3002400\u5e74\u6765\uff0c\u8fd9\u91cc\u4e00\u76f4\u5ef6\u7eed\u7740\u53e4\u6cd5\u79f0\u91cf\u4ea4\u6613\u3002\u5e02\u573a\u7684\u5468\u56f4\u8fd8\u805a\u96c6\u7740\u5404\u79cd\u8377\u5170\u4f20\u7edf\u644a\u4f4d\uff0c\u644a\u4e3b\u4eec\u7a7f\u7740\u4f20\u7edf\u6c11\u65cf\u670d\u9970\uff0c\u4eff\u4f5b\u56de\u5230\u4e86\u4e2d\u4e16\u7eaa\u5c0f\u9547\u3002", "arriveMethod": "\u4e2d\u592e\u706b\u8f66\u7ad9\u5f00\u51fa\u7684\u706b\u8f66\u6bcf\u5c0f\u65f64\u73ed,\u5168\u4ef7\u7968\u5355\u7a0b6.8\u6b27\u3002", "address": "Waagplein 2,1181 JP Alkmaar", "tips": "\u6709\u8da3\u7684\u53e4\u6cd5\u79f0\u91cf\u4ea4\u6613 :\u8eab\u7a7f\u767d\u888d\u7684\u4e70\u5356\u53cc\u65b9\u7528\u4e00\u53ea\u94bb\u7ba1\u63d2\u5165\u5976\u916a\u540e,\u5c06\u5976\u916a\u626d\u8f6c\u51fa\u6765,\u7136\u540e\u6216\u5c1d\u6216\u95fb\u6216\u7528\u624b\u634f\u62cd\u6765\u5206\u6790\u5976\u916a\u7684\u54c1\u8d28,\u7136\u540e\u5b9a\u4e0b\u4ef7\u683c\u3002\u4ea4\u6613\u65b9\u5f0f\u4ee5\u51fb\u638c\u51fa\u4ef7,\u53cc\u65b9\u4e0d\u65ad\u5730\u62cd\u51fb\u5bf9\u65b9\u624b\u638c,\u51fa\u4ef7\u8fd8\u4ef7,\u82e5\u8ba4\u4e3a\u4ef7\u683c\u4e0d\u7406\u60f3,\u505c\u6b62\u8fce\u51fb\u3002\u4ea4\u6613\u6210\u529f\u540e,\u8eab\u7740\u4f20\u7edf\u670d\u9970\u7684\u5976\u916a\u642c\u8fd0\u5de5\u628a\u5546\u5bb6\u8ba2\u597d\u7684\u5976\u916a\u7528\u8239\u578b\u6a21\u677f\u62ac\u5230\u8fc7\u78c5\u623f\u3002"}');
INSERT INTO "city_picture" VALUES('b40cc6d1-1f52-11e2-9abe-e4ce8f4b5244','a-er-ke-ma-nai-luo-shi-chang_1.jpg','/static/media/uploads/amsterdam/a-er-ke-ma-nai-luo-shi-chang_1.jpg','','b40b9ac0-1f52-11e2-83d0-e4ce8f4b5244','2012-10-26 09:51:24.303381+00:00');
INSERT INTO "city_picture" VALUES('b44c39ca-1f52-11e2-8867-e4ce8f4b5244','a-er-ke-ma-nai-luo-shi-chang_2.jpg','/static/media/uploads/amsterdam/a-er-ke-ma-nai-luo-shi-chang_2.jpg','','b40b9ac0-1f52-11e2-83d0-e4ce8f4b5244','2012-10-26 09:51:24.719757+00:00');
INSERT INTO "city_place" VALUES('b47911c0-1f52-11e2-bdfe-e4ce8f4b5244','德哈尔城堡','Kasteel De Haar',1,6,'4.986116','52.12179','这个宣扬着骑士精神、家族文化的古朴城堡，不仅森林立体环绕，还有着如诗如画的庭院美景！',3,'{"website": "www.kasteeldehaar.nl", "ticketInfo": "\u57ce\u5821 \u6210\u4eba12.5\u6b27,4-12\u5c81\u4ee5\u4e0b9\u6b27\uff08\u542b\u505c\u8f66\u8d39\uff09##\u82b1\u56ed \u6210\u4eba3.5\u6b27,4-12\u5c81\u4ee5\u4e0b2.5\u6b27,\u505c\u8f66\u8d394\u6b27##\u82b1\u56ed\u8bed\u97f3\u5bfc\u89c82.5\u6b27\uff0820\u6b27\u62bc\u91d1\uff09##\u5bfc\u6e38\uff1a\u6b63\u70b9\u5f00\u59cb,\u6700\u665a16:00,\u5468\u672b\u81f317:00", "openTime": "4\u670828\u65e5-12\u670831\u65e5 \u6bcf\u592910:00-17:00\uff08\u6bcf\u6b63\u70b9\u5f00\u59cb\uff09\uff1b\u5723\u8bde\u8282,\u65b0\u5e74\u53ca4\u670830\u65e5\u95ed\u9986", "description": "\u4f4d\u4e8e\u4e4c\u7279\u52d2\u652f\u9644\u8fd1Haaruilens\u5c0f\u9547\u53c8\u540d\u201c\u7ea2\u6751\u201d\uff0c\u56e0\u4e3a\u6751\u5185\u6bcf\u5bb6\u7a97\u95e8\u90fd\u6f06\u6210\u7ea2\u767d\u8272\u659c\u6a2a\u6761\uff0c\u8fd9\u79cd\u6807\u5fd7\u6765\u81ea\u4e8e\u5fb7\u54c8\u5c14\u53e4\u5821Van Zuylen\u5bb6\u65cf\u7684\u4f20\u7edf\u3002\u5fb7\u54c8\u5c14\u57ce\u5821\u662f\u5f88\u5178\u578b\u7684\u4e2d\u4e16\u7eaa\u57ce\u5821\uff0c\u5c16\u8038\u7684\u9ad8\u5854\uff0c\u5bab\u5ef7\u5f0f\u82b1\u56ed\u5916\u6709\u62a4\u57ce\u6cb3\u56f4\u7ed5\u4ee5\u53ca\u60ac\u540a\u6865\u3002\u57ce\u5821\u5185\u6709\u8bb8\u591a\u53e4\u8463\u4e0e\u73cd\u8d35\u827a\u672f\u54c1\u3002\u57ce\u5821\u5916\u534e\u4e3d\u7cbe\u81f4\u7684\u82b1\u56ed\u4e5f\u540c\u6837\u4e0d\u5bb9\u9519\u8fc7\u5662\u3002", "arriveMethod": "\u4e4c\u7279\u52d2\u652f\u4e2d\u592e\u706b\u8f66\u7ad9\u524d\u4e58\u516c\u4ea4127,\u8f66\u7a0b\u7ea62\u5c0f\u65f6,\u6bcf\u5c0f\u65f62\u73ed\u3002", "address": "Kasteelaan 1,3455RR Haarzuilens", "tips": "\u6bcf\u5e749\u6708,\u8303\u2022\u7956\u4f9d\u4f26\u5bb6\u65cf\u7684\u540e\u4eba\u4f1a\u5230\u5fb7\u54c8\u5c14\u57ce\u5821\u5c45\u4f4f\u4e00\u4e2a\u6708,\u5c4a\u65f6\u4ed6\u4eec\u5927\u5bb4\u5bbe\u5ba2,\u9080\u8bf7\u7ea2\u6751\u7684\u5c45\u6c11\u4eec\u53c2\u52a0\u7684\u540c\u65f6,\u8fd8\u4e3e\u529e\u7cbe\u5f69\u7684\u70df\u706b\u8868\u6f14\u3002\u51d1\u5de7\u7684\u8bdd,\u8bf4\u4e0d\u5b9a\u4f60\u4e5f\u80fd\u6210\u4e3a\u5176\u4e2d\u7684\u4e00\u4efd\u5b50\uff01"}');
INSERT INTO "city_picture" VALUES('b47a7075-1f52-11e2-93b3-e4ce8f4b5244','de-ha-er-cheng-bao_1.jpg','/static/media/uploads/amsterdam/de-ha-er-cheng-bao_1.jpg','','b47911c0-1f52-11e2-bdfe-e4ce8f4b5244','2012-10-26 09:51:25.021721+00:00');
INSERT INTO "city_picture" VALUES('b4bc36b0-1f52-11e2-9f82-e4ce8f4b5244','de-ha-er-cheng-bao_2.jpg','/static/media/uploads/amsterdam/de-ha-er-cheng-bao_2.jpg','','b47911c0-1f52-11e2-bdfe-e4ce8f4b5244','2012-10-26 09:51:25.453687+00:00');
INSERT INTO "city_picture" VALUES('b50ed16b-1f52-11e2-b40e-e4ce8f4b5244','de-ha-er-cheng-bao_3.jpg','/static/media/uploads/amsterdam/de-ha-er-cheng-bao_3.jpg','','b47911c0-1f52-11e2-bdfe-e4ce8f4b5244','2012-10-26 09:51:25.995007+00:00');
INSERT INTO "city_place" VALUES('b550cb38-1f52-11e2-b504-e4ce8f4b5244','休伯特狩猎城堡','St.Hubert Hunting Lodge',1,6,'5.873305','52.120302','在湛蓝的天空和茂密的森林之间，一幢华丽的“老宅”，一段古代神话和现代传奇的美好结合。',3,'{"website": "www.hogeveluwe.nl", "ticketInfo": "\u68b5\u9ad8\u68ee\u6797\u95e8\u7968\uff1a\u6210\u4eba8.2\u6b27,6-12\u5c814.1\u6b27,5\u5c81\u4ee5\u4e0b\u514d\u8d39\uff1b\u68b5\u9ad8\u68ee\u6797\u901a\u7968\uff08\u542b\u5e93\u52d2\u6155\u52d2\u7f8e\u672f\u9986\uff09\uff1a\u6210\u4eba16.4\u6b27,6-12\u5c818.2\u6b27,6\u5c81\u4ee5\u4e0b\u514d\u8d39\u300220\u4eba\u4ee5\u4e0a\u56e2\u961f9\u6298\u3002", "openTime": "1\u6708\u81f33\u6708 9:00-18:00##4\u6708 8:00-20\uff1a00##5\u67088 :00-21:00##6\u6708\u81f37\u6708 8:00\u201422:00##8\u6708 8:00-21:00##9\u6708 9:00-20:00##10\u67089:00-19:00##11\u81f312\u6708 9:00-18:00", "description": "\u4f11\u4f2f\u7279\u57ce\u5821\u662f20\u4e16\u7eaa\u521d\u5bcc\u7532\u8377\u5170\u7684\u5e93\u52d2\u2022\u6155\u52d2\u592b\u5987\u5728\u8fd9\u7247\u7f8e\u4e3d\u7684\u68ee\u6797\u4e2d\u4fee\u5efa\u7684\u4f4f\u6240\u3002\u8fd9\u5ea7\u522b\u5885\u56e0\u7537\u4e3b\u4eba\u559c\u6b22\u72e9\u730e\uff0c\u730e\u4eba\u7684\u5b88\u62a4\u795e\u4f11\u4f2f\u7279\u7684\u6545\u4e8b\u4fbf\u6210\u4e86\u8bbe\u8ba1\u5e08\u7684\u7075\u611f\u6765\u6e90\u3002\u4ece\u5929\u7a7a\u4e2d\u4fef\u77b0\u65f6\uff0c\u57ce\u5821\u662f\u4e00\u4e2a\u9e7f\u5934\u5f97\u5f62\u72b6\uff0c\u8868\u8fbe\u4e86\u5bf9\u795e\u9e7f\u7684\u656c\u4ef0\u3002\u57ce\u5821\u91cc\u9762\u7684\u9648\u8bbe\u548c\u5bb6\u5177\u540c\u6837\u51fa\u81ea\u8d1d\u62c9\u8d6b\u7684\u8bbe\u8ba1\uff0c\u5c3d\u663e\u4e3b\u4eba\u5f53\u5e74\u7684\u5962\u534e\u751f\u6d3b\uff0c\u7279\u522b\u6536\u85cf\u4e86\u4e0d\u5c11\u6765\u81ea\u4e1c\u65b9\u7684\u6587\u7269\u3002", "address": "Apeldoornseweg 250,7351 TA Hoenderloo"}');
INSERT INTO "city_picture" VALUES('b55235e8-1f52-11e2-9e5e-e4ce8f4b5244','xiu-bo-te-shou-xi-cheng-bao_1.jpg','/static/media/uploads/amsterdam/xiu-bo-te-shou-xi-cheng-bao_1.jpg','','b550cb38-1f52-11e2-b504-e4ce8f4b5244','2012-10-26 09:51:26.435923+00:00');
INSERT INTO "city_picture" VALUES('b59406c7-1f52-11e2-bb6d-e4ce8f4b5244','xiu-bo-te-shou-xi-cheng-bao_2.jpg','/static/media/uploads/amsterdam/xiu-bo-te-shou-xi-cheng-bao_2.jpg','','b550cb38-1f52-11e2-b504-e4ce8f4b5244','2012-10-26 09:51:26.867677+00:00');
INSERT INTO "city_place" VALUES('b5e03687-1f52-11e2-96f5-e4ce8f4b5244','阿培尔顿罗宫','Paleis Het Loo Nationaal Museum',1,6,'5.945961','52.236565','乘坐古董马车前往森林包围中遗世独立的皇室宫殿，会不会有穿越的感觉？',3,'{"website": "www.paleishetloo.nl", "ticketInfo": "0.4", "openTime": "\u5468\u4e8c\u81f3\u5468\u65e510\uff1a00-17\uff1a00##\u516c\u5171\u5047\u65e5\u3001\u65b0\u5e74\u3001\u6bcf\u5468\u4e00\u95ed\u9986", "description": "\u7f57\u5bab\u5750\u843d\u4e8e\u963f\u57f9\u5c14\u987f\uff0c\u662f\u4e00\u5ea7\u6d78\u900f\u4e86\u7687\u5ba4\u70b9\u6ef4\u751f\u6d3b\u548c\u6591\u6591\u5c81\u6708\u7684\u5bab\u6bbf\u3002\u82b1\u56ed\u4f9d17\u4e16\u7eaa\u7684\u4f20\u7edf\u5f62\u5f0f\u8fdb\u884c\u4f11\u6574\uff0c\u5df4\u6d1b\u514b\u98ce\u683c\u6062\u5f18\u800c\u5927\u6c14\u3002\u5bab\u4e2d\u7684\u4e00\u95f4\u95f4\u623f\u5c4b\u5c55\u793a\u4e86\u7687\u5ba4300\u591a\u5e74\u7684\u5bb6\u5c45\u751f\u6d3b\uff0c\u89c1\u8bc1\u4e86\u5965\u5170\u6cbb\u5bb6\u65cf300\u591a\u5e74\u7684\u5386\u53f2\u3002\u4e1c\u914d\u697c\u53ef\u53c2\u89c2\u8377\u5170\u65e8\u610f\u5927\u81e3\u535a\u7269\u9986\uff0c\u5c55\u793a\u7684\u52cb\u7ae0\u3001\u5b98\u670d\u7b49\u73cd\u54c1\u582a\u79f0\u4e16\u754c\u4e4b\u6700\u3002", "address": "Koninklijk Park 1,7315 JA Apeldoorn", "tips": "\u9876\u697c\u9732\u53f0\u662f\u4fef\u77b0\u540e\u82b1\u56ed\u7684\u6700\u4f73\u4f4d\u7f6e,\u53e6\u5916\u4f60\u53ef\u4ee5\u4e58\u5750\u53e4\u8463\u9a6c\u8f66\u524d\u5f80\u5bab\u6bbf,\u4f53\u4f1a\u4e9b\u8bb8\u7687\u5bb6\u7684\u611f\u53d7\u3002"}');
INSERT INTO "city_picture" VALUES('b5e146d7-1f52-11e2-b3c5-e4ce8f4b5244','a-pei-er-dun-luo-gong_1.jpg','/static/media/uploads/amsterdam/a-pei-er-dun-luo-gong_1.jpg','','b5e03687-1f52-11e2-96f5-e4ce8f4b5244','2012-10-26 09:51:27.373993+00:00');
INSERT INTO "city_picture" VALUES('b5f2d87d-1f52-11e2-b515-e4ce8f4b5244','a-pei-er-dun-luo-gong_2.jpg','/static/media/uploads/amsterdam/a-pei-er-dun-luo-gong_2.jpg','','b5e03687-1f52-11e2-96f5-e4ce8f4b5244','2012-10-26 09:51:27.489480+00:00');
INSERT INTO "city_picture" VALUES('b60c8f6b-1f52-11e2-a475-e4ce8f4b5244','a-pei-er-dun-luo-gong_3.jpg','/static/media/uploads/amsterdam/a-pei-er-dun-luo-gong_3.jpg','','b5e03687-1f52-11e2-96f5-e4ce8f4b5244','2012-10-26 09:51:27.657963+00:00');
INSERT INTO "city_place" VALUES('b626097d-1f52-11e2-ba3b-e4ce8f4b5244','喜力体验馆','Heineken Experience',2,6,'4.891692','52.357805','“我们不卖啤酒，我们只卖快乐！”在跨越两个世纪酿造啤酒的地方，体验啤酒的诞生过程和“喜力风情”。',2,'{"website": "www.heinekenexperience.com", "ticketInfo": "\u6210\u4eba\uff1a17\u6b27 ##8-15\u5c81\u513f\u7ae5\uff1a13\u6b27 ##8\u5c81\u4ee5\u4e0b\uff1a\u514d\u8d39##\u963f\u59c6\u65af\u7279\u4e39\u5361\u4eab\u53d77.5\u6298\u4f18\u60e0", "openTime": "9\u6708\u81f35\u6708 11:00-19:30 \u6700\u540e\u5165\u573a17:30 ##6\u6708\u81f38\u6708 10:30-21:00 \u6700\u540e\u5165\u573a19:00", "phoneNumber": "+31-205239222", "description": "\u559c\u529b\u5564\u9152\u516c\u53f8\u662f1864\u5e74\u5728\u963f\u59c6\u65af\u7279\u4e39\u521b\u7acb\u7684\u917f\u9152\u516c\u53f8\uff0c\u5168\u5e74\u5564\u9152\u751f\u4ea7\u91cf\u4e3a121.8\u767e\u4e07\u5347\uff0c\u662f\u4e16\u754c\u7b2c\u56db\u5927\u5564\u9152\u917f\u9020\u5546\u3002\u5982\u4eca\u7684\u4f53\u9a8c\u9986\u539f\u662f\u559c\u529b\u516c\u53f8\u7684\u917f\u9020\u5382\u3002\u4f53\u9a8c\u9986\u8fd0\u7528\u4e86\u8bb8\u591a\u9ad8\u79d1\u6280\u7684\u8bbe\u5907\u5411\u4eba\u5c55\u793a\u4e86\u8be5\u5564\u9152\u917f\u9020\u7684\u8fc7\u7a0b\u3002\u5899\u9762\u4e0a\u8fd8\u6302\u6709\u4e00\u526f\u5de8\u5927\u7684\u917f\u9152\u6d41\u7a0b\u56fe\uff0c\u548c\u8bb8\u591a\u5177\u6709\u5386\u53f2\u610f\u4e49\u7684\u7167\u7247\u3002\u53c2\u89c2\u7ed3\u675f\u65f6\u8fd8\u80fd\u514d\u8d39\u54c1\u5c1d\u65b0\u9c9c\u7eaf\u6b63\u7684\u5564\u9152\u5662\u3002", "arriveMethod": "\u6709\u8f68\u7535\u8f667/10/16/24/25\u8def,\u5728Heineken Experience\u7ad9\u4e0b\u8f66", "address": "Stadhouderskade 78, Amsterdam, NH 1072 AE Netherlands", "tips": "\u53c2\u89c2\u7ed3\u675f\u65f6\u8fd8\u80fd\u514d\u8d39\u54c1\u5c1d\u65b0\u9c9c\u7eaf\u6b63\u7684\u5564\u9152\u5662\u3002"}');
INSERT INTO "city_picture" VALUES('b6271a30-1f52-11e2-944b-e4ce8f4b5244','xi-li-ti-yan-guan_1.jpg','/static/media/uploads/amsterdam/xi-li-ti-yan-guan_1.jpg','','b626097d-1f52-11e2-ba3b-e4ce8f4b5244','2012-10-26 09:51:27.831401+00:00');
INSERT INTO "city_picture" VALUES('b6414f68-1f52-11e2-aed8-e4ce8f4b5244','xi-li-ti-yan-guan_2.jpg','/static/media/uploads/amsterdam/xi-li-ti-yan-guan_2.jpg','','b626097d-1f52-11e2-ba3b-e4ce8f4b5244','2012-10-26 09:51:28.003640+00:00');
INSERT INTO "city_picture" VALUES('b6505114-1f52-11e2-8016-e4ce8f4b5244','xi-li-ti-yan-guan_3.jpg','/static/media/uploads/amsterdam/xi-li-ti-yan-guan_3.jpg','','b626097d-1f52-11e2-ba3b-e4ce8f4b5244','2012-10-26 09:51:28.101974+00:00');
INSERT INTO "city_picture" VALUES('b6968b40-1f52-11e2-b763-e4ce8f4b5244','xi-li-ti-yan-guan_4.jpg','/static/media/uploads/amsterdam/xi-li-ti-yan-guan_4.jpg','','b626097d-1f52-11e2-ba3b-e4ce8f4b5244','2012-10-26 09:51:28.562318+00:00');
INSERT INTO "city_picture" VALUES('b6d91878-1f52-11e2-a9bb-e4ce8f4b5244','xi-li-ti-yan-guan_5.jpg','/static/media/uploads/amsterdam/xi-li-ti-yan-guan_5.jpg','','b626097d-1f52-11e2-ba3b-e4ce8f4b5244','2012-10-26 09:51:28.997763+00:00');
INSERT INTO "city_picture" VALUES('b71cbc9c-1f52-11e2-83eb-e4ce8f4b5244','xi-li-ti-yan-guan_6.jpg','/static/media/uploads/amsterdam/xi-li-ti-yan-guan_6.jpg','','b626097d-1f52-11e2-ba3b-e4ce8f4b5244','2012-10-26 09:51:29.441600+00:00');
INSERT INTO "city_place" VALUES('b75ecdc5-1f52-11e2-af5b-e4ce8f4b5244','波士鸡尾酒之家','House of Bols',2,6,'4.881252','52.359418','传承400多年的技术，延续400多年的风味，31种口味..“看完梵高，记得来上一杯勃朗特最爱的酒。”',2,'{"website": "www.houseofbols.nl", "ticketInfo": "\u6210\u4eba12.5\u6b27##\u5b66\u751f10\u6b27\uff0818\u5c81\u4ee5\u4e0a\u51c6\u5165\uff09", "openTime": "\u6bcf\u65e512:00-18:00\uff08\u5468\u4e8c\u95ed\u9986\uff09##\u6bcf\u5468\u4e9412:00-22:00", "description": "\u6ce2\u58eb\uff08Bols\uff09\u516c\u53f8\u662f\u4e16\u754c\u6700\u53e4\u8001\u7684\u917f\u9152\u5382\u4e4b\u4e00\uff0c\u4e8e1575\u5e74\u5728\u8377\u5170\u7684\u963f\u59c6\u65af\u7279\u4e39\u7531Lucas Bols\u521b\u7acb\u3002\u6ce2\u58eb\u70ed\u8877\u4e8e\u5c1d\u8bd5\u822a\u6d77\u5546\u4eba\u4ece\u5404\u4e2a\u56fd\u5bb6\u5730\u533a\u957f\u9014\u8dcb\u6d89\u5e26\u56de\u7684\u65b0\u5f0f\u9999\u6599\u3001\u836f\u8349\u4ee5\u53ca\u72ec\u5177\u98ce\u5473\u7684\u5f02\u56fd\u6c34\u679c\u6765\u4f5c\u4e3a\u917f\u9152\u6750\u6599\u3002\u4ed6\u7ecf\u8fc7\u7cbe\u6311\u7ec6\u9009\u548c\u53cd\u590d\u54c1\u5c1d\u540e\u917f\u9020\u51fa\u4e00\u7cfb\u5217\u53e3\u5473\u7ec6\u817b\u9999\u751c\u7684\u9e21\u5c3e\u9152\uff0c\u4e00\u76f4\u4e3a\u4e16\u4eba\u6240\u949f\u7231\u3002\u53e6\u5916\u8fd9\u91cc\u4ee5\u8d85\u73b0\u4ee3\u7684\u79d1\u6280\u88c5\u4fee\u8bbe\u5907\uff0c\u4ee5\u770b\u3001\u542c\u3001\u95fb\u3001\u54c1\u3001\u6478\u4e94\u5927\u611f\u5b98\u8ba9\u6e38\u5ba2\u4e86\u89e3\u6ce2\u58eb\u9152\u7684\u7f8e\u4e3d\u548c\u5386\u53f2\u77e5\u8bc6\u3002", "address": "Paulus Potterstraat14,1071CZ Amsterdam", "tips": "\u51e1\u53c2\u89c2\u8005\u5747\u53ef\u514d\u8d39\u54c1\u5c1d\u4efb\u610f\u4e00\u6b3e\u9e21\u5c3e\u9152\u3002##\u7434\u9152\uff08\u5373\u675c\u677e\u5b50\u9152\uff09\u662f\u8377\u5170\u7684\u56fd\u9152,\u4e5f\u662f\u5927\u5e08\u52c3\u6717\u7279\u7684\u6700\u7231\u3002"}');
INSERT INTO "city_picture" VALUES('b75fcfc7-1f52-11e2-ac81-e4ce8f4b5244','bo-shi-ji-wei-jiu-zhi-jia_1.jpg','/static/media/uploads/amsterdam/bo-shi-ji-wei-jiu-zhi-jia_1.jpg','','b75ecdc5-1f52-11e2-af5b-e4ce8f4b5244','2012-10-26 09:51:29.880753+00:00');
INSERT INTO "city_picture" VALUES('b7798ec2-1f52-11e2-8060-e4ce8f4b5244','bo-shi-ji-wei-jiu-zhi-jia_2.jpg','/static/media/uploads/amsterdam/bo-shi-ji-wei-jiu-zhi-jia_2.jpg','','b75ecdc5-1f52-11e2-af5b-e4ce8f4b5244','2012-10-26 09:51:30.049906+00:00');
INSERT INTO "city_picture" VALUES('b7bcf8d7-1f52-11e2-9b1d-e4ce8f4b5244','bo-shi-ji-wei-jiu-zhi-jia_3.jpg','/static/media/uploads/amsterdam/bo-shi-ji-wei-jiu-zhi-jia_3.jpg','','b75ecdc5-1f52-11e2-af5b-e4ce8f4b5244','2012-10-26 09:51:30.491717+00:00');
INSERT INTO "city_picture" VALUES('b7fd8702-1f52-11e2-aa95-e4ce8f4b5244','bo-shi-ji-wei-jiu-zhi-jia_4.jpg','/static/media/uploads/amsterdam/bo-shi-ji-wei-jiu-zhi-jia_4.jpg','','b75ecdc5-1f52-11e2-af5b-e4ce8f4b5244','2012-10-26 09:51:30.914839+00:00');
INSERT INTO "city_picture" VALUES('b81b1363-1f52-11e2-adfd-e4ce8f4b5244','bo-shi-ji-wei-jiu-zhi-jia_5.jpg','/static/media/uploads/amsterdam/bo-shi-ji-wei-jiu-zhi-jia_5.jpg','','b75ecdc5-1f52-11e2-af5b-e4ce8f4b5244','2012-10-26 09:51:31.108427+00:00');
INSERT INTO "city_place" VALUES('b84dafca-1f52-11e2-a15c-e4ce8f4b5244','特色盐渍鲱鱼','Haring',2,6,'4.889405','52.386392','去“建在鲱鱼骨上的城市”，揪起鱼尾，仰头张嘴，一口生吞，原汁原味，无可企及。',8,'{"tips": "\u8282\u65e5\u4e0e\u8da3\u95fb\uff1a\u6bcf\u5e746\u6708\u7684\u7b2c\u4e8c\u4e2a\u661f\u671f\u516d,\u8377\u5170\u90fd\u8981\u4e3e\u529e\u4e00\u5e74\u4e00\u5ea6\u7684\u9cb1\u9c7c\u8282\u3002##\u5403\u9cb1\u9c7c\u7684\u4f20\u7edf\u65b9\u6cd5\uff1a\u4e0d\u653e\u4f5c\u6599,\u63d0\u8d77\u5c3e\u5df4\u5f20\u53e3\u5c31\u5403\uff1b\u8bb2\u7a76\u4e9b\u7684\u628a\u9c7c\u5939\u5728\u677e\u8f6f\u7684\u5c0f\u957f\u9762\u5305\u91cc,\u8d34\u4e0a\u51e0\u7247\u9178\u9ec4\u74dc\u548c\u751f\u6d0b\u8471,\u50cf\u70ed\u72d7\u4e00\u6837\u5403\uff1b\u4e5f\u53ef\u4ee5\u628a\u9c7c\u5207\u6210\u5c0f\u5757,\u88f9\u4e0a\u7ec6\u7ec6\u7684\u6d0b\u8471\u7c92,\u7528\u5200\u53c9\u4e00\u5757\u5757\u65af\u65af\u6587\u6587\u5730\u5403\u3002\u4e0d\u7ba1\u600e\u4e48\u5403\u90fd\u80fd\u4eab\u53d7\u5230\u751f\u9c9c\u9cb1\u9c7c\u7684\u7ec6\u5ae9\u7f8e\u5473\u3002\u9cb1\u9c7c\u7684\u9aa8\u5934\u5f88\u8f6f,\u4e0d\u7528\u62c5\u5fc3\u4f1a\u88ab\u523a\u5230\u3002", "phoneNumber": "+31-206233212 \u200e", "description": "\u8377\u5170\u8fd9\u4e2a\u4f4e\u5730\u5c0f\u56fd\uff0c\u906d\u53d7\u5927\u6d77\u8086\u8650\u7684\u540c\u65f6\uff0c\u4e5f\u6df1\u53d7\u5927\u6d77\u7684\u6069\u8d50\uff0c\u9c9c\u7f8e\u7684\u9c7c\u7c7b\u7ecf\u5e38\u5165\u83dc\uff0c\u6700\u5177\u4ee3\u8868\u7684\u5c31\u662f\u9cb1\u9c7c\u4e86\uff0c\u8425\u517b\u7f8e\u5473\u3002\u9cb1\u9c7c\u5bcc\u542b\u7ef4\u751f\u7d20D\u53ca\u9499\u8d28\uff0c\u6709\u76ca\u4e8e\u5fc3\u8840\u7ba1\u548c\u5f3a\u58ee\u9aa8\u5934\u3002\u4e0d\u4ec5\u5982\u6b64\uff0c\u5c0f\u5c0f\u7684\u9cb1\u9c7c\u5728\u5386\u53f2\u4e0a\u5bf9\u4e8e\u8377\u5170\u7684\u5d1b\u8d77\u8fd8\u66fe\u8d77\u5230\u4e3e\u8db3\u8f7b\u91cd\u7684\u4f5c\u7528\uff1a14\u4e16\u7eaa\u65f6\uff0c\u5c0f\u5c0f\u7684\u9cb1\u9c7c\u4e3a1/5\u7684\u8377\u5170\u4eba\u63d0\u4f9b\u4e86\u751f\u8ba1\uff0c\u5e76\u6210\u4e3a\u8377\u5170\u7684\u7ecf\u6d4e\u652f\u67f1\u3002\u65b0\u9c9c\u7684\u751f\u9cb1\u9c7c\u7ecf\u8fc7\u814c\u5236\u540e\uff0c\u52a0\u4e0a\u6d0b\u8471\u4e01\u548c\u67e0\u6aac\u6c41\uff0c\u4e00\u53e3\u4e00\u6761\uff0c\u5473\u9053\u9c9c\u7f8e\u3002", "address": "Stubbe''s Haring\uff1aSingel, 1013 GA Amsterdam, Netherlands"}');
INSERT INTO "city_place" VALUES('b84f0368-1f52-11e2-93db-e4ce8f4b5244','炸肉丸&克罗卷 ','Bitterballen&Kroket',2,6,'4.89775','52.377957','做起饭来颇有农民气质的荷兰人把土豆和各种肉泥混合,炸成金黄,就成了这个上得宴会下得小馆的小吃明星。',8,'{"website": "www.febo.nl", "tips": "\u8377\u5170\u51e0\u4e4e\u6240\u6709\u70b9\u5fc3\u5e97\u4e5f\u90fd\u63d0\u4f9bKroket,\u800c\u963f\u59c6\u65af\u7279\u4e39\u8857\u5934\u6700\u8457\u540d\u7684\u8fde\u9501\u5e97\u5c31\u662fFEBO,\u9ec4\u8272\u62db\u724c\u975e\u5e38\u9192\u76ee,\u5728\u95f9\u5e02\u533a\u968f\u5904\u53ef\u89c1,\u800c\u4e14\u5b83\u4eec\u7684\u70b8\u9e21\u817f\u9e21\u7fc5\u90fd\u4e0d\u9519\u5594\u3002\u51c6\u5907\u786c\u5e01\u5427,\u5168\u81ea\u52a9\u8d2d\u7269\u3002##\u6559\u4f60\u770b\u83dc\u5355\uff1aRundvleeskroket\u662f\u725b\u8089\u9985\u7684\u8089\u997c,Kaassouffle\u5219\u662f\u5976\u916a\u9985\u7684\u8089\u997c\u3002", "description": "\u70b8\u8089\u4e38\uff08Bitterballen\uff09\u8fd9\u4e2a\u4ee4\u4eba\u80c3\u53e3\u5927\u5f00\u7684\u5976\u6cb9\u8089\u4e38\u662f\u8377\u5170\u4eba\u7684\u6700\u7231\uff0c\u8fd9\u4e9b\u6709\u70b8\u8089\u4e38\u91cc\u9762\u6d53\u90c1\u7684\u852c\u83dc\u7096\u8089\uff0c\u6216\u8005\u9999\u6d53\u65e0\u6bd4\u7684\u829d\u58eb\uff0c\u5916\u9762\u5219\u662f\u91d1\u9ec4\u8272\u7684\u9999\u8106\u5916\u58f3\u3002\u7528\u7259\u7b7e\u63d2\u7740\u6cbe\u4e0a\u9ec4\u82a5\u672b\uff0c\u5b83\u4eec\u5e38\u5e38\u5728\u9e21\u5c3e\u9152\u4f1a\u4e0a\u63d0\u4f9b\uff0c\u6216\u4f5c\u4e3a\u642d\u914d\u9910\u524d\u9152\u7684\u70b9\u5fc3\uff0c\u4e58\u70ed\u54c1\u5c1d\uff0c\u5bd2\u51b7\u5929\u6c14\u4e2d\u7684\u6700\u5927\u4eab\u53d7\u3002\u800c\u8377\u5170\u7684\u5178\u578b\u5feb\u9910\u5c0f\u98df\u514b\u7f57\u5377\uff08Kroket\uff09, \u53ef\u4ee5\u8bf4Kroket\u662f\u6700\u5927\u7684Bitterballen\u4ee5\u725b\u8089\u514b\u7f57\u5377\u6700\u5178\u578b\u3002\u514b\u7f57\u5377\u6e90\u81ea\u51e0\u767e\u5e74\u524d\u5bb6\u5ead\u4e3b\u5987\u4eec\u628a\u5269\u4e0b\u7684\u98df\u7269\u6eda\u4e0a\u9762\u5305\u7c89\u714e\u70b8\u800c\u6765\u3002\u514b\u7f57\u5377\u8fd8\u53ef\u4ee5\u5939\u5728\u9762\u5305\u5377\u91cc\uff0c\u6d82\u4e0a\u82a5\u672b\u9171\uff0c\u7136\u540e\u50cf\u4e00\u4e2a\u8ff7\u4f60\u4e09\u660e\u6cbb\u4e00\u6837\u72fc\u541e\u864e\u54bd\u3002", "address": "Febo:Damrak 6, 1012 LG Amsterdam"}');
INSERT INTO "city_place" VALUES('b8503063-1f52-11e2-9789-e4ce8f4b5244','荷兰煎饼 ','Pannekoek',2,6,'4.884149','52.36352','阿姆斯特丹上空都飘着荷兰煎饼的甜香，你说尝还是不尝？',6,'{"tips": "\u591a\u79cd\u53e3\u5473\u4e2d,\u5176\u4e2d\u52a0\u4e86\u51b0\u6dc7\u6dcb\u3001\u5976\u6cb9\u548c\u6c34\u679c\u53e3\u5473\u7684\u714e\u997c\u6700\u5177\u8377\u5170\u7279\u8272\uff1b\u8fd8\u6709\u6d77\u9c9c\u5927\u5168\u714e\u997c,\u7b97\u662f\u714e\u997c\u4e2d\u7684\u9ad8\u7aef\u4ea7\u54c1\u4e86,\u4e5f\u662f\u7126\u9ec4\u7684\u714e\u997c\u4e0a\u5806\u653e\u7740\u4e00\u5c42\u5c42\u751f\u731b\u6d77\u9c9c,\u7edd\u5bf9\u7684\u6599\u8db3\u5473\u7f8e\u3002##\u4e00\u822c\u54b8\u7684\u53e3\u5473\u6bd4\u8f83\u9002\u5408\u4e1c\u65b9\u4eba\u5f53\u505a\u6b63\u9910\u5403\u3002\u6309\u7167\u8377\u5170\u4eba\u7684\u5206\u91cf\u4e00\u4eba\u4efd\u4e24\u4e2a\u4eba\u5403\u521a\u521a\u597d\u3002##\u6709\u4e9b\u9910\u9986\u7ed9\u5b83\u51a0\u4e0a\u4e86\u4e2a\u534e\u4e3d\u7684\u540d\u5b57,\u53eb\u505a\u53ef\u4e3d\u997c,\u91cc\u9762\u5305\u542b\u4e86\u9999\u8349\u51b0\u6dc7\u6dcb,\u5916\u9762\u6dcb\u4e86\u6e29\u70ed\u7684\u5de7\u514b\u529b\u5496\u5561\u3002", "phoneNumber": "+31-206276303 ", "description": "\u714e\u997c\u662f\u8377\u5170\u6700\u666e\u904d\u4e5f\u6700\u53d7\u6b22\u8fce\u7684\u98ce\u5473\u9910\u70b9\u3002\u8377\u5170\u714e\u997c\u6709\u70b9\u50cf\u9e21\u86cb\u997c\uff0c\u5927\u5c0f\u5f62\u72b6\u5747\u5f88\u76f8\u4f3c\uff0c\u4f46\u662f\u53e3\u5473\u66f4\u4e30\u5bcc\u3002\u8377\u5170\u4eba\u628a\u714e\u997c\u7684\u79cd\u7c7b\u53d1\u6325\u7684\u6570\u4e0d\u80dc\u6570\uff0c\u8584\u8584\u7684\u4e00\u5f20\u714e\u997c\u4e0a\u5806\u653e\u7740\u5404\u79cd\u98df\u6750\uff0c\u6700\u51fa\u540d\u7684\u6709\uff1a\u852c\u83dc\u714e\u997c\u3001\u5976\u916a\u714e\u997c\u3001\u6216\u706b\u817f\u714e\u997c\u3001\u54b8\u8089\u714e\u997c\uff0c\u8fd8\u6709\u751c\u7684\u6709\u6c34\u679c\u3001\u51b0\u6dc7\u6dcb\u548c\u5de7\u514b\u529b\u5473\u9053\u7684\u3002\u5403\u8fd9\u79cd\u714e\u997c\u4e5f\u6709\u8bb2\u7a76\uff0c\u4e0d\u80fd\u5e73\u7740\u5403\uff0c\u8981\u7eb5\u5411\u5403\uff0c\u4e00\u52fa\u63d2\u5230\u5e95\uff0c\u5404\u5c42\u98df\u6599\u5c3d\u5728\u53e3\u4e2d\uff0c\u7ec6\u817b\u5ae9\u6ed1\uff0c\u53e3\u5473\u7edd\u4f73\u3002", "address": "Kleine Gartmanplantsoen 51, 1017 RP Amsterdam,Netherlands"}');
INSERT INTO "city_place" VALUES('b8516c3d-1f52-11e2-822f-e4ce8f4b5244','薯条&烤土豆','Potato',2,6,'4.89539','52.37594','大块头的炸薯条裹着香浓蛋黄酱，还有土豆版的美味三明治，在荷兰土豆当家！',8,'{"tips": "\u201c\u571f\u8c46\u6c49\u5821\u5e97\u201d\u63a8\u8350\u5728\u83b1\u987f\u4e00\u5bb6\u5b66\u751f\u7ecf\u5e38\u5149\u987e\u7684\u5feb\u9910\u5e97,\u5730\u5740\uff1a Jacketz,Maarsmansteeg 10,2311 EE Leiden", "description": "\u8377\u5170\u996e\u98df\u4e2d\uff0c\u571f\u8c46\u4e00\u76f4\u662f\u4e3b\u8981\u539f\u6599\u3002\u636e\u8bf4\u571f\u8c46\u662f\u572817\u4e16\u7eaa\u65f6\u7531\u5357\u7f8e\u4f20\u5165\u8377\u5170\u7684\uff0c\u7531\u4e8e\u5bb9\u6613\u79cd\u690d\u3001\u4fbf\u4e8e\u50a8\u85cf\u548c\u70f9\u996a\uff0c\u5f88\u5feb\u5c31\u6210\u4e3a\u4eba\u4eec\u9910\u684c\u4e0a\u7684\u5e38\u5ba2\uff0c\u98ce\u9761\u5168\u7403\u7684\u571f\u8c46\u6ce5\u5c31\u662f\u8377\u5170\u4eba\u53d1\u660e\u7684\u3002\u73b0\u5728\u8377\u5170\u8857\u5934\u6700\u591a\u7684\u5c31\u662f\u70b8\u85af\u6761\u5e97\uff0c\u8fd9\u91cc\u7684\u85af\u6761\u4e2a\u513f\u5927\u65b0\u9c9c\uff0c\u5206\u91cf\u5f88\u8db3\uff0c\u901b\u8857\u65f6\u4e70\u4e0a\u4e00\u5305\uff0c\u53ea\u9700\u4e00\u4e24\u4e2a\u6b27\u5143\u5c31\u53ef\u4ee5\u5728\u5bd2\u51b7\u7684\u5b63\u8282\u8ba9\u4f60\u7684\u8eab\u4f53\u201c\u8fc5\u901f\u5347\u6e29\u201d\u3002\u4e0d\u8fc7\u8377\u5170\u571f\u8c46\u4e0d\u4ec5\u4ec5\u662f\u8fd9\u4e48\u7b80\u5355\u7684\u5403\u6cd5\uff0c\u70e4\u571f\u8c46\u5c31\u662f\u53e6\u4e00\u79cd\uff1a\u4e00\u4e2a\u7855\u5927\u7684\u571f\u8c46\u70e4\u597d\u5207\u5f00\uff0c\u91cc\u9762\u585e\u4e0a\u814c\u8fc7\u7684\u4e09\u6587\u9c7c\u6216\u8005\u57f9\u6839\uff0c\u914d\u4e0a\u5976\u916a\u548c\u4e00\u4e9b\u852c\u83dc\uff0c\u5c31\u662f\u4e00\u987f\u7f8e\u9910\u4e86\u3002", "address": "Vlaamse Fritesa:Damrak 58, 1012 LL Amsterdam"}');
INSERT INTO "city_picture" VALUES('b852b421-1f52-11e2-a563-e4ce8f4b5244','shu-tiao-&kao-tu-dou_1.jpg','/static/media/uploads/amsterdam/shu-tiao-&kao-tu-dou_1.jpg','','b8516c3d-1f52-11e2-822f-e4ce8f4b5244','2012-10-26 09:51:31.471998+00:00');
INSERT INTO "city_picture" VALUES('b89de5c7-1f52-11e2-90a0-e4ce8f4b5244','shu-tiao-&kao-tu-dou_2.jpg','/static/media/uploads/amsterdam/shu-tiao-&kao-tu-dou_2.jpg','','b8516c3d-1f52-11e2-822f-e4ce8f4b5244','2012-10-26 09:51:31.965776+00:00');
INSERT INTO "city_place" VALUES('b8ea934f-1f52-11e2-950e-e4ce8f4b5244','鲜肥海鲜','Seafood',2,6,'4.880716','52.355094','鲑鱼鳕鱼银鱼条条鲜美，生食蒸煮烟熏样样出彩。荷兰女王亲自打广告，试试？',6,'{"website": "www.diningcity.nl/deknijp", "openTime": "18:00-01:00", "phoneNumber": "+31-206714248", "description": "\u8377\u5170\u6fd2\u4e34\u5317\u6d77\uff0c\u6c34\u4ea7\u7269\u79cd\u4e30\u5bcc\uff0c\u4e00\u5e74\u5230\u5934\u4e0d\u865e\u532e\u4e4f\uff0c\u800c\u4e14\u70f9\u8c03\u624b\u6cd5\u53d8\u5316\u591a\u6837\uff0c\u53e3\u5473\u72ec\u7279\u3002\u5728\u6d77\u7259\u3001\u9e7f\u7279\u4e39\u4ee5\u53ca\u6cbf\u6d77\u7684\u57ce\u9547\uff0c\u968f\u5904\u53ef\u4ee5\u627e\u5230\u70f9\u5236\u9c7c\u9910\u7684\u8457\u540d\u9910\u5385\u3002\u6cfd\u5170\u7701\u4ee5\u5403\u6d77\u9c9c\u4e3a\u4e3b\uff0c\u5c24\u5176\u8d3b\u8d1d\u3001\u7261\u86ce\u3001\u6bd4\u76ee\u9c7c\uff0c\u9009\u4e2a\u6d77\u8fb9\u9ad8\u53f0\u4e0a\u7684\u5ea7\u4f4d\uff0c\u8fb9\u89c2\u6d77\u8fb9\u4eab\u53d7\u7f8e\u9910\u3002", "address": "De Knij:Van Baerlestraat 134,1071BD Amsterdam"}');
INSERT INTO "city_place" VALUES('b8ebf894-1f52-11e2-9146-e4ce8f4b5244','荷兰汤','Soup',2,6,'4.89402','52.378009','“为活而吃”的荷兰人似乎从没和美食有过瓜葛,以至承认是“味觉失灵”。不过，汤是个例外！ ',6,'{"website": "www.desilverenspiegel.com", "ticketInfo": "\u4e3b\u83dc\u5e73\u574717\u6b27", "openTime": "17:30-22:30,\u5468\u65e5\u4f11\u606f", "phoneNumber": "+31-207797450", "description": "\u9752\u8c46\u6c64\u662f\u8377\u5170\u4eba\u51ac\u5b63\u6700\u559c\u7231\u7684\u98df\u54c1\u3002\u5403\u7684\u65f6\u5019\u8fd8\u53ef\u4ee5\u52a0\u5165\u8c6a\u8fbe\u5976\u916a\u548c\u65b0\u9c9c\u5976\u6cb9\uff0c\u76f8\u5f53\u7f8e\u5473\u3002\u51ac\u5929\u559d\u5e72\u9752\u8c46\u6c64\uff0c\u6696\u6696\u548c\u548c\uff0c\u6ee1\u5ba4\u8c46\u9999\uff01\u8377\u5170\u8fd8\u6709\u4e00\u4e9b\u7279\u522b\u7684\u6c64\uff0c\u5176\u4e2d\u6700\u5065\u5eb7\u7684\u5927\u6982\u662f\u7518\u84dd\u6c64\u3002\u7518\u84dd\u6c64\u91cc\u6709\u5f88\u591a\u7684\u852c\u83dc\u548c\u8349\u836f\uff0c\u70ed\u91cf\u5f88\u4f4e\uff0c\u6240\u4ee5\u5f88\u53d7\u7231\u82d7\u6761\u7684\u4eba\u6b22\u8fce\u3002\u68d5\u8c46\u6c64\u4e5f\u5f88\u5065\u5eb7\u3002\u9e21\u8089\u6e05\u6c64\u662f\u6700\u53d7\u6b22\u8fce\u7684\u6e05\u6c64\u3002\u9762\u7c89\u548c\u5976\u6cb9\u505a\u6210\u7684\u9e21\u8089\u6c64\u4eab\u6709\u201c\u5973\u738b\u7684\u6c64\u201d\u7684\u7f8e\u8a89\u3002", "address": "De Silveren Spiegel:Kattengat 4-6,1012sz,Amsterdam"}');
INSERT INTO "city_picture" VALUES('b8ed08d7-1f52-11e2-bcba-e4ce8f4b5244','he-lan-tang_1.jpg','/static/media/uploads/amsterdam/he-lan-tang_1.jpg','','b8ebf894-1f52-11e2-9146-e4ce8f4b5244','2012-10-26 09:51:32.483976+00:00');
INSERT INTO "city_picture" VALUES('b92caa54-1f52-11e2-bdf7-e4ce8f4b5244','he-lan-tang_2.jpg','/static/media/uploads/amsterdam/he-lan-tang_2.jpg','','b8ebf894-1f52-11e2-9146-e4ce8f4b5244','2012-10-26 09:51:32.901153+00:00');
INSERT INTO "city_picture" VALUES('b96c6875-1f52-11e2-b82f-e4ce8f4b5244','he-lan-tang_3.jpg','/static/media/uploads/amsterdam/he-lan-tang_3.jpg','','b8ebf894-1f52-11e2-9146-e4ce8f4b5244','2012-10-26 09:51:33.319164+00:00');
INSERT INTO "city_picture" VALUES('b9aabc00-1f52-11e2-9891-e4ce8f4b5244','he-lan-tang_4.jpg','/static/media/uploads/amsterdam/he-lan-tang_4.jpg','','b8ebf894-1f52-11e2-9146-e4ce8f4b5244','2012-10-26 09:51:33.726874+00:00');
INSERT INTO "city_place" VALUES('b9ebaa6e-1f52-11e2-8657-e4ce8f4b5244','冰酒吧','Xtra Cold Icebar',2,6,'4.900071','52.366795','在热烈的“欲望城市”，难得有一处清凉地为激情降降温。老板，来一杯不带冰的冰喜力！',2,'{"ticketInfo": "\u4f7f\u7528\u963f\u59c6\u65af\u7279\u4e39\u57ce\u5e02\u5361\u6216\u8377\u5170\u901a\u7968\u514d\u8d39", "tips": "\u53ef\u7528Holland Pass\u4e0a\u9762\u7684\u5151\u6362\u5238\u6362\u51b0\u9152\u5427\u95e8\u7968\u3002##\u5468\u4e94\u516d\u8425\u4e1a\u5230\u665a\u4e00\u70b9,\u5e73\u65f6\u4eba\u4e0d\u591a\u5173\u95e8\u63d0\u65e9\u3002", "description": "\u51b0\u9152\u5427\u5728\u706b\u8f66\u7ad9\u9644\u8fd1\uff0c\u662f2006\u5e74\u5f00\u4e1a\u7684\u3002\u9152\u5427\u5206\u91cc\u5916\u4e24\u4e2a\u90e8\u5206\uff0c\u5916\u9762\u662f\u666e\u901a\u9152\u5427\uff0c\u88c5\u9970\u7740\u6d53\u6d53\u7684\u51b0\u96ea\u6c14\u6c1b\uff0c\u5317\u6781\u718a\u3001\u5c0f\u4f01\u9e45\u5728\u83b9\u83b9\u84dd\u5149\u4e0b\u61a8\u6001\u53ef\u63ac\u3002\u800c\u6052\u6e29\u96f6\u4e0b\u5341\u5ea6\u7684\u51b0\u5c4b\u5219\u5728\u6700\u91cc\u9762\uff0c\u8fd9\u95f4\u5c0f\u5c0f\u7684\u51b0\u5c4b\u91cc\u4f60\u53ef\u4ee5\u770b\u5230\u4e00\u4e2a\u6676\u83b9\u4e94\u5f69\u7684\u51b0\u4e16\u754c\u2014\u2014\u684c\u5b50\u3001\u5427\u53f0\u3001\u9152\u676f\u90fd\u662f\u7528\u51b0\u5236\u6210\u7684\u3002Xtra Cold\u51b0\u5c4b\u6bcf\u5e74\u6362\u4e00\u4e2a\u4e3b\u9898\uff0c\u6253\u788e\u65e7\u51b0\u96d5\uff0c\u7136\u540e\u6709\u4e13\u95e8\u7684\u51b0\u516c\u53f8\u63d0\u4f9b\u65b0\u51b0\uff0c3\u5929\u5c31\u53ef\u4ee5\u5236\u4f5c\u5b8c\u6210\u3002\u8fd9\u91cc\u6bcf\u4e24\u5e74\u4f1a\u5236\u4f5c\u4e00\u90e8\u65b0\u7535\u5f71\uff0c\u53ef\u4e00\u8fb9\u4eab\u7528\u5564\u9152\u679c\u6c41\u8fb9\u89c2\u770b\u3002", "address": "Amstel 194-196beg.gr.1017 AG Amsterdam"}');
INSERT INTO "city_picture" VALUES('b9eca7c0-1f52-11e2-91ea-e4ce8f4b5244','bing-jiu-ba_1.jpg','/static/media/uploads/amsterdam/bing-jiu-ba_1.jpg','','b9ebaa6e-1f52-11e2-8657-e4ce8f4b5244','2012-10-26 09:51:34.159311+00:00');
INSERT INTO "city_picture" VALUES('ba2fea75-1f52-11e2-a4a8-e4ce8f4b5244','bing-jiu-ba_2.jpg','/static/media/uploads/amsterdam/bing-jiu-ba_2.jpg','','b9ebaa6e-1f52-11e2-8657-e4ce8f4b5244','2012-10-26 09:51:34.600308+00:00');
INSERT INTO "city_picture" VALUES('ba6ffce1-1f52-11e2-95cb-e4ce8f4b5244','bing-jiu-ba_3.jpg','/static/media/uploads/amsterdam/bing-jiu-ba_3.jpg','','b9ebaa6e-1f52-11e2-8657-e4ce8f4b5244','2012-10-26 09:51:35.020412+00:00');
INSERT INTO "city_place" VALUES('bab7301c-1f52-11e2-be19-e4ce8f4b5244','迦山钻石厂','Gassan Diamonds',5,6,'4.903249','52.369673','不同凡响的121个切面的钻石，闪爆全场，谁带谁闪亮！',2,'{"website": "www.gassandiamonds.com", "tips": "\u53ef\u80fd\u5f88\u591a\u4eba\u4e0d\u77e5\u9053,\u65e9\u572816\u4e16\u7eaa\u94bb\u77f3\u4ea4\u6613\u5c31\u5f15\u8fdb\u963f\u59c6\u65af\u7279\u4e39,\u56db\u4e2a\u4e16\u7eaa\u4ee5\u6765,\u963f\u59c6\u65af\u7279\u4e39\u4e00\u76f4\u662f\u5168\u7403\u7684\u94bb\u77f3\u91cd\u9547\u4e4b\u4e00\u3002\u8bb8\u591a\u8457\u540d\u7684\u94bb\u77f3\u90fd\u5728\u963f\u59c6\u65af\u7279\u4e39\u5207\u5272\u3001\u6253\u78e8,\u5982\uff1a\u6700\u5927\u7684\u94bb\u77f3\u5e93\u5229\u5357\u94bb\u77f3,\u4ee5\u53ca\u82f1\u56fd\u738b\u51a0\u7684\u201c\u67ef\u4f9d\u52aa\u5c14\u94bb\u77f3\u201d,\u670957\u4e2a\u5207\u9762\u7684\u4e16\u754c\u6700\u5c0f\u94bb\u77f3\u7b49\u7b49\u3002", "description": "\u8fe6\u5c71\u94bb\u77f3\u4e8e1945\u5e7410\u6708\u6210\u7acb\uff0c\u5f53\u65f6\u662f\u94bb\u77f3\u4ea4\u6613\u6240\u7684\u4e00\u5bb6\u5c0f\u516c\u53f8\u3002\u73b0\u5728\u7684\u8fe6\u5c71\u94bb\u77f3\u662f\u4e00\u5ea7\u5168\u5e74\u5f00\u653e\u7684\u94bb\u77f3\u5723\u6bbf\uff0c\u8fd8\u57282006\u5e74\u521b\u9020\u51fa\u4e86121\u4e2a\u9762\u66f4\u52a0\u7480\u74a8\u7684\u8fe6\u5c71121\u3002\u8fd9\u6709\u7740\u79cd\u7c7b\u7e41\u591a\u7684\u94bb\u77f3\u85cf\u54c1\uff0c\u5305\u62ec\u591a\u79cd\u4e0d\u540c\u5207\u5de5\u548c\u91cd\u91cf\uff0c\u4ece0.02\u514b\u62c9\u52305\u514b\u62c9\u4ee5\u4e0a\u7684\u5927\u94bb\u77f3\u3002\u8fd9\u91cc\u4e0d\u4ec5\u80fd\u5b66\u4e60\u5230\u9274\u522b\u94bb\u77f3\u7684\u4e13\u95e8\u77e5\u8bc6\uff0c\u6b23\u8d4f\u4e13\u4e1a\u4eba\u5458\u7684\u5207\u5272\u3001\u6253\u78e8\u8fc7\u7a0b\uff0c\u800c\u4e14\u8d2d\u4e70\u7684\u94bb\u77f3\u90fd\u9644\u94bb\u77f3\u54c1\u8d28\u3001\u7b49\u7ea7\u8bc1\u4e66\u3002", "address": "Nieuwe Uilenburgerstraat 173 1011 Amsterdam, The Netherlands"}');
INSERT INTO "city_picture" VALUES('bab86959-1f52-11e2-b108-e4ce8f4b5244','jia-shan-zuan-shi-han_1.jpg','/static/media/uploads/amsterdam/jia-shan-zuan-shi-han_1.jpg','','bab7301c-1f52-11e2-be19-e4ce8f4b5244','2012-10-26 09:51:35.494463+00:00');
INSERT INTO "city_picture" VALUES('bb00c4d4-1f52-11e2-80e3-e4ce8f4b5244','jia-shan-zuan-shi-han_2.jpg','/static/media/uploads/amsterdam/jia-shan-zuan-shi-han_2.jpg','','bab7301c-1f52-11e2-be19-e4ce8f4b5244','2012-10-26 09:51:35.969260+00:00');
INSERT INTO "city_picture" VALUES('bb1e100a-1f52-11e2-91cc-e4ce8f4b5244','jia-shan-zuan-shi-han_3.jpg','/static/media/uploads/amsterdam/jia-shan-zuan-shi-han_3.jpg','','bab7301c-1f52-11e2-be19-e4ce8f4b5244','2012-10-26 09:51:36.161279+00:00');
INSERT INTO "city_place" VALUES('bb6c867d-1f52-11e2-9c37-e4ce8f4b5244','皇家代尔夫特','Royal Delft',4,6,'4.367488','52.001898','在最古老的瓷器工厂，亲手制作独家的皇家气质瓷器，要么索性将御用官窑作品收入囊中！',3,'{"website": "www.royaldelft.com", "ticketInfo": "\u6210\u4eba12\u6b27,20\u4eba\u4ee5\u4e0a\u56e2\u961f9\u6b27,12\u5c81\u4ee5\u4e0b\u513f\u7ae5\u514d\u8d39", "openTime": "4\u6708-10\u6708 \u5468\u4e00\u81f3\u5468\u65e5,11\u6708-3\u6708 \u5468\u4e00\u81f3\u5468\u516d 9:00-17:00##12\u670825\u65e526\u65e5\u548c1\u67081\u65e5\u4e0d\u8425\u4e1a", "phoneNumber": "+31-152512030", "description": "\u7687\u5bb6\u4ee3\u5c14\u592b\u7279\u4f5c\u4e3a\u552f\u4e00\u4e00\u5bb617\u4e16\u7eaa\u4ee3\u5c14\u592b\u7279\u84dd\u5de5\u5382\uff0c\u81f3\u4eca\u4ecd\u6cbf\u88ad\u6570\u767e\u5e74\u4f20\u7edf\u7684\u624b\u5de5\u65b9\u6cd5\u7ed8\u5236\u74f7\u5668\uff0c\u582a\u79f0\u8377\u5170\u56fd\u5bb6\u73cd\u5b9d\uff0c\u6df1\u53d7\u8377\u5170\u7687\u5ba4\u559c\u7231\u3002\u6e38\u5ba2\u5728\u5bfc\u6e38\u5e26\u9886\u4e0b\uff0c\u6b23\u8d4f\u7687\u5bb6\u4ee3\u5c14\u592b\u7279\u79c1\u5bb6\u73cd\u85cf\u7684\u53e4\u8463\u74f7\u5668\uff0c\u53c2\u4e0e\u5236\u74f7\u4e92\u52a8\u4f53\u9a8c\uff0c\u89c2\u770b\u6574\u4e2a\u751f\u4ea7\u6d41\u7a0b\u3002\u5728\u9648\u5217\u5ba4\u4e2d\u67d0\u8fd8\u53ef\u6b23\u8d4f\u5230\u4ece\u7ecf\u5178\u5230\u73b0\u4ee3\u7684\u7687\u5bb6\u4ee3\u5c14\u592b\u7279\u74f7\u5668\u7684\u5b8c\u6574\u85cf\u54c1\uff0c\u6e38\u5ba2\u8fd8\u53ef\u4eb2\u81ea\u5236\u4f5c\u5c5e\u4e8e\u81ea\u5df1\u7684\u74f7\u7816\u3001\u76d8\u5b50\u6216\u9910\u5177\uff01 ", "address": "Rotterdamseweg 196,2628 AR Delft"}');
INSERT INTO "city_picture" VALUES('bb6d9f28-1f52-11e2-9863-e4ce8f4b5244','huang-jia-dai-er-fu-te_1.jpg','/static/media/uploads/amsterdam/huang-jia-dai-er-fu-te_1.jpg','','bb6c867d-1f52-11e2-9c37-e4ce8f4b5244','2012-10-26 09:51:36.681736+00:00');
INSERT INTO "city_picture" VALUES('bbae84a3-1f52-11e2-a5d0-e4ce8f4b5244','huang-jia-dai-er-fu-te_2.jpg','/static/media/uploads/amsterdam/huang-jia-dai-er-fu-te_2.jpg','','bb6c867d-1f52-11e2-9c37-e4ce8f4b5244','2012-10-26 09:51:37.107986+00:00');
INSERT INTO "city_picture" VALUES('bbef1fba-1f52-11e2-9ee2-e4ce8f4b5244','huang-jia-dai-er-fu-te_3.jpg','/static/media/uploads/amsterdam/huang-jia-dai-er-fu-te_3.jpg','','bb6c867d-1f52-11e2-9c37-e4ce8f4b5244','2012-10-26 09:51:37.531163+00:00');
INSERT INTO "city_place" VALUES('bc384340-1f52-11e2-a890-e4ce8f4b5244','荷兰女王店','De Bijenkorf',4,6,'4.893655','52.373516','在最大的连锁百货血拼，观赏有创意的精巧橱窗，边听音乐边品尝咖啡厅现场制作，都不乏惬意。',2,'{"website": "www.debijenkorf.nl", "openTime": "\u5168\u5e74\u5f00\u653e", "description": "\u4e94\u5c42\u7684\u8001\u5f0f\u5efa\u7b51\uff0c\u5360\u573021000\u5e73\u65b9\u7c73\uff0c\u963f\u59c6\u65af\u7279\u4e39\u5973\u738b\u5e97\uff08de Bijenkorf\uff09\u662f\u963f\u59c6\u65af\u7279\u4e39\u6700\u5927\u7684\u4e00\u5bb6\u9ad8\u7ea7\u8d2d\u7269\u4e2d\u5fc3\u3002\u8fd9\u5ea7\u5bcc\u4e8e\u7075\u611f\u4e0e\u52a8\u611f\u5f15\u9886\u65f6\u5c1a\u7684\u8d2d\u7269\u4e2d\u5fc3\u91cc\u8bbe\u6709\u4e16\u754c\u5404\u5927\u77e5\u540d\u54c1\u724c\u7684\u4e13\u67dc\uff0c\u4e5f\u6709\u4f17\u591a\u81ea\u6709\u54c1\u724c\u3002\u53e6\u5916\uff0c\u5973\u738b\u5e97\u6a71\u7a97\u72ec\u7279\u7684\u60ca\u8273\u88c5\u6f62\u4e5f\u662f\u963f\u59c6\u65af\u7279\u4e39\u65c5\u6e38\u666f\u70b9\u7684\u4e00\u90e8\u5206\u3002\u9664\u6b64\u4e4b\u5916\u8fd9\u91cc\u7ecf\u5e38\u6709\u73b0\u573a\u6f14\u51fa\u3001\u821e\u8e48\u548c\u97f3\u4e50\u8868\u6f14\uff0c\u4e00\u697c\u66f4\u662f\u4f60\u653e\u677e\u3001\u7f8e\u9910\u4e00\u987f\u7684\u597d\u53bb\u5904\u3002", "address": "Dam 1,Amsterdam"}');
INSERT INTO "city_picture" VALUES('bc397e51-1f52-11e2-b7d8-e4ce8f4b5244','he-lan-nu-wang-dian_1.jpg','/static/media/uploads/amsterdam/he-lan-nu-wang-dian_1.jpg','','bc384340-1f52-11e2-a890-e4ce8f4b5244','2012-10-26 09:51:38.018858+00:00');
INSERT INTO "city_picture" VALUES('bc7d7d63-1f52-11e2-a6ae-e4ce8f4b5244','he-lan-nu-wang-dian_2.jpg','/static/media/uploads/amsterdam/he-lan-nu-wang-dian_2.jpg','','bc384340-1f52-11e2-a890-e4ce8f4b5244','2012-10-26 09:51:38.464401+00:00');
INSERT INTO "city_place" VALUES('bc98a851-1f52-11e2-8664-e4ce8f4b5244','PC霍夫特大街','P.C Hooftstraat',4,6,'4.880287','52.360401','奢侈品的爱好者们，名牌免税，价格适中，服务一流，快来报到！',2,'{"description": "\u8c01\u8bf4\u5728\u6b27\u6d32\u540d\u724c\u8d2d\u7269\u53ea\u80fd\u53bb\u5df4\u9ece\u7c73\u5170\uff1f\u5728\u963f\u59c6\u65af\u7279\u4e39\u4f4d\u4e8e\u535a\u7269\u9986\u5e7f\u573a\u897f\u4fa7\u7684PC\u970d\u592b\u5927\u8857\uff0c\u540d\u5e97\u9cde\u6b21\u6809\u6bd4\u8ba9\u4f60\u76ee\u4e0d\u6687\u63a5\uff0c\u56fd\u9645\u4e00\u7ebf\u54c1\u724c\u90fd\u8bbe\u6709\u4e13\u5356\u5e97\uff0c\u5982Channel\u3001Loiuis Vuitton\u3001Gucci\u3001Max Mara\u3001Daniel Hechter\u7b49\u3002", "address": "1071 Amsterdam, Netherlands"}');
INSERT INTO "city_place" VALUES('bc9a0ef3-1f52-11e2-a5f9-e4ce8f4b5244','巴达维亚城市时尚奥特莱斯','Batavia Stad Fashion Outlet',4,6,'5.436653','52.547131','荷兰的购物福地，附带大量停车位和高质量餐厅，周边和海岸线水畔的有趣活动定会让你不虚此行。',3,'{"website": "www.bataviastad.nl", "openTime": "\u5168\u5e74\u5f00\u653e,\u6bcf\u592910:00-18:00", "phoneNumber": "+31-320292900", "description": "\u5750\u843d\u5728\u963f\u59c6\u65af\u7279\u4e39\u65c1\u7684\u9a6c\u514b\u7f8e\u5c14\u6e56\uff08Markermeer\uff09\u4e4b\u6ee8\u7684\u5df4\u8fbe\u7ef4\u4e9a\u57ce\u5e02\u65f6\u5c1a\u5965\u7279\u83b1\u65af\u662f\u8377\u5170\u6700\u53d7\u6b22\u8fce\u666f\u70b9\u4e2d\u7684\u8457\u540d\u54c1\u724c\u8d2d\u7269\u5730\u3002\u8fd9\u662f\u4e00\u5bb6\u9887\u5177\u98ce\u683c\u7684\u5de5\u5382\u5e97\uff0c\u6709100\u591a\u5bb6\u65f6\u5c1a\u5e97\u63d0\u4f9b3\u6298-7\u6298\u5546\u54c1\u3002\u5404\u79cd\u6bcf\u65e5\u7279\u60e0\u3001\u6298\u6263\u548c\u4fc3\u9500\u66f4\u4e3a\u4f60\u7684\u8d2d\u7269\u4e4b\u65c5\u9526\u4e0a\u6dfb\u82b1\u3002\u8840\u62fc\u7684\u65f6\u5019\u9700\u8981\u5145\u7535\uff1f\u4f17\u591a\u5496\u5561\u9986\u3001\u9910\u5385\u63d0\u4f9b\u4eab\u7528\u5496\u5561\u86cb\u7cd5\uff0c\u6216\u8005\u5927\u9910\u4efb\u4f60\u6311\u9009\u3002\u9664\u4e86\u8d2d\u7269\uff0c\u5df4\u8fbe\u7ef4\u4e9a\u57ce\u5e02\u5468\u8fb9\u8fd8\u6709\u5f88\u591a\u4e0d\u9519\u7684\u4f53\u9a8c\u6d3b\u52a8\uff0c\u6709\u8da3\u7684\u6587\u5316\u548c\u6c34\u4e0a\u6d3b\u52a8\u3002", "address": "Bataviaplein Lelystad, Nederland"}');
INSERT INTO "city_place" VALUES('bc9b424c-1f52-11e2-8d2d-e4ce8f4b5244','洛意蒙德设计师工厂店','Roermond Designer Outlet',4,6,'5.987996','51.198911','欧洲知名的品牌折扣直营工厂店，购物的麦加圣地，准备好暴走了么，亲爱的购物狂们。',2,'{"website": "www.designer-outlet-roermond.com", "tips": "\u6d1b\u610f\u8499\u5fb7\u8bbe\u8ba1\u5e08\u54c1\u724c\u5de5\u5382\u5e97\u8ddd\u675c\u585e\u5c14\u591a\u592b\u673a\u573a\u4ec530\u5206\u949f\u8f66\u7a0b,\u8d2d\u7269\u5341\u5206\u65b9\u4fbf\u3002", "openTime": "\u5468\u4e00\u81f3\u5468\u65e510:00-19:00##\u5468\u56db10:00-20:00 \u5723\u8bde\u8282\u548c\u65b0\u5e74\u5173\u95ed", "description": "\u6d1b\u610f\u8499\u5fb7\u8bbe\u8ba1\u5e08\u5de5\u5382\u5e97(Designer Outlet Roermond)\u5750\u843d\u4e8e\u963f\u59c6\u65af\u7279\u4e39\u548c\u7684\u675c\u585e\u5c14\u591a\u592b\u4e24\u5927\u90fd\u5e02\u4e4b\u95f4\u3002\u4f5c\u4e3a\u6b27\u6d32\u6700\u5927\u5965\u7279\u83b1\u65af\u8fd0\u8425\u673a\u6784\u7684\u4e00\u90e8\u5206\uff0c\u6d1b\u610f\u8499\u5fb7\u8bbe\u8ba1\u5e08\u5de5\u5382\u5e97\u662f\u6574\u4e2a\u6b27\u6d32\u5927\u9646\u6700\u5177\u58f0\u671b\u7684\u8d2d\u7269\u76ee\u7684\u5730\u4e4b\u4e00\uff0c\u5438\u5f15\u5927\u6279\u6b27\u6d32\u4eba\u8de8\u56fd\u6765\u8377\u5170\u8d2d\u7269\u3002\u8fd9\u91cc\u7684150\u591a\u5bb6\u5546\u5e97\u56ca\u62ec\u4e86200\u591a\u4e2a\u8bbe\u8ba1\u5e08\u54c1\u724c\uff0c\u5168\u90e8\u514d\u7a0e\u63d0\u4f9b3\u81f37\u6298\u3002", "address": "Stadsweide 2,6041 TD Roermond"}');
INSERT INTO "city_picture" VALUES('bc9c3454-1f52-11e2-847c-e4ce8f4b5244','luo-yi-meng-de-she-ji-shi-gong-han-dian_1.jpg','/static/media/uploads/amsterdam/luo-yi-meng-de-she-ji-shi-gong-han-dian_1.jpg','','bc9b424c-1f52-11e2-8d2d-e4ce8f4b5244','2012-10-26 09:51:38.665662+00:00');
INSERT INTO "city_picture" VALUES('bcdf2cfa-1f52-11e2-82a2-e4ce8f4b5244','luo-yi-meng-de-she-ji-shi-gong-han-dian_2.jpg','/static/media/uploads/amsterdam/luo-yi-meng-de-she-ji-shi-gong-han-dian_2.jpg','','bc9b424c-1f52-11e2-8d2d-e4ce8f4b5244','2012-10-26 09:51:39.104578+00:00');
INSERT INTO "city_picture" VALUES('bd2be18a-1f52-11e2-a6cc-e4ce8f4b5244','luo-yi-meng-de-she-ji-shi-gong-han-dian_3.jpg','/static/media/uploads/amsterdam/luo-yi-meng-de-she-ji-shi-gong-han-dian_3.jpg','','bc9b424c-1f52-11e2-8d2d-e4ce8f4b5244','2012-10-26 09:51:39.607258+00:00');
COMMIT;