BEGIN;
CREATE TABLE "city_area" (
    "id" integer NOT NULL PRIMARY KEY,
    "zh_name" varchar(50) NOT NULL UNIQUE,
    "en_name" varchar(50) NOT NULL UNIQUE,
    "cover_pic" varchar(100) NOT NULL,
    "create_at" datetime NOT NULL
)
;
CREATE TABLE "city_topic" (
    "id" varchar(36) NOT NULL PRIMARY KEY,
    "name" varchar(50) NOT NULL,
    "desc" varchar(255) NOT NULL,
    "in_area_id" integer NOT NULL REFERENCES "city_area" ("id"),
    "weight" smallint NOT NULL
)
;
CREATE TABLE "city_place_in_topics" (
    "id" integer NOT NULL PRIMARY KEY,
    "place_id" varchar(36) NOT NULL,
    "topic_id" varchar(36) NOT NULL REFERENCES "city_topic" ("id"),
    UNIQUE ("place_id", "topic_id")
)
;
CREATE TABLE "city_place" (
    "id" varchar(36) NOT NULL PRIMARY KEY,
    "zh_name" varchar(50) NOT NULL,
    "en_name" varchar(100) NOT NULL,
    "category" smallint NOT NULL,
    "in_area_id" integer NOT NULL REFERENCES "city_area" ("id"),
    "longitude" varchar(20) NOT NULL,
    "latitude" varchar(20) NOT NULL,
    "short_desc" varchar(100) NOT NULL,
    "fit_time" smallint NOT NULL,
    "info" text NOT NULL
)
;
CREATE TABLE "city_picture" (
    "id" varchar(36) NOT NULL PRIMARY KEY,
    "file_name" varchar(50) NOT NULL,
    "url" varchar(200) NOT NULL,
    "desc" varchar(255) NOT NULL,
    "in_place_id" varchar(36) NOT NULL REFERENCES "city_place" ("id"),
    "create_at" datetime NOT NULL
)
;
CREATE INDEX "city_topic_c21db00" ON "city_topic" ("in_area_id");
CREATE INDEX "city_place_c21db00" ON "city_place" ("in_area_id");
CREATE INDEX "city_picture_3ee6582b" ON "city_picture" ("in_place_id");


INSERT INTO "city_topic" VALUES('55d18db0-2017-11e2-ad14-e4ce8f4b5244','必游之地','没到过这些地方，不算真正游过香港！',8,1);
INSERT INTO "city_place_in_topics" VALUES('1','55d7a45e-2017-11e2-9a3e-e4ce8f4b5244','55d18db0-2017-11e2-ad14-e4ce8f4b5244');
INSERT INTO "city_place_in_topics" VALUES('2','55db7a00-2017-11e2-b8bc-e4ce8f4b5244','55d18db0-2017-11e2-ad14-e4ce8f4b5244');
INSERT INTO "city_place_in_topics" VALUES('3','55df724c-2017-11e2-b607-e4ce8f4b5244','55d18db0-2017-11e2-ad14-e4ce8f4b5244');
INSERT INTO "city_place_in_topics" VALUES('4','55e1d3ca-2017-11e2-a530-e4ce8f4b5244','55d18db0-2017-11e2-ad14-e4ce8f4b5244');
INSERT INTO "city_place_in_topics" VALUES('5','55e427d7-2017-11e2-8658-e4ce8f4b5244','55d18db0-2017-11e2-ad14-e4ce8f4b5244');
INSERT INTO "city_place_in_topics" VALUES('6','55e68dca-2017-11e2-b07c-e4ce8f4b5244','55d18db0-2017-11e2-ad14-e4ce8f4b5244');
INSERT INTO "city_place_in_topics" VALUES('7','55e95d82-2017-11e2-a11d-e4ce8f4b5244','55d18db0-2017-11e2-ad14-e4ce8f4b5244');
INSERT INTO "city_place_in_topics" VALUES('8','55ecb16e-2017-11e2-a055-e4ce8f4b5244','55d18db0-2017-11e2-ad14-e4ce8f4b5244');
INSERT INTO "city_place_in_topics" VALUES('9','55ef7907-2017-11e2-8b49-e4ce8f4b5244','55d18db0-2017-11e2-ad14-e4ce8f4b5244');
INSERT INTO "city_place_in_topics" VALUES('10','55f2a285-2017-11e2-9d80-e4ce8f4b5244','55d18db0-2017-11e2-ad14-e4ce8f4b5244');
INSERT INTO "city_place_in_topics" VALUES('11','55f58a28-2017-11e2-8204-e4ce8f4b5244','55d18db0-2017-11e2-ad14-e4ce8f4b5244');
INSERT INTO "city_place_in_topics" VALUES('12','55f86df5-2017-11e2-b231-e4ce8f4b5244','55d18db0-2017-11e2-ad14-e4ce8f4b5244');
INSERT INTO "city_place_in_topics" VALUES('13','55fc2d05-2017-11e2-9e1e-e4ce8f4b5244','55d18db0-2017-11e2-ad14-e4ce8f4b5244');
INSERT INTO "city_topic" VALUES('55d21533-2017-11e2-961c-e4ce8f4b5244','维港景致','太平山顶、天际100、Aqua Spirit都号称自己是坐拥无敌维港美景的绝佳位置，你心目中的圣地在哪里呢？',8,2);
INSERT INTO "city_place_in_topics" VALUES('14','55d7a45e-2017-11e2-9a3e-e4ce8f4b5244','55d21533-2017-11e2-961c-e4ce8f4b5244');
INSERT INTO "city_place_in_topics" VALUES('15','55e95d82-2017-11e2-a11d-e4ce8f4b5244','55d21533-2017-11e2-961c-e4ce8f4b5244');
INSERT INTO "city_place_in_topics" VALUES('16','55ecb16e-2017-11e2-a055-e4ce8f4b5244','55d21533-2017-11e2-961c-e4ce8f4b5244');
INSERT INTO "city_place_in_topics" VALUES('17','55ef7907-2017-11e2-8b49-e4ce8f4b5244','55d21533-2017-11e2-961c-e4ce8f4b5244');
INSERT INTO "city_place_in_topics" VALUES('18','55f86df5-2017-11e2-b231-e4ce8f4b5244','55d21533-2017-11e2-961c-e4ce8f4b5244');
INSERT INTO "city_place_in_topics" VALUES('19','566610d7-2017-11e2-814d-e4ce8f4b5244','55d21533-2017-11e2-961c-e4ce8f4b5244');
INSERT INTO "city_place_in_topics" VALUES('20','5668b657-2017-11e2-a144-e4ce8f4b5244','55d21533-2017-11e2-961c-e4ce8f4b5244');
INSERT INTO "city_place_in_topics" VALUES('21','566b87dc-2017-11e2-a09b-e4ce8f4b5244','55d21533-2017-11e2-961c-e4ce8f4b5244');
INSERT INTO "city_topic" VALUES('55d2bcbd-2017-11e2-9b1c-e4ce8f4b5244','地道美食代表作','如果摆在面前的食物在任何地方都能吃到，那我来香港干嘛？',8,3);
INSERT INTO "city_place_in_topics" VALUES('22','55fee670-2017-11e2-be47-e4ce8f4b5244','55d2bcbd-2017-11e2-9b1c-e4ce8f4b5244');
INSERT INTO "city_place_in_topics" VALUES('23','56018a42-2017-11e2-b603-e4ce8f4b5244','55d2bcbd-2017-11e2-9b1c-e4ce8f4b5244');
INSERT INTO "city_place_in_topics" VALUES('24','56032907-2017-11e2-b24b-e4ce8f4b5244','55d2bcbd-2017-11e2-9b1c-e4ce8f4b5244');
INSERT INTO "city_place_in_topics" VALUES('25','56056bfa-2017-11e2-9d00-e4ce8f4b5244','55d2bcbd-2017-11e2-9b1c-e4ce8f4b5244');
INSERT INTO "city_place_in_topics" VALUES('26','5608721e-2017-11e2-8e30-e4ce8f4b5244','55d2bcbd-2017-11e2-9b1c-e4ce8f4b5244');
INSERT INTO "city_place_in_topics" VALUES('27','560c3aae-2017-11e2-9aac-e4ce8f4b5244','55d2bcbd-2017-11e2-9b1c-e4ce8f4b5244');
INSERT INTO "city_place_in_topics" VALUES('28','560fdc3d-2017-11e2-b186-e4ce8f4b5244','55d2bcbd-2017-11e2-9b1c-e4ce8f4b5244');
INSERT INTO "city_topic" VALUES('55d35021-2017-11e2-8bf7-e4ce8f4b5244','名人热捧老字号','没有两把刷子，光靠“老字号”的招牌，单凭“名人”的效应在香港这个美食之都可是难以立足的。',8,4);
INSERT INTO "city_place_in_topics" VALUES('29','56351bc0-2017-11e2-83d0-e4ce8f4b5244','55d35021-2017-11e2-8bf7-e4ce8f4b5244');
INSERT INTO "city_place_in_topics" VALUES('30','5637c7ee-2017-11e2-b261-e4ce8f4b5244','55d35021-2017-11e2-8bf7-e4ce8f4b5244');
INSERT INTO "city_place_in_topics" VALUES('31','5639fcf8-2017-11e2-a7bf-e4ce8f4b5244','55d35021-2017-11e2-8bf7-e4ce8f4b5244');
INSERT INTO "city_place_in_topics" VALUES('32','563c9359-2017-11e2-be71-e4ce8f4b5244','55d35021-2017-11e2-8bf7-e4ce8f4b5244');
INSERT INTO "city_place_in_topics" VALUES('33','563f7430-2017-11e2-bac7-e4ce8f4b5244','55d35021-2017-11e2-8bf7-e4ce8f4b5244');
INSERT INTO "city_place_in_topics" VALUES('34','5641ddf5-2017-11e2-9b46-e4ce8f4b5244','55d35021-2017-11e2-8bf7-e4ce8f4b5244');
INSERT INTO "city_place_in_topics" VALUES('35','564408e3-2017-11e2-b045-e4ce8f4b5244','55d35021-2017-11e2-8bf7-e4ce8f4b5244');
INSERT INTO "city_place_in_topics" VALUES('36','564796b8-2017-11e2-b9e2-e4ce8f4b5244','55d35021-2017-11e2-8bf7-e4ce8f4b5244');
INSERT INTO "city_place_in_topics" VALUES('37','5649cd7d-2017-11e2-879e-e4ce8f4b5244','55d35021-2017-11e2-8bf7-e4ce8f4b5244');
INSERT INTO "city_place_in_topics" VALUES('38','564ca8ee-2017-11e2-8c1c-e4ce8f4b5244','55d35021-2017-11e2-8bf7-e4ce8f4b5244');
INSERT INTO "city_place_in_topics" VALUES('39','564fa8e6-2017-11e2-a746-e4ce8f4b5244','55d35021-2017-11e2-8bf7-e4ce8f4b5244');
INSERT INTO "city_place_in_topics" VALUES('40','5651af23-2017-11e2-980b-e4ce8f4b5244','55d35021-2017-11e2-8bf7-e4ce8f4b5244');
INSERT INTO "city_place_in_topics" VALUES('41','56549019-2017-11e2-8cba-e4ce8f4b5244','55d35021-2017-11e2-8bf7-e4ce8f4b5244');
INSERT INTO "city_topic" VALUES('55d3de63-2017-11e2-a815-e4ce8f4b5244','购物天堂中的“天堂”','到香港“血拼”，靠的就是眼力、脚力、耐力和荷包的承受力。',8,5);
INSERT INTO "city_place_in_topics" VALUES('42','5611c22e-2017-11e2-ae90-e4ce8f4b5244','55d3de63-2017-11e2-a815-e4ce8f4b5244');
INSERT INTO "city_place_in_topics" VALUES('43','5613b20a-2017-11e2-a575-e4ce8f4b5244','55d3de63-2017-11e2-a815-e4ce8f4b5244');
INSERT INTO "city_place_in_topics" VALUES('44','56160c1c-2017-11e2-b6d0-e4ce8f4b5244','55d3de63-2017-11e2-a815-e4ce8f4b5244');
INSERT INTO "city_place_in_topics" VALUES('45','5617fab8-2017-11e2-98ea-e4ce8f4b5244','55d3de63-2017-11e2-a815-e4ce8f4b5244');
INSERT INTO "city_place_in_topics" VALUES('46','561ac7d4-2017-11e2-8d06-e4ce8f4b5244','55d3de63-2017-11e2-a815-e4ce8f4b5244');
INSERT INTO "city_place_in_topics" VALUES('47','561d8230-2017-11e2-bab7-e4ce8f4b5244','55d3de63-2017-11e2-a815-e4ce8f4b5244');
INSERT INTO "city_place_in_topics" VALUES('48','561f2d61-2017-11e2-b452-e4ce8f4b5244','55d3de63-2017-11e2-a815-e4ce8f4b5244');
INSERT INTO "city_place_in_topics" VALUES('49','56210926-2017-11e2-9abe-e4ce8f4b5244','55d3de63-2017-11e2-a815-e4ce8f4b5244');
INSERT INTO "city_place_in_topics" VALUES('50','56230d99-2017-11e2-99bd-e4ce8f4b5244','55d3de63-2017-11e2-a815-e4ce8f4b5244');
INSERT INTO "city_place_in_topics" VALUES('51','5624f299-2017-11e2-8800-e4ce8f4b5244','55d3de63-2017-11e2-a815-e4ce8f4b5244');
INSERT INTO "city_place_in_topics" VALUES('52','5626ba30-2017-11e2-b8c6-e4ce8f4b5244','55d3de63-2017-11e2-a815-e4ce8f4b5244');
INSERT INTO "city_topic" VALUES('55d480a8-2017-11e2-ae70-e4ce8f4b5244','特色购物街区','不是每一次购物都是满载而归，也许这次的香港之行你需要的就是一双限量版的波鞋而已。',8,6);
INSERT INTO "city_place_in_topics" VALUES('53','5657a302-2017-11e2-b2b9-e4ce8f4b5244','55d480a8-2017-11e2-ae70-e4ce8f4b5244');
INSERT INTO "city_place_in_topics" VALUES('54','5659b047-2017-11e2-a87f-e4ce8f4b5244','55d480a8-2017-11e2-ae70-e4ce8f4b5244');
INSERT INTO "city_place_in_topics" VALUES('55','565c3b68-2017-11e2-b9b9-e4ce8f4b5244','55d480a8-2017-11e2-ae70-e4ce8f4b5244');
INSERT INTO "city_place_in_topics" VALUES('56','565ec2de-2017-11e2-9cf4-e4ce8f4b5244','55d480a8-2017-11e2-ae70-e4ce8f4b5244');
INSERT INTO "city_place_in_topics" VALUES('57','56873947-2017-11e2-90ec-e4ce8f4b5244','55d480a8-2017-11e2-ae70-e4ce8f4b5244');
INSERT INTO "city_topic" VALUES('55d51c85-2017-11e2-a367-e4ce8f4b5244','晚九朝五夜精彩','夜色渐浓，街上行人不减反增，不夜城并非浪得虚名，这会儿夜生活才刚刚开始呢！',8,7);
INSERT INTO "city_place_in_topics" VALUES('58','5661befa-2017-11e2-8b93-e4ce8f4b5244','55d51c85-2017-11e2-a367-e4ce8f4b5244');
INSERT INTO "city_place_in_topics" VALUES('59','56641307-2017-11e2-bda6-e4ce8f4b5244','55d51c85-2017-11e2-a367-e4ce8f4b5244');
INSERT INTO "city_topic" VALUES('55d5aa0a-2017-11e2-9c58-e4ce8f4b5244','原味香港在离岛','香港总给人一种熙来攘往繁忙热闹的感觉，其实只需坐船30分钟，昔日宁静的小渔港将立刻重现眼前。',8,8);
INSERT INTO "city_place_in_topics" VALUES('60','567cf2b0-2017-11e2-83dc-e4ce8f4b5244','55d5aa0a-2017-11e2-9c58-e4ce8f4b5244');
INSERT INTO "city_place_in_topics" VALUES('61','5680834c-2017-11e2-930f-e4ce8f4b5244','55d5aa0a-2017-11e2-9c58-e4ce8f4b5244');
INSERT INTO "city_place_in_topics" VALUES('62','5683c7a1-2017-11e2-9938-e4ce8f4b5244','55d5aa0a-2017-11e2-9c58-e4ce8f4b5244');
INSERT INTO "city_place_in_topics" VALUES('63','56873947-2017-11e2-90ec-e4ce8f4b5244','55d5aa0a-2017-11e2-9c58-e4ce8f4b5244');
INSERT INTO "city_topic" VALUES('55d655a3-2017-11e2-ac0b-e4ce8f4b5244','怀旧与传统','这是一座超级繁华的国际化的大都市，却又有这么多保存完好的历史遗迹以及影响深远的传统文化，真是难能可贵。',8,9);
INSERT INTO "city_place_in_topics" VALUES('64','56288233-2017-11e2-9fec-e4ce8f4b5244','55d655a3-2017-11e2-ac0b-e4ce8f4b5244');
INSERT INTO "city_place_in_topics" VALUES('65','562b1ef5-2017-11e2-9317-e4ce8f4b5244','55d655a3-2017-11e2-ac0b-e4ce8f4b5244');
INSERT INTO "city_place_in_topics" VALUES('66','562d334c-2017-11e2-8fcc-e4ce8f4b5244','55d655a3-2017-11e2-ac0b-e4ce8f4b5244');
INSERT INTO "city_place_in_topics" VALUES('67','562ef2d7-2017-11e2-aa1f-e4ce8f4b5244','55d655a3-2017-11e2-ac0b-e4ce8f4b5244');
INSERT INTO "city_place_in_topics" VALUES('68','56311082-2017-11e2-a017-e4ce8f4b5244','55d655a3-2017-11e2-ac0b-e4ce8f4b5244');
INSERT INTO "city_place_in_topics" VALUES('69','5632bb45-2017-11e2-97e4-e4ce8f4b5244','55d655a3-2017-11e2-ac0b-e4ce8f4b5244');
INSERT INTO "city_topic" VALUES('55d6edfa-2017-11e2-9b30-e4ce8f4b5244','有趣难忘的体验','试着用一天的时间去赛马，去听演唱会，去逛逛太空馆，香港的颜色将会变得更加多彩。',8,10);
INSERT INTO "city_place_in_topics" VALUES('70','566ddfa8-2017-11e2-8445-e4ce8f4b5244','55d6edfa-2017-11e2-9b30-e4ce8f4b5244');
INSERT INTO "city_place_in_topics" VALUES('71','5671250a-2017-11e2-ae94-e4ce8f4b5244','55d6edfa-2017-11e2-9b30-e4ce8f4b5244');
INSERT INTO "city_place_in_topics" VALUES('72','5673bbe6-2017-11e2-9197-e4ce8f4b5244','55d6edfa-2017-11e2-9b30-e4ce8f4b5244');
INSERT INTO "city_place_in_topics" VALUES('73','5676a2fd-2017-11e2-8085-e4ce8f4b5244','55d6edfa-2017-11e2-9b30-e4ce8f4b5244');
INSERT INTO "city_place_in_topics" VALUES('74','5679bec2-2017-11e2-8fb7-e4ce8f4b5244','55d6edfa-2017-11e2-9b30-e4ce8f4b5244');
INSERT INTO "city_place" VALUES('55d7a45e-2017-11e2-9a3e-e4ce8f4b5244','维多利亚港','Wei Duo Li Ya Gang',1,8,'114.170866','22.289533','维港是香港的城市天际线，入夜后沿岸的万家灯火犹如星光闪烁，十分美丽。',4,'{"ticketInfo": "\u514d\u8d39", "openTime": "\u5168\u5929", "description": "\u7ef4\u591a\u5229\u4e9a\u6e2f\uff08\u7b80\u79f0\u7ef4\u6e2f\uff0c\u82f1\u6587\uff1aVictoria Harbour\uff09\u662f\u9999\u6e2f\u7684\u9999\u6e2f\u5c9b\u548c\u4e5d\u9f99\u534a\u5c9b\u4e4b\u95f4\u7684\u6d77\u6e2f\u3002\u7531\u4e8e\u6e2f\u9614\u6c34\u6df1\uff0c\u88ab\u55bb\u4e3a\u201c\u4e16\u754c\u4e09\u5927\u5929\u7136\u826f\u6e2f\u201d\u4e4b\u4e00\uff0c\u9999\u6e2f\u4ea6\u56e0\u800c\u6709\u4e86\u201c\u4e1c\u65b9\u4e4b\u73e0\u201d\u548c\u201c\u4e16\u754c\u4e09\u5927\u591c\u666f\u201d\u4e4b\u7f8e\u8a89\u3002\u5f53\u5e74\u82f1\u56fd\u5360\u9886\u8fd9\u4e2a\u6d77\u6e2f\u65f6\uff0c\u6b63\u662f\u7ef4\u591a\u5229\u4e9a\u5973\u738b\u5728\u4f4d\uff0c\u56e0\u6b64\u5f97\u540d\u3002", "address": "\u9999\u6e2f\u5c9b\u4e2d\u897f\u533a"}');
INSERT INTO "city_picture" VALUES('55d95fb0-2017-11e2-962b-e4ce8f4b5244','wei-duo-li-ya-gang_1.jpg','/static/media/uploads/hongkong/wei-duo-li-ya-gang_1.jpg','','55d7a45e-2017-11e2-9a3e-e4ce8f4b5244','2012-10-27 09:18:57.116197+00:00');
INSERT INTO "city_picture" VALUES('55da012b-2017-11e2-bc36-e4ce8f4b5244','wei-duo-li-ya-gang_2.jpg','/static/media/uploads/hongkong/wei-duo-li-ya-gang_2.jpg','','55d7a45e-2017-11e2-9a3e-e4ce8f4b5244','2012-10-27 09:18:57.120193+00:00');
INSERT INTO "city_place" VALUES('55db7a00-2017-11e2-b8bc-e4ce8f4b5244','幻彩咏香江','Huan Cai Yong Xiang Jiang',1,8,'114.172583','22.288938','在维港星空下，与光芒四射的电影明星，一同观赏全球最大型的灯光音乐汇演！',4,'{"ticketInfo": "\u514d\u8d39", "openTime": "\u5468\u4e00\u81f3\u5468\u65e520:00-20:14", "description": "\u5e7b\u5f69\u548f\u9999\u6c5f\uff08 A Symphony of Lights\uff09\u662f\u9999\u6e2f\u8457\u540d\u7684\u956d\u5c04\u706f\u5149\u97f3\u4e50\u6c47\u6f14\uff0c\u7531\u9999\u6e2f\u7ef4\u591a\u5229\u4e9a\u6e2f\u4e24\u5cb8\u5408\u517144\u5ea7\u5927\u53a6\u6469\u5929\u5927\u697c\u53ca\u5730\u6807\u5408\u4f5c\u4e3e\u884c\uff0c\u900f\u8fc7\u4e92\u52a8\u706f\u5149\u53ca\u97f3\u4e50\u6548\u679c\uff0c\u5c55\u793a\u7ef4\u6e2f\u5145\u6ee1\u52a8\u611f\u548c\u591a\u59ff\u591a\u5f69\u7684\u4e00\u9762\u3002\u89c2\u8d4f\u6c47\u6f14\u7684\u6700\u4f73\u5730\u70b9\u662f\u7531\u661f\u5149\u5927\u9053\u81f3\u9999\u6e2f\u6587\u5316\u4e2d\u5fc3\u5916\u7684\u5c16\u6c99\u5480\u6d77\u65c1\u3001\u6e7e\u4ed4\u91d1\u7d2b\u8346\u5e7f\u573a\u6d77\u6ee8\u957f\u5eca\uff0c\u6216\u7ef4\u591a\u5229\u4e9a\u6e2f\u5185\u7684\u89c2\u5149\u6e21\u8f6e\u3002", "address": "\u9999\u6e2f \u4e5d\u9f99\u897f\u6cb9\u5c16\u65fa\u533a\u5c16\u6c99\u5480"}');
INSERT INTO "city_picture" VALUES('55de32a6-2017-11e2-ab4a-e4ce8f4b5244','huan-cai-yong-xiang-jiang_1.jpg','/static/media/uploads/hongkong/huan-cai-yong-xiang-jiang_1.jpg','','55db7a00-2017-11e2-b8bc-e4ce8f4b5244','2012-10-27 09:18:57.147631+00:00');
INSERT INTO "city_picture" VALUES('55deaca3-2017-11e2-a72f-e4ce8f4b5244','huan-cai-yong-xiang-jiang_2.jpg','/static/media/uploads/hongkong/huan-cai-yong-xiang-jiang_2.jpg','','55db7a00-2017-11e2-b8bc-e4ce8f4b5244','2012-10-27 09:18:57.151694+00:00');
INSERT INTO "city_place" VALUES('55df724c-2017-11e2-b607-e4ce8f4b5244','香港迪士尼乐园','Xiang Gang Di Shi Ni Le Yuan',9,8,'114.042109','22.312967','童年追的卡通人物触手可及，怪叔叔能骑旋转木马，老萝莉也能扮公主，这里只有快乐的孩子心性，无论你几岁。',3,'{"website": "park.hongkongdisneyland.com", "ticketInfo": "1\u65e5\u7968\u6210\u4eba:399HKD##1\u65e5\u7968\u5c0f\u7ae5:285HKD##1\u65e5\u7968\u957f\u8005:100HKD", "openTime": "\u5468\u4e00\u81f3\u5468\u65e510:00-21:00", "phoneNumber": "852 1-830-830", "description": "\u9999\u6e2f\u8fea\u58eb\u5c3c\u4e50\u56ed\uff08English: Hong Kong Disneyland\uff09\u662f\u4f4d\u4e8e\u9999\u6e2f\u65b0\u754c\u5927\u5c7f\u5c71\u9999\u6e2f\u8fea\u58eb\u5c3c\u4e50\u56ed\u5ea6\u5047\u533a\u5185\u7684\u4e3b\u9898\u516c\u56ed\uff0c\u5360\u5730\u7ea622.4\u516c\u9877\uff08\u4e0d\u5305\u62ec\u540e\u53f0\u3001\u4ed3\u5e93\u7b49\u652f\u63f4\u8bbe\u65bd\uff09\uff0c\u662f\u8fea\u58eb\u5c3c\u7684\u7b2c\u4e94\u5ea7\u8fea\u58eb\u5c3c\u4e50\u56ed\u3002\u4e50\u56ed\u5206\u4e3a\u201c\u7f8e\u56fd\u5c0f\u9547\u5927\u8857\u201d\u3001\u201c\u63a2\u9669\u4e16\u754c\u201d\u3001\u201c\u5e7b\u60f3\u4e16\u754c\u201d\u3001\u201c\u660e\u65e5\u4e16\u754c\u201d\uff0c\u4ee5\u53ca\u201c\u53cd\u6597\u5947\u5175\u5927\u672c\u8425\u201d5\u5927\u56ed\u533a\uff0c\u5404\u533a\u5747\u6709\u4e2d\u3001\u897f\u7279\u8272\u9910\u5385\u548c\u4e0d\u540c\u7684\u7eaa\u5ff5\u54c1\u5e97\u3002\u9ad8\u6f6e\u6240\u5728\u7684\u662f\u6bcf\u5929\u4e0b\u53483\u70b930\u5206\u4e3e\u884c\u7684\u5927\u5de1\u6e38\uff0c\u4ee5\u53ca\u665a\u4e0a\u95ed\u56ed\u524d\u7684\u70df\u82b1\u8868\u6f14\uff0c\u8db3\u591f\u73a9\u4e50\u4e00\u6574\u5929\u3002", "arriveMethod": "\u6e2f\u94c1\u4e1c\u6d8c\u7ebf\u81f3\u201c\u6b23\u6fb3\u201d\u7ad9\uff0c\u8f6c\u4e58\u8fea\u58eb\u5c3c\u7ebf\u4e3b\u9898\u5217\u8f66\uff0c\u76f4\u8fbe\u8fea\u58eb\u5c3c", "address": "\u9999\u6e2f\u7279\u522b\u884c\u653f\u533a\u5927\u5c7f\u5c71"}');
INSERT INTO "city_picture" VALUES('55e0c747-2017-11e2-a730-e4ce8f4b5244','xiang-gang-di-shi-ni-le-yuan_1.jpg','/static/media/uploads/hongkong/xiang-gang-di-shi-ni-le-yuan_1.jpg','','55df724c-2017-11e2-b607-e4ce8f4b5244','2012-10-27 09:18:57.164664+00:00');
INSERT INTO "city_place" VALUES('55e1d3ca-2017-11e2-a530-e4ce8f4b5244','香港会议展览中心','Xiang Gang Hui Yi Zhan Lan Zhong Xin',1,8,'114.173025','22.280961','填海而筑的会展中心无疑是维港两岸最为抢眼的建筑，似一只展翅待飞的海鸟，俯瞰着维多利亚港。',8,'{"website": "www.hkcec.com.hk/", "openTime": "\u5468\u4e00\u81f3\u5468\u65e508:00-22:00", "phoneNumber": "852-2582 8888", "description": "\u9999\u6e2f\u4f1a\u8bae\u5c55\u89c8\u4e2d\u5fc3\u662f\u9999\u6e2f\u6700\u65b0\u5efa\u7b51\u7fa4\u4e2d\u7684\u4ee3\u8868\u3002\u5728\u9999\u6e2f\u4f1a\u8bae\u5c55\u89c8\u4e2d\u5fc3\u9664\u4e86\u6709\u5927\u578b\u4f1a\u8bae\u4ee5\u53ca\u5c55\u89c8\u4f5c\u7528\u5916\uff0c\u4f1a\u8bae\u5c55\u89c8\u4e2d\u5fc3\u8fd8\u8bbe\u7acb\u4e86\u4e24\u95f4\u4e94\u661f\u7ea7\u9152\u5e97\u3001\u8c6a\u534e\u516c\u5bd3\u4ee5\u53ca\u529e\u516c\u5927\u697c\uff0c\u4e3a\u6765\u6b64\u65c5\u6e38\u7684\u5404\u754c\u4eba\u58eb\u63d0\u4f9b\u4e86\u65b9\u4fbf\u3002\u57281997\u5e74\u9999\u6e2f\u56de\u5f52\u7684\u65f6\u5019\u66fe\u5728\u9999\u6e2f\u4f1a\u8bae\u5c55\u89c8\u4e2d\u5fc3\u4e3e\u884c\u8fc7\u4e2d\u56fd\u5927\u5178\uff0c\u90a3\u4e00\u4f1f\u5927\u7684\u65f6\u523b\u4e5f\u8ba9\u8fd9\u91cc\u6210\u4e3a\u4e86\u56fd\u9645\u7684\u7126\u70b9\u3002", "arriveMethod": "\u6e2f\u94c1\u6e7e\u4ed4\u7ad9", "address": "\u9999\u6e2f\u6e7e\u4ed4\u6e2f\u6e7e\u90531\u53f7"}');
INSERT INTO "city_picture" VALUES('55e2f1ba-2017-11e2-b0d7-e4ce8f4b5244','xiang-gang-hui-yi-zhan-lan-zhong-xin_1.jpg','/static/media/uploads/hongkong/xiang-gang-hui-yi-zhan-lan-zhong-xin_1.jpg','','55e1d3ca-2017-11e2-a530-e4ce8f4b5244','2012-10-27 09:18:57.179209+00:00');
INSERT INTO "city_picture" VALUES('55e3624f-2017-11e2-942d-e4ce8f4b5244','xiang-gang-hui-yi-zhan-lan-zhong-xin_2.jpg','/static/media/uploads/hongkong/xiang-gang-hui-yi-zhan-lan-zhong-xin_2.jpg','','55e1d3ca-2017-11e2-a530-e4ce8f4b5244','2012-10-27 09:18:57.182580+00:00');
INSERT INTO "city_place" VALUES('55e427d7-2017-11e2-8658-e4ce8f4b5244','金紫荆广场','Jin Zi Jing Yan Chang',1,8,'114.173548','22.284488','标志香港回归的“永远盛开的紫荆花”，合影留念第一景，当然也是人满为患。',8,'{"ticketInfo": "\u514d\u8d39", "openTime": "\u5168\u5929", "description": "\u201c\u6c38\u8fdc\u76db\u5f00\u7684\u7d2b\u8346\u82b1\u201d\u96d5\u5851\uff0d\u91d1\u7d2b\u8346\u96d5\u50cf\u77d7\u7acb\u4e8e\u9999\u6e2f\u4f1a\u8bae\u5c55\u89c8\u4e2d\u5fc3\u65b0\u7ffc\u6d77\u65c1\u7684\u535a\u89c8\u6d77\u6ee8\u82b1\u56ed\u5185\u3002\u5728\u91d1\u7d2b\u8346\u5e7f\u573a\u98d8\u626c\u7740\u4e2d\u56fd\u56fd\u65d7\u53ca\u9999\u6e2f\u7279\u533a\u533a\u65d7\uff0c\u6bcf\u5929\u4e0a\u53488\u65f6\u4e3e\u884c\u5347\u65d7\u4eea\u5f0f\uff0c\u665a6\u70b9\u4e3e\u884c\u964d\u65d7\u4eea\u5f0f\u3002\u6bcf\u5e74\u76847\u67081\u65e5\u9999\u6e2f\u7279\u533a\u6210\u7acb\u7eaa\u5ff5\u65e5\u548c10\u67081\u65e5\u4e2d\u56fd\u56fd\u5e86\u65e5\uff0c\u8fd9\u91cc\u90fd\u4f1a\u4e3e\u884c\u9686\u91cd\u7684\u5347\u65d7\u4eea\u5f0f\uff0c\u7279\u533a\u884c\u653f\u957f\u5b98\u7387\u9886\u7279\u533a\u653f\u5e9c\u4e3b\u8981\u5b98\u5458\u51fa\u5e2d\uff0c\u98de\u884c\u670d\u52a1\u961f\u7684\u76f4\u5347\u673a\u65b9\u9635\u4f4e\u98de\u8fc7\u5e7f\u573a\u4e0a\u7a7a\uff0c\u6d88\u9632\u8239\u8fd8\u4f1a\u8fdb\u884c\u55b7\u6c34\u8868\u6f14\uff0c\u5438\u5f15\u5927\u6279\u5e02\u6c11\u548c\u6e38\u5ba2\u524d\u6765\u89c2\u8d4f\u3002", "arriveMethod": "\u6e2f\u94c1\u6e7e\u4ed4\u7ad9", "address": "\u9999\u6e2f\u6e7e\u4ed4\u535a\u89c8\u90531\u53f7\u9999\u6e2f\u4f1a\u5c55\u4e2d\u5fc3\u65c1"}');
INSERT INTO "city_picture" VALUES('55e538ee-2017-11e2-a57d-e4ce8f4b5244','jin-zi-jing-yan-chang_1.jpg','/static/media/uploads/hongkong/jin-zi-jing-yan-chang_1.jpg','','55e427d7-2017-11e2-8658-e4ce8f4b5244','2012-10-27 09:18:57.194080+00:00');
INSERT INTO "city_picture" VALUES('55e5ca7a-2017-11e2-986c-e4ce8f4b5244','jin-zi-jing-yan-chang_2.jpg','/static/media/uploads/hongkong/jin-zi-jing-yan-chang_2.jpg','','55e427d7-2017-11e2-8658-e4ce8f4b5244','2012-10-27 09:18:57.197540+00:00');
INSERT INTO "city_place" VALUES('55e68dca-2017-11e2-b07c-e4ce8f4b5244','香港海洋公园','Xiang Gang Hai Yang Gong Yuan',9,8,'114.176080','22.245425','香港老牌主题公园，香港旅游的代名词，拥有全东南亚最大海洋水族馆,海豚表演最受欢迎。',3,'{"ticketInfo": "\u6210\u4eba: 280HKD##3-11\u5c81\u513f\u7ae5: 140HKD", "openTime": "\u5468\u4e00\u81f3\u5468\u65e506:00-18:00", "phoneNumber": "852-3923 2323 \u200e", "description": "\u9999\u6e2f\u6d77\u6d0b\u516c\u56ed\u662f\u9999\u6e2f\u4e00\u4e2a\u4ee5\u6d77\u6d0b\u4e3a\u4e3b\u7684\u5927\u578b\u4e3b\u9898\u516c\u56ed\uff0c\u4f4d\u4e8e\u9999\u6e2f\u5357\u533a\u7684\u9ec4\u7af9\u5751\uff0c1977\u5e741\u670810\u65e5\u843d\u6210\u542f\u7528\u3002\u9999\u6e2f\u6d77\u6d0b\u516c\u56ed\u62e5\u6709\u5168\u4e1c\u5357\u4e9a\u6700\u5927\u7684\u6d77\u6d0b\u6c34\u65cf\u9986\u53ca\u4e3b\u9898\u6e38\u4e50\u56ed\uff0c\u51ed\u5c71\u4e34\u6d77\uff0c\u65d6\u65ce\u591a\u59ff\uff0c\u662f\u8bbf\u6e2f\u65c5\u5ba2\u6700\u7231\u5149\u987e\u7684\u5730\u65b9\u3002\u5728\u8fd9\u91cc\u4e0d\u4ec5\u53ef\u4ee5\u770b\u5230\u8da3\u5473\u5341\u8db3\u7684\u9732\u5929\u6e38\u4e50\u573a\u3001\u6d77\u8c5a\u8868\u6f14\uff0c\u8fd8\u6709\u5343\u5947\u767e\u602a\u7684\u6d77\u6d0b\u6027\u9c7c\u7c7b\u3001\u9ad8\u8038\u5165\u4e91\u7684\u6d77\u6d0b\u6469\u5929\u5854\uff0c\u66f4\u6709\u60ca\u9669\u523a\u6fc0\u7684\u8d8a\u77ff\u98de\u8f66\u3001\u6781\u901f\u4e4b\u65c5\uff0c\u582a\u79f0\u79d1\u666e\u3001\u89c2\u5149\u3001\u5a31\u4e50\u7684\u5b8c\u7f8e\u7ec4\u5408\u3002", "arriveMethod": "\u4e2d\u73af\u7801\u5934\u51fa\u53e3\u5f80\u5de6\u76f4\u8d70\u4e58\u4e13\u7ebf629", "address": "\u9999\u6e2f\u6d77\u6d0b\u516c\u56ed\u9053"}');
INSERT INTO "city_picture" VALUES('55e78517-2017-11e2-8544-e4ce8f4b5244','xiang-gang-hai-yang-gong-yuan_1.jpg','/static/media/uploads/hongkong/xiang-gang-hai-yang-gong-yuan_1.jpg','','55e68dca-2017-11e2-b07c-e4ce8f4b5244','2012-10-27 09:18:57.209612+00:00');
INSERT INTO "city_picture" VALUES('55e813dc-2017-11e2-8d19-e4ce8f4b5244','xiang-gang-hai-yang-gong-yuan_2.jpg','/static/media/uploads/hongkong/xiang-gang-hai-yang-gong-yuan_2.jpg','','55e68dca-2017-11e2-b07c-e4ce8f4b5244','2012-10-27 09:18:57.212528+00:00');
INSERT INTO "city_picture" VALUES('55e88fd9-2017-11e2-9ebc-e4ce8f4b5244','xiang-gang-hai-yang-gong-yuan_3.jpg','/static/media/uploads/hongkong/xiang-gang-hai-yang-gong-yuan_3.jpg','','55e68dca-2017-11e2-b07c-e4ce8f4b5244','2012-10-27 09:18:57.216428+00:00');
INSERT INTO "city_place" VALUES('55e95d82-2017-11e2-a11d-e4ce8f4b5244','太平山(香港山顶)','Tai Ping Shan(Xiang Gang Shan Ding)',1,8,'114.149435','22.270643','美不胜收的东方之珠一览无余，没有到过太平山，你无法体会港城的魅力。',4,'{"website": "www.thepeak.com.hk/tc/home.asp", "ticketInfo": "\u514d\u8d39", "openTime": "\u5468\u4e00\u81f3\u5468\u65e510:00-23:00", "phoneNumber": "852-2849 7654", "description": "\u9999\u6e2f\u592a\u5e73\u5c71\uff0c\u82f1\u8bed\uff1aVictoria Peak\uff0c\u4e00\u822c\u6307\u201c\u592a\u5e73\u5c71\u5c71\u9876\u201d\uff0c\u56e0\u800c\u88ab\u9999\u6e2f\u4eba\u7b80\u79f0\u4e3a\u5c71\u9876\uff0c\u592a\u5e73\u5c71\u539f\u540d\u201c\u786c\u5934\u5c71\u201d\uff0c\u53e4\u79f0\u9999\u7089\u5cf0\uff0c\u6d77\u62d4554\u7c73\uff0c\u662f\u9999\u6e2f\u5c9b\u7684\u6700\u9ad8\u5cf0\u3002\u636e\u4f20\u5609\u5e86\u5e74\u95f4\u6d77\u76d7\u5f20\u4fdd\u4ed4\u76d8\u8e1e\u6e2f\u5c9b\u65f6\uff0c\u5728\u5c71\u4e0b\u8bbe\u4e1c\u897f\u8425\u76d8\uff0c\u5e76\u5229\u7528\u8be5\u5cf0\u4f5c\u4e86\u671b\u53f0\uff0c\u770b\u89c1\u6d77\u4e0a\u6709\u5546\u8239\u7ecf\u8fc7\uff0c\u5c31\u7528\u65d7\u53f7\u901a\u77e5\u5c71\u4e0b\u8425\u5be8\uff0c\u51fa\u52a8\u8239\u53ea\u53bb\u622a\u52ab\uff0c\u6545\u79f0\u626f\u65d7\u5c71\u3002\u8fd9\u91cc\u662f\u770b\u9999\u6e2f\u591c\u666f\u7684\u6700\u4f73\u5730\u70b9\u3002\u5c71\u9876\u7f06\u8f66\u8f66\u7968\uff1a\u6210\u4eba\uff08\u5355\u7a0b25\u5143\uff0c\u53cc\u7a0b36\u5143\uff09\uff1b\u513f\u7ae5\u548c\u957f\u8005\uff08\u5355\u7a0b9\u5143\uff0c\u53cc\u7a0b16\u5143\uff09\u3002", "arriveMethod": "\u6e2f\u5c9b\u4e2d\u73af\u7ad9J2\u51fa\u53e3\uff0c\u6b65\u884c\u7ea615\u5206\u949f\u524d\u5f80\u82b1\u56ed\u9053\u7f06\u8f66\u7ad9\u6362\u4e58\u5c71\u9876\u7f06\u8f66", "address": "\u9999\u6e2f\u5c71\u9802\u5c71\u9802\u9053118\u53f7"}');
INSERT INTO "city_picture" VALUES('55eb10e8-2017-11e2-8a20-e4ce8f4b5244','tai-ping-shan-(xiang-gang-shan-ding-)_1.jpg','/static/media/uploads/hongkong/tai-ping-shan-(xiang-gang-shan-ding-)_1.jpg','','55e95d82-2017-11e2-a11d-e4ce8f4b5244','2012-10-27 09:18:57.232958+00:00');
INSERT INTO "city_picture" VALUES('55eb784c-2017-11e2-8b35-e4ce8f4b5244','tai-ping-shan-(xiang-gang-shan-ding-)_2.jpg','/static/media/uploads/hongkong/tai-ping-shan-(xiang-gang-shan-ding-)_2.jpg','','55e95d82-2017-11e2-a11d-e4ce8f4b5244','2012-10-27 09:18:57.235687+00:00');
INSERT INTO "city_picture" VALUES('55ebec82-2017-11e2-a543-e4ce8f4b5244','tai-ping-shan-(xiang-gang-shan-ding-)_3.jpg','/static/media/uploads/hongkong/tai-ping-shan-(xiang-gang-shan-ding-)_3.jpg','','55e95d82-2017-11e2-a11d-e4ce8f4b5244','2012-10-27 09:18:57.238389+00:00');
INSERT INTO "city_place" VALUES('55ecb16e-2017-11e2-a055-e4ce8f4b5244','尖沙咀海滨花园','Jian Sha Zui Hai Bin Hua Yuan',1,8,'114.178711','22.297559','动感香港也有安静的一面，这一条沿维多利亚港而建的观景步道，非常适合漫游一族。',8,'{"ticketInfo": "\u514d\u8d39", "openTime": "\u5168\u5929", "description": "\u5c16\u6c99\u5480\u6d77\u6ee8\u82b1\u56ed\uff08\u82f1\u8bed\uff1aTsim Sha Tsui Promenade\uff0c\u4fd7\u79f0\u5c16\u6c99\u5480\u6d77\u6ee8\u957f\u5eca\uff09\u662f\u9999\u6e2f\u7684\u4e00\u4e2a\u6d77\u6ee8\u516c\u56ed\uff0c\u4f4d\u4e8e\u4e5d\u9f99\u5c16\u6c99\u5480\u4e1c\u6d77\u65c1\uff0c\u53ef\u770b\u5230\u7ef4\u591a\u5229\u4e9a\u6e2f\u6d77\u666f\u3002\u516c\u56ed\u5168\u957f1.6\u516c\u91cc\uff0c\u897f\u81f3\u5c16\u6c99\u5480\u5929\u661f\u7801\u5934\uff0c\u4e1c\u81f3\u7ea2\u78e1\u6d77\u5e95\u96a7\u9053\u4e5d\u9f99\u5165\u53e3\u30022003\u5e74\uff0c\u516c\u56ed\u7684\u5176\u4e2d\u4e00\u90e8\u5206\u6539\u5efa\u4e3a\u201c\u661f\u5149\u5927\u9053\u201d\uff0c\u8868\u626c\u9999\u6e2f\u7535\u5f71\u754c\u7684\u6770\u51fa\u4eba\u58eb\u3002\u8fd9\u4e00\u5e26\u662f\u6b23\u8d4f\u7ef4\u6e2f\u666f\u8272\u7684\u7406\u60f3\u5730\u65b9\u3002\u6574\u4e2a\u516c\u56ed\u94fa\u780c\u4e86\u7c89\u7ea2\u8272\u7684\u9636\u7816\u8def\uff0c\u6709\u8d85\u8fc7100\u76cf\u8857\u706f\u4f5c\u7167\u660e\uff0c\u4e3a\u5c16\u6c99\u5480\u7684\u591c\u8272\u589e\u6dfb\u7480\u707f\u5149\u8f89\u3002", "arriveMethod": "\u6e2f\u94c1\u5c16\u6c99\u5480\u7ad9F\u51fa\u53e3\uff0c\u6216\u5c16\u6c99\u5480\u706b\u8f66\u7ad9\uff0c\u5f80\u592a\u7a7a\u9986\u65b9\u5411\u524d\u8fdb\u5373\u8fbe", "address": "\u5c16\u6c99\u5480\u68b3\u58eb\u5df4\u5229\u9053"}');
INSERT INTO "city_picture" VALUES('55ee2e7a-2017-11e2-b8e3-e4ce8f4b5244','jian-sha-ju-hai-bin-hua-yuan_1.jpg','/static/media/uploads/hongkong/jian-sha-ju-hai-bin-hua-yuan_1.jpg','','55ecb16e-2017-11e2-a055-e4ce8f4b5244','2012-10-27 09:18:57.253378+00:00');
INSERT INTO "city_picture" VALUES('55ee9f23-2017-11e2-9e13-e4ce8f4b5244','jian-sha-ju-hai-bin-hua-yuan_2.jpg','/static/media/uploads/hongkong/jian-sha-ju-hai-bin-hua-yuan_2.jpg','','55ecb16e-2017-11e2-a055-e4ce8f4b5244','2012-10-27 09:18:57.256244+00:00');
INSERT INTO "city_place" VALUES('55ef7907-2017-11e2-8b49-e4ce8f4b5244','香港星光大道','Xiang Gang Xing Guang Da Dao',1,8,'114.175088','22.29342','逛维港必到之处！熟悉香港电影的话，这条路就显得更加有趣，从李小龙雕像到成龙的手印，让你过足追星的瘾。',8,'{"ticketInfo": "\u514d\u8d39", "openTime": "\u5168\u5929", "description": "\u9999\u6e2f\u661f\u5149\u5927\u9053\uff08\u82f1\u8bed\uff1aAvenue of Stars\uff09\u662f\u4f4d\u4e8e\u9999\u6e2f\u4e5d\u9f99\u5c16\u6c99\u5480\u4e1c\u90e8\u7684\u5c16\u6c99\u5480\u6d77\u6ee8\u82b1\u56ed\uff0c\u6cbf\u65b0\u4e16\u754c\u4e2d\u5fc3\u5bf9\u9762\u7684\u7ef4\u591a\u5229\u4e9a\u6e2f\u30022003\u5e74\uff0c\u7531\u65b0\u4e16\u754c\u53d1\u5c55\u6709\u9650\u516c\u53f8\u65a5\u8d444000\u4e07\u6e2f\u5143\u8d5e\u52a9\u5174\u5efa\uff0c\u57282004\u5e744\u670827\u65e5\u5f00\u5e55\uff0c\u5e76\u79fb\u4ea4\u4e88\u9999\u6e2f\u7279\u522b\u884c\u653f\u533a\u653f\u5e9c\uff0c\u4f9b\u5e02\u6c11\u4f11\u61a9\u53ca\u6e38\u5ba2\u89c2\u5149\u3002\u661f\u5149\u5927\u9053\u662f\u4e3a\u8868\u626c\u9999\u6e2f\u7535\u5f71\u754c\u7684\u6770\u51fa\u4eba\u58eb\u7684\u7279\u8272\u666f\u70b9\uff0c\u4eff\u6548\u597d\u83b1\u575e\u661f\u5149\u5927\u9053\uff0c\u6770\u51fa\u7535\u5f71\u5de5\u4f5c\u8005\u7684\u82b3\u540d\u4e0e\u624b\u638c\u5370\u9576\u5d4c\u5728\u7279\u5236\u7684\u7eaa\u5ff5\u724c\u533e\uff0c\u4ee5\u5e74\u4ee3\u4f9d\u6b21\u6392\u5217\u5728\u661f\u5149\u5927\u9053\u4e0a\uff0c\u76ee\u524d\u661f\u5149\u5927\u9053\u6709\u53ef\u5bb9\u7eb3100\u540d\u7535\u5f71\u5de5\u4f5c\u8005\u7684\u7eaa\u5ff5\u724c\u533e\u3002", "address": "\u5c16\u6c99\u5480\u68b3\u58eb\u5df4\u5229\u905318\u53f7"}');
INSERT INTO "city_picture" VALUES('55f0e00c-2017-11e2-bbaa-e4ce8f4b5244','xiang-gang-xing-guang-da-dao_1.jpg','/static/media/uploads/hongkong/xiang-gang-xing-guang-da-dao_1.jpg','','55ef7907-2017-11e2-8b49-e4ce8f4b5244','2012-10-27 09:18:57.271045+00:00');
INSERT INTO "city_picture" VALUES('55f1613d-2017-11e2-b28f-e4ce8f4b5244','xiang-gang-xing-guang-da-dao_2.jpg','/static/media/uploads/hongkong/xiang-gang-xing-guang-da-dao_2.jpg','','55ef7907-2017-11e2-8b49-e4ce8f4b5244','2012-10-27 09:18:57.273844+00:00');
INSERT INTO "city_picture" VALUES('55f1e740-2017-11e2-b5db-e4ce8f4b5244','xiang-gang-xing-guang-da-dao_3.jpg','/static/media/uploads/hongkong/xiang-gang-xing-guang-da-dao_3.jpg','','55ef7907-2017-11e2-8b49-e4ce8f4b5244','2012-10-27 09:18:57.277616+00:00');
INSERT INTO "city_place" VALUES('55f2a285-2017-11e2-9d80-e4ce8f4b5244','浅水湾','Qian Shui Wan',1,8,'114.196468','22.236654','香港最具代表性的沙滩，别墅遍布，李嘉诚的豪宅就在这里，《倾城之恋》也是以当时的浅水湾酒店作为背景的。',3,'{"ticketInfo": "\u514d\u8d39", "openTime": "\u5168\u5929", "description": "\u6d45\u6c34\u6e7e\u5728\u9999\u6e2f\u5c9b\u4e4b\u5357\uff0c\u4f9d\u5c71\u508d\u6d77\uff0c\u6d77\u6e7e\u5448\u65b0\u6708\u5f62\uff0c\u5761\u7f13\u6ee9\u957f\uff0c\u6ce2\u5e73\u6d6a\u9759\uff0c\u6c34\u6e05\u6c99\u7ec6\uff0c\u6c99\u6ee9\u5bbd\u9614\u6d01\u51c0\u800c\u6c34\u6d45\uff0c\u4e14\u51ac\u6696\u590f\u51c9\uff0c\u6c34\u6e29\u5728\u5341\u516d\u6444\u6c0f\u5ea6\u81f3\u4e8c\u5341\u4e03\u6444\u6c0f\u5ea6\u4e4b\u95f4\uff0c\u5386\u6765\u662f\u6e2f\u4eba\u6d88\u590f\u5f04\u6f6e\u7684\u80dc\u5730\uff0c\u4e5f\u662f\u6e38\u4eba\u5fc5\u81f3\u7684\u8457\u540d\u98ce\u666f\u533a\u3002\u6614\u65e5\uff0c\u9999\u6c5f\u516b\u666f\u4e4b\u4e00\u7684\u201c\u6d77\u56fd\u6d6e\u6c89\u201d\uff0c\u6307\u7684\u5c31\u662f\u6d45\u6c34\u6e7e\u7684\u6d77\u6ee8\u6d74\u573a\u3002", "arriveMethod": "\u6e2f\u94c1\u9999\u6e2f\u7ad9A1\u51fa\u53e3\uff0c\u6b65\u884c\u81f3\u4e2d\u73af\u4ea4\u6613\u5e7f\u573a\u5df4\u58eb\u603b\u7ad9\u642d\u4e586, 6A, 6X, 66\u6216260\u7ebf\u5df4\u58eb\uff0c\u4e8e\u6d45\u6c34\u6e7e\u4e0b\u8f66", "address": "\u9999\u6e2f\u6d45\u6c34\u6e7e\u6d77\u6ee9\u905326\u53f7"}');
INSERT INTO "city_picture" VALUES('55f401a8-2017-11e2-b61e-e4ce8f4b5244','qian-shui-wan_1.jpg','/static/media/uploads/hongkong/qian-shui-wan_1.jpg','','55f2a285-2017-11e2-9d80-e4ce8f4b5244','2012-10-27 09:18:57.290951+00:00');
INSERT INTO "city_picture" VALUES('55f496b8-2017-11e2-a6ac-e4ce8f4b5244','qian-shui-wan_2.jpg','/static/media/uploads/hongkong/qian-shui-wan_2.jpg','','55f2a285-2017-11e2-9d80-e4ce8f4b5244','2012-10-27 09:18:57.294511+00:00');
INSERT INTO "city_place" VALUES('55f58a28-2017-11e2-8204-e4ce8f4b5244','香港杜莎夫人蜡像馆','Xiang Gang Du Sha Fu Ren Zha Xiang Guan',1,8,'114.149628','22.271400','和姚明比高，同贝克汉姆比球技，看爱因斯坦搞怪，与明星合照不再是梦想！',6,'{"website": "www.madametussauds.com/", "ticketInfo": "\u6210\u4eba\u95e8\u7968160HKD##\u5c0f\u7ae5\u95e8\u7968\uff08\u4e09\u81f3\u5341\u4e00\u5c81\uff0990HKD##\u957f\u8005\u95e8\u7968\uff08\u516d\u5341\u4e94\u5c81\u6216\u4ee5\u4e0a\uff0990HKD", "openTime": "\u5468\u4e00\u81f3\u5468\u65e510:00-22:00", "phoneNumber": "852-2849 6966", "description": "\u9999\u6e2f\u675c\u838e\u592b\u4eba\u8721\u50cf\u9986\uff08Madame Tussauds Hong Kong\uff09\uff0c\u7b80\u79f0\u201c\u9999\u6e2f\u8721\u50cf\u9986\u201d\uff0c\u4f4d\u4e8e\u9999\u6e2f\u592a\u5e73\u5c71\u9876\u51cc\u9704\u9601\uff0c\u662f\u4e13\u95e8\u5c55\u89c8\u540d\u4eba\u8721\u50cf\u7684\u535a\u7269\u9986\u3002\u675c\u838e\u592b\u4eba\u8721\u50cf\u9986\u603b\u9986\u4f4d\u4e8e\u82f1\u56fd\u4f26\u6566\uff0c\u9999\u6e2f\u5206\u9986\u4e8e2000\u5e74\u5f00\u5e55\uff0c\u5c55\u51fa\u7ea6100\u5c0a\u56fd\u9645\u3001\u4e2d\u56fd\u53ca\u9999\u6e2f\u540d\u4eba\u7684\u8721\u50cf\u3002\u5305\u62ec\u4e2d\u534e\u4eba\u6c11\u5171\u548c\u56fd\u56fd\u5bb6\u4e3b\u5e2d\u80e1\u9526\u6d9b\u3001\u7bee\u7403\u660e\u661f\u59da\u660e\u3001\u8db3\u7403\u660e\u661f\u78a7\u54b8\uff08\u5927\u536b\u00b7\u8d1d\u514b\u6c49\u59c6\uff09\u3001\u9999\u6e2f\u5965\u8fd0\u91d1\u724c\u5f97\u4e3b\u674e\u4e3d\u73ca\u3001\u8457\u540d\u827a\u4eba\u9648\u6167\u7433\u3001\u5468\u6770\u4f26\u3001\u5218\u5fb7\u534e\u7b49\uff0c\u4ee5\u53ca\u5df2\u6545\u5de8\u661f\u9093\u4e3d\u541b\u3001\u6885\u8273\u82b3\u3001\u5f20\u56fd\u8363\u7b49\u3002", "arriveMethod": "\u6e2f\u5c9b\u4e2d\u73af\u7ad9J2\u51fa\u53e3\uff0c\u6b65\u884c\u7ea615\u5206\u949f\u524d\u5f80\u82b1\u56ed\u9053\u7f06\u8f66\u7ad9\u6362\u4e58\u5c71\u9876\u7f06\u8f66", "address": "\u9999\u6e2f\u5c71\u9876\u9053128\u53f7\u51cc\u9704\u96012\u697c"}');
INSERT INTO "city_picture" VALUES('55f69c68-2017-11e2-aa4a-e4ce8f4b5244','xiang-gang-du-sha-fu-ren-zha-xiang-guan_1.jpg','/static/media/uploads/hongkong/xiang-gang-du-sha-fu-ren-zha-xiang-guan_1.jpg','','55f58a28-2017-11e2-8204-e4ce8f4b5244','2012-10-27 09:18:57.308135+00:00');
INSERT INTO "city_picture" VALUES('55f735c5-2017-11e2-a0e9-e4ce8f4b5244','xiang-gang-du-sha-fu-ren-zha-xiang-guan_2.jpg','/static/media/uploads/hongkong/xiang-gang-du-sha-fu-ren-zha-xiang-guan_2.jpg','','55f58a28-2017-11e2-8204-e4ce8f4b5244','2012-10-27 09:18:57.311513+00:00');
INSERT INTO "city_place" VALUES('55f86df5-2017-11e2-b231-e4ce8f4b5244','天星小轮','Tian Xing Xiao Lun',1,8,'114.161232','22.287171','天星小轮的年头比上海摆渡船还久，风景比黄浦江两岸还更胜一筹，价钱却只是在北京坐一次地铁的花费而已。',4,'{"ticketInfo": "\u5c16\u6c99\u5480/\u6e7e\u4ed4\u5f80\u6765\u4e2d\u73af\u822a\u7ebf\u6536\u8d39##\u5e73\u65e5\u6210\u4eba\u4e0b\u5c422HKD,\u4e0a\u5c422.50HKD##3\u81f312\u5c81\u5c0f\u7ae5\u5206\u522b\u4e3a1.40HKD\u548c1.50HKD##\u5468\u516d\u65e5\u53ca\u516c\u4f17\u5047\u65e5\u4e0b\u5c422.40HKD\u3001\u4e0a\u5c423.00HKD##3\u81f312\u5c81\u5c0f\u7ae5\u5206\u522b\u4e3a1.70HKD\u548c1.80HKD", "openTime": "\u5468\u4e00\u81f3\u5468\u65e506:30-23:30", "description": "\u5929\u661f\u5c0f\u8f6e\u662f\u9999\u6e2f\u8457\u540d\u7684\u62e5\u6709\u60a0\u4e45\u5386\u53f2\u7684\u4ea4\u901a\u5de5\u5177\uff0c\u662f\u9999\u6e2f\u7684\u7ef4\u591a\u5229\u4e9a\u6e2f\u5e38\u89c1\u7684\u6e21\u6d77\u4ea4\u901a\u5de5\u5177\u3002\u670d\u52a1\u9999\u6e2f\u903e\u767e\u5e74\u7684\u5929\u661f\u5c0f\u8f6e\uff0c\u5728\u9999\u6e2f\u7684\u7ef4\u591a\u5229\u4e9a\u6e2f\u63d0\u4f9b\u6e21\u6d77\u5c0f\u8f6e\u670d\u52a1\uff0c\u8f7d\u5ba2\u6765\u5f80\u9999\u6e2f\u5c9b\u53ca\u4e5d\u9f99\u534a\u5c9b\u3002\u6bcf\u9694\u6570\u5206\u949f\u6216\u5341\u591a\u5206\u949f\u4fbf\u6709\u4e00\u53f0\u5f00\u5f80\u5bf9\u5cb8\u3002\u300a\u56fd\u5bb6\u5730\u7406\u65c5\u6e38\u6742\u5fd7\u300b\u66fe\u628a\u4e58\u642d\u5929\u661f\u5c0f\u8f6e\u6e38\u89c8\u7ef4\u6e2f\u4e24\u5cb8\u8a89\u4e3a\u201c\u4eba\u751f50\u4e2a\u5fc5\u5230\u666f\u70b9\u201d\u4e4b\u4e00\u3002", "arriveMethod": "\u6e2f\u94c1\u5c16\u6c99\u5480\u7ad9", "address": "\u4e2d\u73af\u6c11\u8000\u88577\u53f7"}');
INSERT INTO "city_picture" VALUES('55fa81eb-2017-11e2-8235-e4ce8f4b5244','tian-xing-xiao-lun_1.jpg','/static/media/uploads/hongkong/tian-xing-xiao-lun_1.jpg','','55f86df5-2017-11e2-b231-e4ce8f4b5244','2012-10-27 09:18:57.333455+00:00');
INSERT INTO "city_picture" VALUES('55fb2551-2017-11e2-aa21-e4ce8f4b5244','tian-xing-xiao-lun_2.jpg','/static/media/uploads/hongkong/tian-xing-xiao-lun_2.jpg','','55f86df5-2017-11e2-b231-e4ce8f4b5244','2012-10-27 09:18:57.337673+00:00');
INSERT INTO "city_place" VALUES('55fc2d05-2017-11e2-9e1e-e4ce8f4b5244','青马大桥','Qing Ma Da Qiao',1,8,'114.074178','22.351267','谁都没办法在青马大桥上驻留，但只要是坐飞机来港的却都会经过这里。在山水的映衬下，大桥的景深感非常好。',3,'{"ticketInfo": "\u514d\u8d39", "openTime": "\u5168\u5929", "description": "\u9752\u9a6c\u5927\u6865\uff08Tsing Ma Bridge\uff09\uff0c\u662f\u914d\u5408\u9999\u6e2f\u56fd\u9645\u673a\u573a\uff08\u8d64\u8721\u89d2\u673a\u573a\uff09\u800c\u5efa\u7684\u5341\u5927\u6838\u5fc3\u5de5\u7a0b\u4e4b\u4e00\u3002\u4e8e1992\u5e745\u6708\u5f00\u59cb\u5174\u5efa\uff0c\u5386\u65f6\u4e94\u5e74\u7ae3\u5de5\uff0c\u9020\u4ef771.44\u4ebf\u6e2f\u5143\u3002\u9752\u9a6c\u5927\u6865\u6a2a\u8de8\u9752\u8863\u5c9b\u53ca\u9a6c\u6e7e\uff0c\u6865\u8eab\u603b\u957f\u5ea62,200\u7c73\uff0c\u4e3b\u8de8\u957f\u5ea61,377\u7c73\uff0c\u79bb\u6d77\u9762\u9ad862\u7c73\uff0c\u9752\u9a6c\u5927\u6865\u9664\u521b\u9020\u4e16\u754c\u6700\u957f\u7684\u884c\u8f66\u3001\u94c1\u8def\u4e24\u7528\u540a\u6865\u7eaa\u5f55\u5916\uff0c\u5305\u62ec\u9752\u9a6c\u5927\u6865\u5728\u5185\u7684\u201c\u673a\u573a\u6838\u5fc3\u8ba1\u5212\u201d\u8fd8\u4e8e1999\u5e74\u8363\u83b7\u7f8e\u56fd\u5efa\u7b51\u754c\u6743\u5a01\u53ca\u7f16\u8f91\u9009\u4e3a\u201c\u4e8c\u5341\u4e16\u7eaa\u5341\u5927\u5efa\u7b51\u6210\u5c31\u5956Top10 Construction Achievements of the20th Century\u201d\u5f97\u4e3b\u4e4b\u4e00\uff0c\u5e76\u4e0e\u82f1\u6cd5\u6d77\u5ce1\u96a7\u9053\u3001\u4e09\u85e9\u5e02\u91d1\u95e8\u5927\u6865\u3001\u827e\u68ee\u8c6a\u5a01\u5c14\u5dde\u9645\u548c\u56fd\u9632\u516c\u8def\u7cfb\u7edf\u3001\u7ebd\u7ea6\u5e1d\u56fd\u5927\u53a6\u3001\u79d1\u7f57\u62c9\u591a\u80e1\u4f5b\u6c34\u575d\u3001\u5df4\u62ff\u9a6c\u8fd0\u6cb3\u3001\u6089\u5c3c\u6b4c\u5267\u9662\u3001\u57c3\u53ca\u963f\u65af\u65fa\u6c34\u575d\u5de5\u7a0b\u53ca\u7ebd\u7ea6\u4e16\u754c\u8d38\u6613\u4e2d\u5fc3\u540c\u4eab\u6b8a\u8363\u3002", "address": "\u9999\u6e2f\u9752\u8863\u5c9b"}');
INSERT INTO "city_picture" VALUES('55fdc9c0-2017-11e2-ac1d-e4ce8f4b5244','qing-ma-da-qiao_1.jpg','/static/media/uploads/hongkong/qing-ma-da-qiao_1.jpg','','55fc2d05-2017-11e2-9e1e-e4ce8f4b5244','2012-10-27 09:18:57.355520+00:00');
INSERT INTO "city_picture" VALUES('55fe3e51-2017-11e2-b18b-e4ce8f4b5244','qing-ma-da-qiao_2.jpg','/static/media/uploads/hongkong/qing-ma-da-qiao_2.jpg','','55fc2d05-2017-11e2-9e1e-e4ce8f4b5244','2012-10-27 09:18:57.358588+00:00');
INSERT INTO "city_place" VALUES('55fee670-2017-11e2-be47-e4ce8f4b5244','添好运点心专卖店','Tian Hao Yun Dian Xin Zhuan Mai Dian',2,8,'114.173063','22.316019','原四季酒店点心主管创办，被评为全世界最便宜的米其林餐厅。',8,'{"ticketInfo": "\u4eba\u574740HKD", "openTime": "\u5468\u4e00\u81f3\u5468\u65e510:00-22:00", "phoneNumber": "852-2332 2896", "description": "\u6dfb\u597d\u8fd0\u70b9\u5fc3\u4e13\u95e8\u5e97\u662f\u4e00\u95f4\u8457\u540d\u7684\u9999\u6e2f\u70b9\u5fc3\u5e97\uff0c\u73b0\u6709\u4e24\u95f4\u5206\u5e97\uff0c\u5206\u522b\u4f4d\u4e8e\u4e5d\u9f99\u65fa\u89d2\u5e7f\u534e\u8857\u53ca\u6df1\u6c34\u57d7\u798f\u8363\u8857\u3002\u5e97\u4e1c\u9ea6\u6842\u57f9\u539f\u662f\u9f99\u666f\u8f69\u70b9\u5fc3\u4e3b\u7ba1\uff0c\u4e8e2009\u5e743\u6708\u521b\u4e1a\u5f00\u8bbe\u6dfb\u597d\u8fd0\uff0c\u4e0d\u8db3\u4e00\u5e74\u5df2\u83b7\u56fd\u9645\u996e\u98df\u6743\u5a01\u7c73\u5176\u6797\u8bc4\u4e3a\u4e00\u661f\u7ea7\u98df\u8086\uff0c\u662f\u5168\u7403\u6700\u5ec9\u5b9c\u7684\u201c\u661f\u7ea7\u98df\u5e9c\u201d\u3002\u8be5\u5e97\u70b9\u5fc3\u201c\u5373\u53eb\u5373\u84b8\u201d\uff0c\u4ee5\u8106\u76ae\u53c9\u70e7\u5305\u3001\u841d\u535c\u7cd5\u53ca\u7cef\u7c73\u9e21\u7b49\u95fb\u540d\u3002", "arriveMethod": "\u6e2f\u94c1\u6cb9\u9ebb\u5730\u7ad9", "address": "\u65fa\u89d2\u767b\u6253\u58eb\u885783\u53f7"}');
INSERT INTO "city_picture" VALUES('55ffdef5-2017-11e2-93ac-e4ce8f4b5244','tian-hao-yun-dian-xin-zhuan-mai-dian_1.jpg','/static/media/uploads/hongkong/tian-hao-yun-dian-xin-zhuan-mai-dian_1.jpg','','55fee670-2017-11e2-be47-e4ce8f4b5244','2012-10-27 09:18:57.369269+00:00');
INSERT INTO "city_picture" VALUES('56004ff8-2017-11e2-b27c-e4ce8f4b5244','tian-hao-yun-dian-xin-zhuan-mai-dian_2.jpg','/static/media/uploads/hongkong/tian-hao-yun-dian-xin-zhuan-mai-dian_2.jpg','','55fee670-2017-11e2-be47-e4ce8f4b5244','2012-10-27 09:18:57.371998+00:00');
INSERT INTO "city_picture" VALUES('5600caa8-2017-11e2-8dda-e4ce8f4b5244','tian-hao-yun-dian-xin-zhuan-mai-dian_3.jpg','/static/media/uploads/hongkong/tian-hao-yun-dian-xin-zhuan-mai-dian_3.jpg','','55fee670-2017-11e2-be47-e4ce8f4b5244','2012-10-27 09:18:57.375229+00:00');
INSERT INTO "city_place" VALUES('56018a42-2017-11e2-b603-e4ce8f4b5244','强记大排档','Qiang Ji Da Pai Dang',2,8,'114.162675','22.328336','变幻莫测的大排档，白天和晚上供应的菜式完全不一样。',4,'{"phoneNumber": "852-2776 2712", "description": "\u5f3a\u8bb0\u5927\u6392\u6863\u548c\u5176\u5979\u7684\u5927\u6392\u6a94\u6709\u5c11\u5c11\u4e0d\u540c\uff0c\u5176\u5979\u7684\u5927\u6392\u6a94\u5f88\u591a\u65f6\u90fd\u662f\u53ea\u505a\u4e00\u79cd\u7c7b\u7684\u98df\u7269\uff0c\u4f8b\u5982\u98df\u7c89\u9762\u7684\u5f88\u5c11\u4f1a\u505a\u5c0f\u83dc\uff0c\u4f46\u5f3a\u8bb0\u5c31\u4e0d\u540c\u4e86\uff0c\u5979\u4eec\u4f1a\u4e0a\u5348\u548c\u4e2d\u5348\u505a\u6e2f\u5f0f\u65e9\u9910\uff0c\u98df\u714e\u86cb\u548c\u706b\u817f\u8fd9\u4e00\u4e9b\uff0c\u4f46\u5230\u4e86\u665a\u4e0a\u5c31\u8f6c\u505a\u4e86\u5e7f\u4e1c\u5c0f\u83dc\uff0c\u771f\u662f\u6709\u9999\u6e2f\u4eba\u591a\u53d8\u548c\u9002\u5e94\u529b\u5f3a\u7684\u6027\u683c\u3002", "arriveMethod": "\u6e2f\u94c1\u6df1\u6c34\u57d7\u7ad9", "address": "\u9999\u6e2f\u6df1\u6c34\u57d7\u57fa\u9686\u8857194\u53f7"}');
INSERT INTO "city_picture" VALUES('5602899c-2017-11e2-87d4-e4ce8f4b5244','qiang-ji-da-pai-dang_1.jpg','/static/media/uploads/hongkong/qiang-ji-da-pai-dang_1.jpg','','56018a42-2017-11e2-b603-e4ce8f4b5244','2012-10-27 09:18:57.386676+00:00');
INSERT INTO "city_place" VALUES('56032907-2017-11e2-b24b-e4ce8f4b5244','威记粥店','Wei Ji Zhou Dian',2,8,'114.154480','22.283614','外表简陋的粥店味道50年不变，中环人从小吃到大。除了碎牛肉粥和艇仔粥必点，香港最好的炸肠也在这里。',3,'{"openTime": "\u9664\u5468\u65e5\u53ca\u516c\u4f17\u5047\u671f07:00-17:30\u5916, \u6bcf\u592907:00\u523019:00\u5f00\u653e", "phoneNumber": "852-2551 5564", "description": "\u98ce\u5149\u4e00\u65f6\u7684\u58eb\u4e39\u5229\u8857\u8857\u89d2\u5c3d\u5904\uff0c\u8d70\u8fc7\u51e0\u94fa\u94c1\u76ae\u5927\u724c\u6863\uff0c\u5c31\u4f1a\u53d1\u89c9\u4e00\u5bb6\u88c5\u4fee\u7b80\u964b\u7684\u8857\u574a\u7ca5\u5e97\uff0c\u5356\u7684\u662f\u767d\u7ca5\u3001\u725b\u8089\u7ca5\u3001\u732a\u7ea2\u7ca5\u3001\u53ca\u7b2c\u7ca5\u3001\u84b8\u841d\u535c\u7cd5\u3001\u7092\u9762\u3001\u8089\u7cbd\u3001\u867e\u7c73\u732a\u80a0\u7c89\u3001\u70b8\u4e24\u4ee5\u53ca\u5404\u5f0f\u6cb9\u5668\u5982\u6cb9\u6761\u3001\u725b\u8137\u9165\u3001\u54b8\u714e\u997c\u7b49\u7b49\uff0c\u90fd\u662f\u5e73\u51e1\u6734\u5b9e\u4e0d\u8fc7\u65e5\u5e38\u65e9\u70b9\u9009\u62e9\u3002\u5a01\u8bb0\u5927\u62b5\u4e0d\u662f\u5168\u57ce\u6700\u51fa\u8272\u7684\u7ca5\u54c1\u5e97\uff0c\u4f46\u8fd9\u7c7b\u7eaf\u7cb9\u5e76\u5b8c\u6574\u4ee5\u65e9\u9910\u7ca5\u54c1\u4f5c\u5185\u5bb9\u7684\u98df\u8086\u5176\u5b9e\u5df2\u4e0d\u591a\u89c1\u3002", "arriveMethod": "\u6e2f\u94c1\u4e2d\u73af\u7ad9C\u51fa\u53e3\uff0c\u4e58\u4e2d\u73af\u81f3\u534a\u5c71\u81ea\u52a8\u6276\u68af\u5373\u8fbe", "address": "\u9999\u6e2f\u4e2d\u73af\u58eb\u4e39\u5229\u885782\u53f7"}');
INSERT INTO "city_picture" VALUES('56041a0c-2017-11e2-ac62-e4ce8f4b5244','wei-ji-zhou-dian_1.jpg','/static/media/uploads/hongkong/wei-ji-zhou-dian_1.jpg','','56032907-2017-11e2-b24b-e4ce8f4b5244','2012-10-27 09:18:57.396990+00:00');
INSERT INTO "city_picture" VALUES('560489d7-2017-11e2-b3aa-e4ce8f4b5244','wei-ji-zhou-dian_2.jpg','/static/media/uploads/hongkong/wei-ji-zhou-dian_2.jpg','','56032907-2017-11e2-b24b-e4ce8f4b5244','2012-10-27 09:18:57.399849+00:00');
INSERT INTO "city_place" VALUES('56056bfa-2017-11e2-9d00-e4ce8f4b5244','恭和堂','Gong He Tang',2,8,'114.183108','22.278613','传统工艺制作的正宗龟灵膏，每晚睡前一盅，清热去火最佳选择。',8,'{"ticketInfo": "\u4eba\u5747\u6d88\u8d39\uff1a50HKD", "openTime": "\u5468\u4e00\u81f3\u5468\u65e510:30-23:45", "phoneNumber": "852-2576 1001", "description": "\u606d\u548c\u5802\u7684\u683c\u5c40\u5206\u660e\u5c31\u5f15\u9886\u5927\u5bb6\u56de\u5230\u6b66\u4fa0\u5c0f\u8bf4\u4e2d\u4eba\u4eba\u61c2\u638c\u95e8\u4f1a\u653e\u98de\u5251\u7684\u5e74\u4ee3\uff0c\u5927\u5e08\u5144\u4e2d\u4e86\u6bd2\u5c0f\u5e08\u59b9\u8981\u5728\u6c5f\u6e56\u4e2d\u8bbf\u5bfb\u540d\u533b\u4ed9\u836f\uff0c\u7ec8\u4e8e\u89c5\u5f97\u575a\u6301\u53e4\u6cd5\u79d8\u65b9\u7528\u4e0a\u91ce\u751f\u91d1\u94b1\u9f9f\u677f\u71ac\u716e\u51fa\u7684\u6c41\u6db2\uff0c\u51dd\u56fa\u6210\u534a\u900f\u660e\u6df1\u68d5\u8272\u7684\u56fa\u72b6\u9f9f\u82d3\u818f\uff0c\u5165\u53e3\u65e2\u97e7\u4e14\u6ed1\uff0c\u7518\u800c\u4e0d\u82e6\u3002\u4f20\u7edf\u98df\u6cd5\u5f53\u7136\u8981\u8d81\u70ed\uff0c\u4f46\u4e3a\u4e86\u5f00\u62d3\u5e74\u8f7b\u5e02\u573a\uff0c\u4e5f\u6709\u51bb\u98df\u7684\u9009\u62e9\uff0c\u4e00\u6837\u662f\u6e05\u70ed\u89e3\u6bd2\u7684\u836f\u7597\u7f8e\u5473\u3002\u5403\u540e\u6765\u7897\u8fd9\u91cc\u8457\u540d\u7684\u96ea\u68a8\u6c34\uff0c\u6e05\u6da6\u89e3\u6e34\uff0c\u76f8\u5f97\u76ca\u5f70\u3002", "arriveMethod": "\u6e2f\u94c1\u94dc\u9523\u6e7e\u7ad9", "address": "\u94dc\u9523\u6e7e\u6ce2\u65af\u5bcc\u885787\u53f7"}');
INSERT INTO "city_picture" VALUES('56068e8f-2017-11e2-819d-e4ce8f4b5244','gong-he-tang_1.jpg','/static/media/uploads/hongkong/gong-he-tang_1.jpg','','56056bfa-2017-11e2-9d00-e4ce8f4b5244','2012-10-27 09:18:57.412352+00:00');
INSERT INTO "city_picture" VALUES('560711b3-2017-11e2-9f74-e4ce8f4b5244','gong-he-tang_2.jpg','/static/media/uploads/hongkong/gong-he-tang_2.jpg','','56056bfa-2017-11e2-9d00-e4ce8f4b5244','2012-10-27 09:18:57.416107+00:00');
INSERT INTO "city_picture" VALUES('560789ee-2017-11e2-a57e-e4ce8f4b5244','gong-he-tang_3.jpg','/static/media/uploads/hongkong/gong-he-tang_3.jpg','','56056bfa-2017-11e2-9d00-e4ce8f4b5244','2012-10-27 09:18:57.419524+00:00');
INSERT INTO "city_place" VALUES('5608721e-2017-11e2-8e30-e4ce8f4b5244','糖朝','Tang Chao',2,8,'114.168707','22.299319','招牌甜品是原桶豆腐花，爽滑可口，豆味十足，邀约三五好友一起享用吧！',8,'{"ticketInfo": "\u4eba\u5747\u6d88\u8d39\uff1a30HKD", "openTime": "\u5468\u4e00\uff5e\u5468\u56db10:00-24:00##\u5468\u4e9410:00-01:00##\u5468\u516d07:30-01:00##\u5468\u65e507:30-24:00", "phoneNumber": "852-2199 7799", "description": "\u7cd6\u671d\u662f\u4e00\u95f4\u575a\u6301\u6cbf\u7528\u4f20\u7edf\u5bb6\u4f20\u6280\u672f\u70f9\u8c03\u7cd6\u6c34\u7684\u4e13\u95e8\u5e97\u3002\u63a8\u5f00\u7cd6\u671d\u5927\u95e8\uff0c\u53e4\u8272\u53e4\u9999\u7684\u73af\u5883\u987f\u65f6\u6620\u5165\u773c\u5e18\uff0c\u4eff\u53e4\u7684\u540a\u6247\u5f25\u6f2b\u7740\u6000\u65e7\u6c14\u606f\uff0c\u5982\u540c\u65f6\u5149\u5012\u6d41\uff0c\u4eff\u4f5b\u7f6e\u8eab\u4e8e\u4e94\u516d\u5341\u5e74\u4ee3\u7684\u611f\u89c9\u3002\u7cd6\u671d\u7528\u4f20\u7edf\u624b\u6cd5\u6240\u505a\u7684\u7cd6\u6c34\u4e5f\u975e\u5e38\u8003\u7a76\uff0c\u6750\u6599\u65b9\u9762\uff0c\u4ee5\u539f\u6750\u6599\u672c\u8eab\u7279\u6709\u7684\u751c\u5473\u4e3a\u4e3b\u89d2\uff0c\u800c\u51b0\u7cd6\u3001\u8517\u7cd6\u5219\u662f\u8c03\u548c\u7684\u914d\u89d2\uff0c\u786e\u4fdd\u591a\u5403\u4ea6\u65e0\u59a8\uff0c\u5065\u5eb7\u3001\u517b\u989c\u7b49\u529f\u6548\u66f4\u4f73\uff0c\u8001\u5e7c\u7686\u5b9c\u3002\u9002\u9022\u51ac\u5b63\u8fdb\u8865\u7684\u597d\u65f6\u8282\uff0c\u4e00\u4e9b\u517b\u751f\u517b\u989c\u3001\u6709\u836f\u81b3\u529f\u6548\u7684\u7cd6\u6c34\u5927\u53d7\u6b22\u8fce\u3002", "arriveMethod": "\u6e2f\u94c1\u5c16\u6c99\u5480\u7ad9A1\u51fa\u53e3\uff0c\u6cbf\u6d77\u9632\u9053\u897f\u884c\u81f3\u5e7f\u4e1c\u9053\u53f3\u8f6c", "address": "\u5c16\u6c99\u5480\u5e7f\u4e1c\u9053116-118\u53f7"}');
INSERT INTO "city_picture" VALUES('5609c0c2-2017-11e2-9075-e4ce8f4b5244','tang-zhao_1.jpg','/static/media/uploads/hongkong/tang-zhao_1.jpg','','5608721e-2017-11e2-8e30-e4ce8f4b5244','2012-10-27 09:18:57.433365+00:00');
INSERT INTO "city_picture" VALUES('560a6ed4-2017-11e2-8b61-e4ce8f4b5244','tang-zhao_2.jpg','/static/media/uploads/hongkong/tang-zhao_2.jpg','','5608721e-2017-11e2-8e30-e4ce8f4b5244','2012-10-27 09:18:57.436872+00:00');
INSERT INTO "city_picture" VALUES('560b1ad1-2017-11e2-85b8-e4ce8f4b5244','tang-zhao_3.jpg','/static/media/uploads/hongkong/tang-zhao_3.jpg','','5608721e-2017-11e2-8e30-e4ce8f4b5244','2012-10-27 09:18:57.441970+00:00');
INSERT INTO "city_place" VALUES('560c3aae-2017-11e2-9aac-e4ce8f4b5244','义顺牛奶公司','Yi Shun Niu Nai Gong Si',2,8,'114.183287','22.280477','专攻炖蛋炖奶，临街的冷冻橱窗蛋黄奶白一碗一碗高低排列就已足够吸引途人驻足。',6,'{"ticketInfo": "\u4eba\u5747\u6d88\u8d39\uff1a40HKD", "openTime": "\u5468\u4e00\u81f3\u5468\u65e512:00-00:00", "phoneNumber": "852-2591 1837", "description": "\u4e49\u987a\u725b\u5976\u516c\u53f8\u662f\u9999\u6e2f\u4e00\u95f4\u5f88\u666e\u901a\u7684\u8336\u9910\u5385\uff0c\u4f46\u51fa\u540d\u7684\u5976\u5236\u54c1\u5374\u8ba9\u4eba\u6d41\u8fde\u5fd8\u8fd4\u3002\u53cc\u76ae\u5976\u3001\u59dc\u649e\u5976\u90fd\u662f\u62db\u724c\u5976\u5236\u54c1\u3002", "address": "\u9999\u6e2f\u94dc\u9523\u6e7e\u9a86\u514b\u9053506\u53f7"}');
INSERT INTO "city_picture" VALUES('560d7547-2017-11e2-a618-e4ce8f4b5244','yi-shun-niu-nai-gong-si_1.jpg','/static/media/uploads/hongkong/yi-shun-niu-nai-gong-si_1.jpg','','560c3aae-2017-11e2-9aac-e4ce8f4b5244','2012-10-27 09:18:57.457494+00:00');
INSERT INTO "city_picture" VALUES('560ec019-2017-11e2-862d-e4ce8f4b5244','yi-shun-niu-nai-gong-si_2.jpg','/static/media/uploads/hongkong/yi-shun-niu-nai-gong-si_2.jpg','','560c3aae-2017-11e2-9aac-e4ce8f4b5244','2012-10-27 09:18:57.462873+00:00');
INSERT INTO "city_place" VALUES('560fdc3d-2017-11e2-b186-e4ce8f4b5244','十三座牛杂','Shi San Zuo Niu Za',2,8,'114.200134','22.291335','总能看见一群上班族或学生，在这个小摊子前，手里握着牛杂，鱼蛋不顾形象的大快朵颐。',6,'{"openTime": "\u5468\u4e00\u81f3\u5468\u65e507:00-21:00\uff08\u725b\u6742\u4f9b\u5e9412:00-21:00\uff09", "phoneNumber": "852-3575 9299 ", "description": "\u9999\u6e2f\u5341\u4e09\u5ea7\u725b\u6742\u9664\u4e86\u725b\u6742\uff0c\u9c7c\u86cb\u3001\u516b\u722a\u9c7c\u3001\u9999\u8fa3\u5364\u4e5f\u505a\u51fa\u5e94\u6709\u7684\u5c0f\u98df\u6c34\u51c6\uff0c\u9c7c\u86cb\u7684\u5496\u55b1\u6c41\u7528\u4e863\u79cd\u5496\u55b1\u7c89\u3001\u78e8\u8c49\u9171\u7b4911\u79cd\u8c03\u5473\u6599\u8c03\u5473\uff0c\u5496\u55b1\u6c41\u914d\u723d\u53e3\u5f39\u7259\u7684\u516b\u722a\u9c7c\u4ea6\u6df1\u53d7\u6b22\u8fce\uff0c\u8fd1\u5e74\u66f4\u63a8\u51fa\u6a3d\u4ed4\u5976\u8336\uff0c\u5473\u9053\u6bd4\u574a\u95f4\u7684\u51bb\u5976\u8336\u6765\u5f97\u6d53\u6ed1\uff0c\u6df1\u53d7\u5976\u8336\u8ff7\u559c\u7231\u3002\u5fc5\u5c1d\u62db\u724c\u83dc\uff1a\u725b\u6742\u3001\u516b\u722a\u9c7c\u3001\u9c7c\u86cb\u3001\u6a3d\u4ed4\u5976\u8336\u3002\u603b\u5e97\u5728\u9999\u6e2f\u5317\u89d2\u4e66\u5c40\u88571\u53f7\u3002", "address": "\u9999\u6e2f\u5317\u89d2\u4e66\u5c40\u88571\u53f7"}');
INSERT INTO "city_picture" VALUES('56111d0f-2017-11e2-bddb-e4ce8f4b5244','shi-san-zuo-niu-za_1.jpg','/static/media/uploads/hongkong/shi-san-zuo-niu-za_1.jpg','','560fdc3d-2017-11e2-b186-e4ce8f4b5244','2012-10-27 09:18:57.481823+00:00');
INSERT INTO "city_place" VALUES('5611c22e-2017-11e2-ae90-e4ce8f4b5244','太古广场','Pacific Place',12,8,'114.164649','22.277866','太古向来是香港名人明星的热门购物地点，狗仔队常年埋伏在周围。',8,'{"website": "http://www.pacificplace.com.hk/sc/", "openTime": "\u5468\u4e00\u81f3\u5468\u65e510:00-24:00", "phoneNumber": "852-2844 8988", "description": "\u592a\u53e4\u5e7f\u573a\u4f4d\u4e8e\u9999\u6e2f\u4e2d\u73af\u4e1c\u4fa7\uff0c\u8fd9\u91cc\u662f\u4f53\u9a8c\u9999\u6e2f\u4eba\u5403\u559d\u73a9\u4e50\u751f\u6d3b\u6d88\u8d39\u6a21\u5f0f\u7684\u6781\u4f73\u53bb\u5904\u3002\u4ece\u91d1\u949f\u5730\u94c1\u7ad92\u697c\u5230\u592a\u53e4\u5e7f\u573a\u6709\u6b65\u884c\u901a\u9053\u76f8\u8fde\u3002\u5e7f\u573a\u62e5\u67093\u5bb6\u4e94\u661f\u7ea7\u996d\u5e97\u3001\u9ad8\u7ea7\u529e\u516c\u697c\u3001\u4f4f\u5b85\uff0c\u4ee5\u53ca200\u591a\u5bb6\u4e13\u5356\u5e97\uff0c\u4e91\u96c6\u4e86Prada Christian\u3001Dior\u3001Gucci\u3001Louis Vuitton\u3001D&G\u3001Hugo\u3001Lance\u7b49\u540d\u724c\u3002\u867d\u7136\u8fd9\u91cc\u7684\u6b27\u6d32\u54c1\u724c\u6ca1\u6709\u7f6e\u5730\u5e7f\u573a\u548c\u534a\u5c9b\u9152\u5e97\u540d\u5e97\u8857\u90a3\u4e48\u591a\uff0c\u4f46\u7269\u54c1\u4e30\u5bcc\uff0c\u4ef7\u683c\u4e5f\u6bd4\u8f83\u5408\u7406\uff0c\u662f\u8bb8\u591a\u9999\u6e2f\u4eba\u7684\u8d2d\u7269\u9996\u9009\u3002", "arriveMethod": "\u6e2f\u94c1\u91d1\u949f\u7ad92\u697c\u53ef\u76f4\u8fbe", "address": "\u9999\u6e2f\u91d1\u9418\u905366\u53f7"}');
INSERT INTO "city_picture" VALUES('5612e397-2017-11e2-83f7-e4ce8f4b5244','tai-gu-yan-chang_1.jpg','/static/media/uploads/hongkong/tai-gu-yan-chang_1.jpg','','5611c22e-2017-11e2-ae90-e4ce8f4b5244','2012-10-27 09:18:57.493131+00:00');
INSERT INTO "city_place" VALUES('5613b20a-2017-11e2-a575-e4ce8f4b5244','铜锣湾','Tong Luo Wan',12,8,'114.180951','22.280678','知名餐厅和特色café数不胜数，个性小店俯首皆是，陈冠希的潮服店也开在这里。',8,'{"openTime": "\u5168\u5929", "description": "\u94dc\u9523\u6e7e\uff08\u56e0\u4e3a\u7ca4\u97f3\u6bd4\u8f83\u987a\u53e3\u7684\u5173\u7cfb\uff0c\u90e8\u5206\u9999\u6e2f\u4eba\u4f1a\u628a\u94dc\u9523\u6e7e\u8bfb\u6210\u94dc\u9523\u201c\u73af\u201d\uff0c\u4f7f\u4e09\u5b57\u90fd\u53d8\u6210\u9633\u5e73\u58f0\uff09\u4f4d\u4e8e\u9999\u6e2f\u5c9b\u7684\u4e2d\u5fc3\u5317\u5cb8\u4e4b\u897f\uff0c\u662f\u9999\u6e2f\u7684\u4e3b\u8981\u5546\u4e1a\u53ca\u5a31\u4e50\u573a\u6240\u96c6\u4e2d\u5730\u3002\u533a\u5185\u6709\u591a\u5bb6\u5927\u578b\u767e\u8d27\u516c\u53f8\u53ca\u5927\u578b\u5546\u573a\uff0c\u5305\u62ec\uff1a\u5d07\u5149\u767e\u8d27\u3001\u65f6\u4ee3\u5e7f\u573a\u3001\u5229\u821e\u53f0\u5e7f\u573a\u4ee5\u53ca\u4e16\u8d38\u4e2d\u5fc3\u3002\u94dc\u9523\u6e7e\u8d2d\u7269\u533a\u4ea6\u662f\u5168\u4e16\u754c\u79df\u91d1\u7b2c\u4e8c\u8d35\u7684\u5730\u6bb5\uff0c\u4ec5\u6b21\u4e8e\u7f8e\u56fd\u7ebd\u7ea6\u7684\u7b2c\u4e94\u5927\u9053\u3002", "arriveMethod": "\u6e2f\u94c1\u94dc\u9523\u6e7e\u7ad9", "address": "\u9999\u6e2f\u6e7e\u4ed4\u4ee5\u4e1c\uff0c\u5317\u89d2\u4ee5\u897f"}');
INSERT INTO "city_picture" VALUES('5614a84a-2017-11e2-9c00-e4ce8f4b5244','tong-luo-wan_1.jpg','/static/media/uploads/hongkong/tong-luo-wan_1.jpg','','5613b20a-2017-11e2-a575-e4ce8f4b5244','2012-10-27 09:18:57.505542+00:00');
INSERT INTO "city_picture" VALUES('56151991-2017-11e2-abac-e4ce8f4b5244','tong-luo-wan_2.jpg','/static/media/uploads/hongkong/tong-luo-wan_2.jpg','','5613b20a-2017-11e2-a575-e4ce8f4b5244','2012-10-27 09:18:57.508479+00:00');
INSERT INTO "city_place" VALUES('56160c1c-2017-11e2-b6d0-e4ce8f4b5244','海港城','Habour City',12,8,'114.167958','22.297847','海港城究竟有多大？几乎雄霸了大半条广东道。仅凭这一点，它拥有全香港最大最全的化妆品卖场也不足为奇了。',8,'{"website": "http://www.harbourcity.com.hk/landing.htm", "openTime": "\u5468\u4e00\u81f3\u4e9410:00-21:00##\u5468\u516d/\u65e5/\u516c\u4f17\u5047\u671f10:00-22:00", "phoneNumber": "852-2118 8666", "description": "\u6d77\u6e2f\u57ce\uff08\u82f1\u6587\uff1aHarbour City\uff09\u4f4d\u4e8e\u9999\u6e2f\u4e5d\u9f99\u5c16\u6c99\u5480\uff0c\u662f\u9999\u6e2f\u9762\u79ef\u6700\u5927\u7684\u8d2d\u7269\u4e2d\u5fc3\uff0c\u4e5f\u662f\u897f\u4e5d\u9f99\u533a\u6700\u5927\u5546\u573a\u4e4b\u4e00\uff0c\u662f\u4e5d\u9f99\u4ed3\u96c6\u56e2\u65d7\u4e0b\u7684\u7269\u4e1a\u3002\u5546\u573a\u90e8\u5206\u5360\u5730200\u4e07\u5e73\u65b9\u5c3a\uff0c\u5305\u62ec\u7ea650\u95f4\u98df\u8086\u30012\u95f4\u5927\u578b\u7535\u5f71\u9662\u30013\u95f4\u996d\u5e97\u4ee5\u53ca\u7ea6700\u95f4\u96f6\u552e\u5546\u5e97\u3002", "arriveMethod": "\u6e2f\u94c1\u5c16\u6c99\u5480\u7ad9", "address": "\u9999\u6e2f\u5c16\u6c99\u5480\u5e7f\u4e1c\u905315\u53f7"}');
INSERT INTO "city_picture" VALUES('56172817-2017-11e2-b391-e4ce8f4b5244','hai-gang-cheng_1.jpg','/static/media/uploads/hongkong/hai-gang-cheng_1.jpg','','56160c1c-2017-11e2-b6d0-e4ce8f4b5244','2012-10-27 09:18:57.520971+00:00');
INSERT INTO "city_place" VALUES('5617fab8-2017-11e2-98ea-e4ce8f4b5244','尖沙咀','Jian Sha Ju',8,8,'114.171124','22.293822','这里是香港旅游的心脏，高端品牌的聚集地，血拼的必经之地，还能看到海景，是个国际范儿的购物天堂。',8,'{"ticketInfo": "\u514d\u8d39", "openTime": "\u5168\u5929", "description": "\u5c16\u6c99\u5480\u4f4d\u4e8e\u9999\u6e2f\u4e5d\u9f99\u534a\u5c9b\u7684\u6700\u5357\u7aef\uff0c\u81ea\u53e4\u5c31\u662f\u534e\u5357\u6d77\u8def\u7684\u8981\u51b2\uff0c\u5916\u56fd\u5546\u8239\u90fd\u662f\u5728\u5c16\u6c99\u5480\u7684\u6d77\u9762\u505c\u6cca\u3002\u73b0\u5728\u6211\u4eec\u6240\u770b\u5230\u7684\u5c16\u6c99\u5480\uff0c\u5927\u90e8\u5206\u571f\u5730\u90fd\u662f\u9760\u586b\u6d77\u5f97\u6765\u7684\u3002\u5c16\u6c99\u5480\u662f\u9999\u6e2f\u975e\u5e38\u8457\u540d\u7684\u65c5\u6e38\u533a\uff0c\u533a\u5185\u7684\u9ad8\u7ea7\u9152\u5e97\u3001\u5927\u578b\u8d2d\u7269\u5e7f\u573a\u3001\u540d\u724c\u65d7\u8230\u5e97\u3001\u9ad8\u7ea7\u9910\u5385\u6570\u4e0d\u80dc\u6570\uff0c\u540c\u65f6\u8fd8\u4fdd\u7559\u6709\u5927\u91cf\u6587\u5316\u827a\u672f\u4e0e\u6b96\u6c11\u65f6\u671f\u7684\u65e7\u5efa\u7b51\uff0c\u662f\u9999\u6e2f\u65c5\u884c\u7684\u70ed\u95e8\u5730\u533a\u3002", "arriveMethod": "\u6e2f\u94c1\u5c16\u6c99\u5480\u7ad9", "address": "\u9999\u6e2f\u4e5d\u9f99\u6cb9\u5c16\u65fa\u533a"}');
INSERT INTO "city_picture" VALUES('5618ee30-2017-11e2-840a-e4ce8f4b5244','jian-sha-ju_1.jpg','/static/media/uploads/hongkong/jian-sha-ju_1.jpg','','5617fab8-2017-11e2-98ea-e4ce8f4b5244','2012-10-27 09:18:57.533580+00:00');
INSERT INTO "city_picture" VALUES('56195e94-2017-11e2-9e32-e4ce8f4b5244','jian-sha-ju_2.jpg','/static/media/uploads/hongkong/jian-sha-ju_2.jpg','','5617fab8-2017-11e2-98ea-e4ce8f4b5244','2012-10-27 09:18:57.536455+00:00');
INSERT INTO "city_picture" VALUES('561a0540-2017-11e2-aad7-e4ce8f4b5244','jian-sha-ju_3.jpg','/static/media/uploads/hongkong/jian-sha-ju_3.jpg','','5617fab8-2017-11e2-98ea-e4ce8f4b5244','2012-10-27 09:18:57.539819+00:00');
INSERT INTO "city_place" VALUES('561ac7d4-2017-11e2-8d06-e4ce8f4b5244','国际金融中心商场','IFC Mall',4,8,'114.157989','22.284510','香港购物地标，苹果旗舰店等大牌云集的国际型购物中心，加上有机场专线，很适合坐飞机前来购物的游客。',8,'{"website": "http://www.ifc.com.hk", "openTime": "\u5468\u4e00\u81f3\u5468\u65e510:00-22:00", "phoneNumber": "852-2295 3308", "description": "\u56fd\u9645\u91d1\u878d\u4e2d\u5fc3\u5546\u573a\u7684\u5efa\u7b51\u6c14\u6d3e\u4e0d\u51e1\uff0c\u6c47\u805a\u4e16\u754c\u7ea7\u540d\u5e97\u8fd1200\u5bb6\uff0c\u4e91\u96c6\u591a\u4e2a\u56fd\u9645\u6bbf\u5802\u7ea7\u54c1\u724c\uff0c\u5e26\u6765\u9ad8\u683c\u8c03\u7684\u8d2d\u7269\u53ca\u6d88\u95f2\u4f53\u9a8c\u3002\u5750\u843d\u4e8e\u4e2d\u73af\u6d77\u6ee8\u7684\u56fd\u9645\u91d1\u878d\u4e2d\u5fc3\u7efc\u5408\u53d1\u5c55\u9879\u76ee\uff0c\u603b\u9762\u79ef\u8fbe470\u4e07\u5e73\u65b9\u5c3a\uff0c\u5916\u89c2\u8bbe\u8ba1\u65b0\u9896\uff0c\u6c14\u6d3e\u4e0d\u51e1\uff0c\u662f\u9999\u6e2f\u7684\u6807\u5fd7\u6027\u5efa\u7b51\u4e4b\u4e00\u3002\u4e3b\u4f53\u8d2d\u7269\u533a\u56fd\u9645\u91d1\u878d\u4e2d\u5fc3\u5546\u573a\uff0c\u573a\u5185\u5bbd\u655e\u660e\u4eae\uff0c\u8fd8\u6709\u5bbd\u9614\u8212\u9002\u7684\u4eba\u884c\u9053\uff0c\u8425\u9020\u51fa\u56fd\u9645\u5316\u7684\u8d2d\u7269\u73af\u5883\uff0c\u7ed9\u6d88\u8d39\u8005\u5e26\u6765\u9ad8\u54c1\u5473\u3001\u9ad8\u683c\u8c03\u7684\u6d88\u8d39\u4f53\u9a8c\u3002\u56fd\u9645\u91d1\u878d\u4e2d\u5fc3\u5546\u573a\u5185\u6c47\u96c6\u56fd\u9645\u6bbf\u5802\u7ea7\u54c1\u724c\u5c55\u793a\u5e97\uff0c\u6563\u53d1\u7740\u4e16\u754c\u8d85\u7ea7\u54c1\u724c\u7684\u9b45\u529b\uff0c\u662f\u540d\u724c\u8ffd\u6c42\u8005\u7684\u6d88\u8d39\u70ed\u70b9\uff0c\u4e5f\u662f\u5404\u5730\u65c5\u5ba2\u7684\u89c2\u5149\u80dc\u5730\u3002", "arriveMethod": "\u5730\u94c1/\u673a\u573a\u5feb\u7ebf\u9999\u6e2f\u7ad9A/E1/F\u51fa\u53e3", "address": "\u9999\u6e2f\u6e2f\u666f\u88571\u53f7"}');
INSERT INTO "city_picture" VALUES('561bc5d1-2017-11e2-a3c8-e4ce8f4b5244','guo-ji-jin-rong-zhong-xin-shang-chang_1.jpg','/static/media/uploads/hongkong/guo-ji-jin-rong-zhong-xin-shang-chang_1.jpg','','561ac7d4-2017-11e2-8d06-e4ce8f4b5244','2012-10-27 09:18:57.552223+00:00');
INSERT INTO "city_picture" VALUES('561c35d9-2017-11e2-85a7-e4ce8f4b5244','guo-ji-jin-rong-zhong-xin-shang-chang_2.jpg','/static/media/uploads/hongkong/guo-ji-jin-rong-zhong-xin-shang-chang_2.jpg','','561ac7d4-2017-11e2-8d06-e4ce8f4b5244','2012-10-27 09:18:57.554969+00:00');
INSERT INTO "city_picture" VALUES('561ccec5-2017-11e2-8df9-e4ce8f4b5244','guo-ji-jin-rong-zhong-xin-shang-chang_3.jpg','/static/media/uploads/hongkong/guo-ji-jin-rong-zhong-xin-shang-chang_3.jpg','','561ac7d4-2017-11e2-8d06-e4ce8f4b5244','2012-10-27 09:18:57.558258+00:00');
INSERT INTO "city_place" VALUES('561d8230-2017-11e2-bab7-e4ce8f4b5244','红点 MegaBox','Hong Dian MegaBox',12,8,'114.208492','22.319510','新兴的大型商场，除了购物，还可以玩室内滑冰和曲棍球。',8,'{"website": "http://www.megabox.com.hk/index.php?lang=schi", "phoneNumber": "852-2989 3000", "description": "\u4f4d\u4e8e\u4e5d\u9f99\u6e7e\u7684Mega Box- \u7ea2\u70b9\uff0c\u662f\u65b0\u8fd1\u5f00\u5e55\u7684\u9999\u6e2f\u9996\u5bb6\u8d85\u5927\u578b\u201d\u5168\u8d2f\u901a\u201d \u5782\u76f4\u5f0f\u5546\u573a\uff0c\u517119\u5c42\u3002\u62e5\u6709\u9c9c\u8273\u7ea2\u8272\u5916\u5899\u7684MEGA BOX - \u7ea2\u70b9\uff0c\u662f\u9999\u6e2f\u5c11\u89c1\u7684\u5927\u578b\u5546\u573a\uff0c\u4e5f\u662f\u4e1c\u4e5d\u9f99\u91cd\u65b0\u89c4\u5212\u4e0b\u7684\u6f6e\u6d41\u70ed\u70b9\uff0c\u8d2d\u7269\u65b9\u9762\u6709\u5168\u6e2f\u552f\u4e00\u7684\u767e\u5b89\u5c45B&Q\uff0c\u6fb3\u5927\u5229\u4e9a\u6765\u7684Spotlight\u751f\u6d3b\u7528\u54c1\u4e13\u95e8\u5e97\uff0c\u5168\u65b0\u6982\u5ff5\u54c1\u724c\u7684\u5e74\u9752\u6f6e\u6d41\u670d\u9970\u697c\u5c42\uff1b\u9664\u4e86\u6709\u5168\u65b0\u7684\u96f6\u552e\u53ca\u5a31\u4e50\u70ed\u70b9\u5916\uff0c\u66f4\u6709IMAX 3D\u7acb\u4f53\u7535\u5f71\u9662\u3002\u540c\u65f6\uff0c\u5168\u9999\u6e2f\u6700\u5927\u578b\u7684\u5ba4\u5185\u6ed1\u51b0\u4e2d\u5fc3\u4e5f\u5efa\u5728\u8fd9\u91cc\u3002\u4e0e\u4e00\u822c\u5927\u578b\u5546\u573a\u5185\u7684\u6ed1\u51b0\u4e2d\u5fc3\u4e0d\u4e00\u6837\uff0cMEGA BOX - \u7ea2\u70b9\u6ed1\u51b0\u573a\uff0c\u8fd9\u91cc\u662f\u5168\u9999\u6e2f\u552f\u4e00\u6807\u51c6\u7684\u66f2\u68cd\u7403\u6bd4\u8d5b\u573a\uff0c\u540c\u65f6\u65e2\u662f\u5927\u4f17\u73a9\u4e50\u7684\u6700\u65b0\u6d88\u95f2\u573a\u6240\uff0c\u4e5f\u662f\u66f2\u68cd\u7403\u8ff7\u7684\u671d\u5723\u4e50\u56ed \u3002\u5efa\u6210\u4ee5\u540e\uff0c\u4f17\u591a\u4e16\u754c\u7ea7\u82b1\u6837\u6ed1\u51b0\u6bd4\u8d5b\u548c\u51b0\u4e0a\u8fd0\u52a8\u8d5b\u90fd\u5728\u6b64\u4e3e\u529e\uff0c\u4e3a\u9999\u6e2f\u7684\u4f53\u80b2\u8ff7\u521b\u9020\u4e86\u66f4\u597d\u7684\u8fd0\u52a8\u6761\u4ef6\u3002", "address": "\u9999\u6e2f\u4e5d\u9f99\u6e7e\u5b8f\u7167\u905338\u53f7\u4f01\u4e1a\u5e7f\u573a"}');
INSERT INTO "city_picture" VALUES('561e704f-2017-11e2-b1c7-e4ce8f4b5244','hong-dian_megabox_1.jpg','/static/media/uploads/hongkong/hong-dian_megabox_1.jpg','','561d8230-2017-11e2-bab7-e4ce8f4b5244','2012-10-27 09:18:57.569658+00:00');
INSERT INTO "city_place" VALUES('561f2d61-2017-11e2-b452-e4ce8f4b5244','香港DFS环球免税店(太阳广场店)','DFS Galleria Sun Plaza',4,8,'114.169439','22.296643','香港购物必扫地之一，在这里可享受购买世界名牌产品的免税优惠价格。',8,'{"website": "dfsgalleria.com\u200e", "openTime": "\u5468\u4e00\u81f3\u5468\u65e510:00-23:00", "phoneNumber": "852-2302 6600", "description": "\u9999\u6e2fDFS Galleria\u592a\u9633\u5e7f\u573a\u4f4d\u4e8e\u5c16\u6c99\u5480\u5e7f\u4e1c\u9053\u4e0e\u5317\u4eac\u9053\u4ea4\u4f1a\u5904\uff0c\u6709\u4e24\u4e2a\u4e3b\u8981\u5165\u53e3\uff0c\u82e5\u4ece\u4e5d\u9f99\u516c\u56ed\u5f84\u624b\u6276\u68af\u76f4\u63a5\u8fdb\u5165\u592a\u9633\u5e7f\u573a\u4e8c\u697c\uff0c\u8fce\u9762\u800c\u6765\u662f\u7cbe\u901a\u4e0d\u540c\u56fd\u5bb6\u8bed\u8a00\u7684\u4eb2\u5207\u67dc\u53f0\u4eba\u5458\uff0c\u4e8c\u697c\u5219\u662f\u540d\u5e97\u8857\uff0c\u7531\u540d\u724c\u7cbe\u54c1\uff0c\u4f18\u8d28\u76ae\u5177\uff0c\u65f6\u5c1a\u670d\u9970\uff0c\u540d\u8868\u73e0\u5b9d\uff0c\u6f6e\u6d41\u914d\u9970\uff0c\u70df\u9152\uff0c\u65c5\u6e38\u7eaa\u5ff5\u54c1\u53ca\u7cd6\u679c\u7f8e\u98df\u7b49\u5546\u54c1\u4e13\u67dc\u7ec4\u6210\uff0c\u5305\u542b\u4e16\u754c\u7684\u8457\u540d\u54c1\u724c\uff0c\u8ba9\u56fd\u5185\u6e38\u5ba2\u6ee1\u8f7d\u800c\u5f52\u3002", "arriveMethod": "\u6e2f\u94c1\u5c16\u6c99\u5480\u7ad9E\u51fa\u53e3", "address": "\u5c16\u6c99\u5480\u5e7f\u4e1c\u905312\u53f7"}');
INSERT INTO "city_picture" VALUES('56202791-2017-11e2-83de-e4ce8f4b5244','xiang-gang-dfshuan-qiu-mian-shui-dian-(tai-yang-yan-chang-dian-)_1.jpg','/static/media/uploads/hongkong/xiang-gang-dfshuan-qiu-mian-shui-dian-(tai-yang-yan-chang-dian-)_1.jpg','','561f2d61-2017-11e2-b452-e4ce8f4b5244','2012-10-27 09:18:57.580846+00:00');
INSERT INTO "city_place" VALUES('56210926-2017-11e2-9abe-e4ce8f4b5244','香港DFS环球免税店（华懋广场店）','Xiang Gang DFS Huan Qiu Mian Shui Dian （Hua Mao Guang Chang Dain）',4,8,'114.179760','22.299475','购物狂最喜欢在这里扫一些“新品未定价”类的货品，关键是——免税哦！',8,'{"website": "dfsgalleria.com", "openTime": "\u5468\u4e00\u81f3\u5468\u516d9:00-22:00", "phoneNumber": "852-2732 5229", "description": "DFS\u73af\u7403\u514d\u7a0e\u5e97\u662f\u9999\u6e2f\u65c5\u6e38\u89c2\u5149\u5c40\u8ba4\u53ef\u7684\u9ad8\u54c1\u8d28\u5546\u5bb6\uff0c\u540c\u65f6\u4e5f\u662f\u9999\u6e2f\u7279\u522b\u884c\u653f\u533a\u77e5\u8bc6\u4ea7\u6743\u7f72\u53d1\u8d77\u7684\u201c\u6b63\u7248\u6b63\u8d27\u201d\u627f\u8bfa\u7684\u6210\u5458\u96f6\u552e\u5546\u3002DFS\u53ea\u63d0\u4f9b\u539f\u5382\u6b63\u54c1\uff0c\u7edd\u4e0d\u51fa\u552e\u4eff\u9020\u3001\u76d7\u7248\u3002\u5230\u9999\u6e2fDFS\u73af\u7403\u514d\u7a0e\u5e97\u8d2d\u7269\uff0c\u4f18\u60e0\u7684\u4ef7\u683c\u6bd4\u4e4b\u5185\u5730\uff0c\u7740\u5b9e\u8ba9\u4eba\u60ca\u559c\u3002\u76ae\u5177\u624b\u8868\u8282\u770110-40%\uff0c\u7f8e\u5bb9\u5316\u5986\u54c1\u751a\u81f3\u5c11\u82b150%\uff0c\u8fd9\u91cc\u6709\u4f17\u591a\u5927\u724c\u4e3aDFS\u72ec\u5bb6\u5448\u73b0\u7684\u9650\u91cf\u7cbe\u54c1\uff0c\u6216\u65c5\u6e38\u96f6\u552e\u72ec\u5bb6\u5957\u88c5\uff0c\u8fd8\u6709\u6742\u5fd7\u4e0a\u201c\u65b0\u54c1\u672a\u5b9a\u4ef7\u201d\u201c\u5185\u5730\u672a\u53d1\u552e\u201d\u7684\u4f17\u591a\u7cbe\u54c1\uff0c\u8ba9\u4eba\u6ee1\u8f7d\u800c\u5f52\u624d\u591f\u5c3d\u5174\uff01", "address": "\u5c16\u6c99\u5480\u9ebc\u5730\u905372\u53f7\u65e5\u822a\u9152\u5e97\u5bf9\u9762"}');
INSERT INTO "city_picture" VALUES('56223bde-2017-11e2-8804-e4ce8f4b5244','xiang-gang-dfshuan-qiu-mian-shui-dian-(hua-mao-yan-chang-dian-)_1.jpg','/static/media/uploads/hongkong/xiang-gang-dfshuan-qiu-mian-shui-dian-(hua-mao-yan-chang-dian-)_1.jpg','','56210926-2017-11e2-9abe-e4ce8f4b5244','2012-10-27 09:18:57.594407+00:00');
INSERT INTO "city_place" VALUES('56230d99-2017-11e2-99bd-e4ce8f4b5244','APM','APM',12,8,'114.225379','22.312364','香港首个开创夜行概念的商场，大部份店铺的营业时间直至凌晨，甚至通宵。',8,'{"website": "http://www.apm-millenniumcity.com/chi/index.php", "openTime": "\u5468\u4e00\u81f3\u5468\u65e511:00-02:00##\u90e8\u5206\u5e97\u5bb6\u81ea\u5b9a", "phoneNumber": "852-2267 0500", "description": "\u65b0\u9e3f\u57fa\u5730\u4ea7\u4e8e\u9999\u6e2f\u4e5d\u9f99\u5f00\u53d1\u7684\u65d7\u8230\u5546\u573a\uff0cAPM\u5c06am\u65e5\u4e0epm\u591c\u7ed3\u5408\uff0c\u4ee5\u5e74\u8f7b\u4eba\u4e3a\u4e3b\u8981\u5bf9\u8c61\u7684\u7acb\u4f53\u751f\u6d3b\u6742\u5fd7\uff0c\u5ef6\u957f\u8425\u4e1a\u65f6\u95f4\u6216\u53eb\u505a\u201c\u6df1\u591c\u96f6\u552e\u201d\uff0c\u4e0d\u62d8\u4e00\u683c\u7684\u6d88\u8d39\u6587\u5316\u751f\u6d3b\uff0c\u662f\u9999\u6e2f\u552f\u4e00\u7684\u591c\u95f4\u5f00\u653e\u7684\u5546\u573a\u3002APM\uff0c\u9999\u6e2f\u7684\u4e00\u4e2a\u5927\u578b\u8d2d\u7269\u5546\u573a\uff0c\u4e3a\u89c2\u5858\u521b\u7eaa\u4e4b\u57ce\u4e94\u671f\u7684\u5546\u573a\u90e8\u5206\uff0c\u5176\u8303\u56f4\u9664\u4e86\u5728\u521b\u7eaa\u4e4b\u57ce\u4e94\u671f\u5916\uff0c\u4ea6\u5305\u62ec\u6e2f\u8d38\u4e2d\u5fc3\u5927\u5802\u7684\u4e00\u5c42\u3002\u53d1\u5c55\u5546\u4e3a\u65b0\u9e3f\u57fa\u5730\u4ea7\uff0c\u65e9\u4e8e2005\u5e743\u6708\u8bd5\u4e1a\uff0c\u5e76\u4e8e2005\u5e747\u670817\u65e5\u6b63\u5f0f\u5f00\u5e55\u3002APM\u4ee5\u5e74\u8f7b\u4eba\u4e3a\u4e3b\u8981\u9500\u552e\u5bf9\u8c61\uff0c\u603b\u9762\u79ef\u903e60\u4e07\u5e73\u65b9\u5c3a\u3002", "arriveMethod": "\u5730\u94c1\u89c2\u5858\u7ebf\u89c2\u5858\u7ad9", "address": "\u9999\u6e2f\u89c2\u5858\u9053418\u53f7"}');
INSERT INTO "city_picture" VALUES('5624178a-2017-11e2-ad5a-e4ce8f4b5244','apm_1.jpg','/static/media/uploads/hongkong/apm_1.jpg','','56230d99-2017-11e2-99bd-e4ce8f4b5244','2012-10-27 09:18:57.606684+00:00');
INSERT INTO "city_place" VALUES('5624f299-2017-11e2-8800-e4ce8f4b5244','朗豪坊','Langham Place',4,8,'114.168549','22.318637','九龙市区的潮流地标，荟萃国际及本地潮流品牌、特色餐饮食肆和戏院等消费热点。',6,'{"website": "http://www.langhamplace.com.hk/tch/", "openTime": "\u5468\u4e00\u81f3\u5468\u65e511:00-23:00", "phoneNumber": "852-3520 2800", "description": "\u6717\u8c6a\u574a\uff08\u82f1\u8bed\uff1aLangham Place\uff09\u4f4d\u4e8e\u9999\u6e2f\u65fa\u89d2\u7835\u5170\u8857\uff0c\u4e8e2004\u5e74\u843d\u6210\uff0c\u662f\u8be5\u533a\u7684\u8457\u540d\u5730\u6807\u5efa\u7b51\u3002\u6717\u8c6a\u574a\u5c5e\u4e8e\u4e09\u5408\u4e00\u5927\u578b\u53d1\u5c55\u9879\u76ee\uff0c\u5206\u522b\u7531\u8d2d\u7269\u5546\u573a\u2014\u2014\u6717\u8c6a\u574a\u8d2d\u7269\u5546\u573a\u3001\u9152\u5e97\u2014\u2014\u6717\u8c6a\u9152\u5e97\u4ee5\u53ca\u529e\u516c\u5ba4\u5927\u697c\u2014\u2014\u6717\u8c6a\u574a\u529e\u516c\u5927\u697c\u7ec4\u6210\u3002\u6717\u8c6a\u574a\u7684\u4e09\u4e2a\u9879\u76ee\u6709\u4e92\u60e0\u4e92\u8865\u7684\u7279\u70b9\uff0c\u5927\u578b\u5546\u573a\u8bbe\u6709\u5927\u91cf\u5546\u5e97\u3001\u98df\u8086\u53ca\u5a31\u4e50\u8bbe\u65bd\uff0c\u800c\u9ad8\u7ea7\u5199\u5b57\u697c\u548c\u4e94\u661f\u7ea7\u9152\u5e97\u5219\u5206\u522b\u4e3a\u5546\u573a\u5e26\u6765\u9ad8\u6d88\u8d39\u529b\u7684\u4e0a\u73ed\u65cf\u53ca\u65c5\u5ba2\uff0c\u5f62\u6210\u4e00\u4e2a\u7a33\u5b9a\u7684\u6d88\u8d39\u94fe\u3002", "arriveMethod": "\u6e2f\u94c1\u65fa\u89d2\u7ad9C\u51fa\u53e3", "address": "\u9999\u6e2f\u4e9a\u7686\u8001\u88578\u53f7"}');
INSERT INTO "city_picture" VALUES('56260c35-2017-11e2-bc6a-e4ce8f4b5244','lang-hao-fang_1.jpg','/static/media/uploads/hongkong/lang-hao-fang_1.jpg','','5624f299-2017-11e2-8800-e4ce8f4b5244','2012-10-27 09:18:57.619504+00:00');
INSERT INTO "city_place" VALUES('5626ba30-2017-11e2-b8c6-e4ce8f4b5244','东荟城','Dong Hui Cheng',4,8,'113.942741','22.290878','香港唯一的名店折扣商场，提供至少三至七折的折扣优惠，还有亚洲最大的户外互动型喷水池。',8,'{"website": "http://www.citygateoutlets.com.hk/about/Pages/cgo_info.aspx?lang=SC", "openTime": "\u5468\u4e00\u81f3\u5468\u65e510:00-22:00", "phoneNumber": "852-2109 2933", "description": "\u4e1c\u835f\u57ce\u540d\u5e97\u4ed3\u662f\u9999\u6e2f\u4e00\u95f4\u5927\u578b\u7684\u540d\u5e97\u6298\u6263\u5546\u573a\uff0c\u4e3a\u60a8\u5e26\u6765\u8d85\u8fc780\u4e2a\u54c1\u724c\uff0c\u5305\u62ec\u56fd\u9645\u65f6\u88c5\u3001\u8fd0\u52a8\u670d\u9970\u3001\u7f8e\u5bb9\u3001\u914d\u9970\u3001\u7ae5\u88c5\u53ca\u5bb6\u5c45\u7528\u54c1\uff0c\u5168\u5e74\u63d0\u4f9b\u6700\u5c11\u4e09\u81f3\u4e03\u6298\u6298\u6263\u4f18\u60e0\uff0c\u7ed9\u60a8\u5982\u5bfb\u5b9d\u4e00\u822c\u7684\u8d2d\u7269\u4e50\u8da3\u3002\u4e1c\u835f\u57ce\u540d\u5e97\u4ed3\u5e97\u8d2d\u7269\u6ee1\u8f7d\u800c\u5f52\u4e4b\u4f59\uff0c\u8fd8\u53ef\u4ee5\u540c\u65f6\u4eab\u53d7\u6c34\u7597\u3001\u7535\u5f71\u5a31\u4e50\u53ca\u5404\u56fd\u98ce\u5473\u4f73\u80b4\uff0c\u4ee5\u53ca\u5168\u4e9a\u6d32\u6700\u5927\u7684\u6237\u5916\u4e92\u52a8\u578b\u55b7\u6c34\u6c60\uff0c\u8d2d\u7269\u5a31\u4e50\uff0c\u4eab\u53d7\u53e3\u798f\uff0c\u4e00\u6b21\u6027\u5c3d\u60c5\u91ca\u653e\u3002\u4e1c\u835f\u57ce\u540d\u5e97\u4ed3\u4e0e\u9999\u6e2f\u56fd\u9645\u673a\u573a\u7ea610\u5206\u949f\u8f66\u7a0b\uff0c\u5230\u57d7\u540e\u6216\u4e34\u4e0a\u98de\u673a\u79bb\u6e2f\u524d\uff0c\u8bb0\u5f97\u6765\u4e2a\u5bfb\u5b9d\u4e4b\u65c5\uff0c\u4e00\u5b9a\u4f1a\u4ee4\u60a8\u6ee1\u8f7d\u800c\u5f52\u3002", "arriveMethod": "\u6e2f\u94c1\u4e1c\u6d8c\u7ebfC\u51fa\u53e3", "address": "\u9999\u6e2f\u5927\u5c7f\u5c71\u4e1c\u6d8c\u8fbe\u4e1c\u8def20\u53f7"}');
INSERT INTO "city_picture" VALUES('5627e1a8-2017-11e2-a4fe-e4ce8f4b5244','dong-hui-cheng_1.jpg','/static/media/uploads/hongkong/dong-hui-cheng_1.jpg','','5626ba30-2017-11e2-b8c6-e4ce8f4b5244','2012-10-27 09:18:57.631209+00:00');
INSERT INTO "city_place" VALUES('56288233-2017-11e2-9fec-e4ce8f4b5244','黄大仙祠','Huang Da Xian Ci',1,8,'114.194086','22.342991','黄大仙“有求必应”，签文灵验，常年吸引无数善信到来膜拜求签。',3,'{"ticketInfo": "\u514d\u8d39", "openTime": "\u5468\u4e00\u81f3\u5468\u65e507:00-17:30", "phoneNumber": "852-2327 8141", "description": "\u9ec4\u5927\u4ed9\u7960\u53c8\u540d\u556c\u8272\u56ed\uff0c\u5efa\u4e8e1945\uff0c\u662f\u9999\u6e2f\u4e5d\u9f99\u6709\u540d\u7684\u80dc\u8ff9\u4e4b\u4e00\uff0c\u4e5f\u662f\u9999\u6e2f\u6700\u8457\u540d\u7684\u5e99\u5b87\u4e4b\u4e00\uff0c\u5728\u672c\u6e2f\u53ca\u6d77\u5916\u4eab\u8d1f\u76db\u540d\u3002\u636e\u4f20\u8bf4\uff0c\u9ec4\u5927\u4ed9\u53c8\u540d\u8d64\u677e\u4ed9\u5b50\uff0c\u4ee5\u884c\u533b\u6d4e\u4e16\u4e3a\u6000\u800c\u5e7f\u4e3a\u4eba\u77e5\u3002\u76f8\u4f20\u7960\u5185\u6240\u4f9b\u5949\u7684\u9ec4\u5927\u4ed9\u662f\u201c\u6709\u6c42\u5fc5\u5e94\u201d\u7684\uff0c\u4ed6\u7684\u7b7e\u6587\u5341\u5206\u7075\u9a8c\u3002\u6b64\u5916\uff0c\u8be5\u7960\u662f\u9999\u6e2f\u552f\u4e00\u4e00\u6240\u53ef\u4ee5\u4e3e\u884c\u9053\u6559\u5a5a\u793c\u7684\u9053\u6559\u5e99\u5b87\u3002", "arriveMethod": "\u89c2\u5858\u7ebf\u9ec4\u5927\u4ed9\u7ad9B2\u51fa\u53e3\uff0c\u6b65\u884c\u7ea63\u5206\u949f\u5230\u8fbe", "address": "\u9999\u6e2f\u4e5d\u9f99\u9ec4\u5927\u4ed9\u9053"}');
INSERT INTO "city_picture" VALUES('56299b0f-2017-11e2-b4d3-e4ce8f4b5244','huang-da-xian-ci_1.jpg','/static/media/uploads/hongkong/huang-da-xian-ci_1.jpg','','56288233-2017-11e2-9fec-e4ce8f4b5244','2012-10-27 09:18:57.642007+00:00');
INSERT INTO "city_picture" VALUES('562a2a26-2017-11e2-a545-e4ce8f4b5244','huang-da-xian-ci_2.jpg','/static/media/uploads/hongkong/huang-da-xian-ci_2.jpg','','56288233-2017-11e2-9fec-e4ce8f4b5244','2012-10-27 09:18:57.645672+00:00');
INSERT INTO "city_place" VALUES('562b1ef5-2017-11e2-9317-e4ce8f4b5244','永利街','Yong Li Jie',1,8,'114.149478','22.283425','想看看香港60年代风貌的请移步到此。',8,'{"ticketInfo": "\u514d\u8d39", "openTime": "\u5168\u5929", "description": "\u6c38\u5229\u8857\uff08Wing Lee Street\uff09\uff0c\u662f\u9999\u6e2f\u4e0a\u73af\u4e00\u6761\u8857\u9053\uff0c\u4f4d\u4e8e\u4e0a\u73af\u5357\u90e8\u5fc5\u5217\u8005\u58eb\u8857\u4ee5\u5357\uff0c\u697c\u68af\u8857\u4e0e\u57ce\u7687\u8857\u4e4b\u95f4\uff0c\u4e1c\u897f\u8d70\u5411\u3002\u8be5\u5904\u4ee5\u4fdd\u7559\u9999\u6e2f1960\u5e74\u4ee3\u7279\u8272\u800c\u8457\u540d\uff0c\u67cf\u6797\u5f71\u5c55\u5f97\u5956\u9999\u6e2f\u7535\u5f71\u300a\u5c81\u6708\u795e\u5077\u300b\u4e5f\u662f\u5728\u6b64\u53d6\u666f\u3002", "arriveMethod": "\u6e2f\u94c1\u4e0a\u73af\u7ad9", "address": "\u9999\u6e2f\u6c38\u5229\u8857"}');
INSERT INTO "city_picture" VALUES('562c205e-2017-11e2-bfd5-e4ce8f4b5244','yong-li-jie_1.jpg','/static/media/uploads/hongkong/yong-li-jie_1.jpg','','562b1ef5-2017-11e2-9317-e4ce8f4b5244','2012-10-27 09:18:57.658778+00:00');
INSERT INTO "city_picture" VALUES('562c8c3a-2017-11e2-9128-e4ce8f4b5244','yong-li-jie_2.jpg','/static/media/uploads/hongkong/yong-li-jie_2.jpg','','562b1ef5-2017-11e2-9317-e4ce8f4b5244','2012-10-27 09:18:57.662056+00:00');
INSERT INTO "city_place" VALUES('562d334c-2017-11e2-8fcc-e4ce8f4b5244','林村许愿树','Lin Cun Xu Yuan Shu',1,8,'114.142700','22.456284','在许愿树下，诚心参拜，许下一个个愿望。',3,'{"ticketInfo": "20HKD", "openTime": "8:00-18:00", "description": "\u6797\u6751\u8bb8\u613f\u6811\u4f4d\u4e8e\u9999\u6e2f\u65b0\u754c\u7684\u5927\u57d4\u6797\u6751\u4e3d\uff0c\u5927\u57d4\u6797\u6751\u4e3d\u662f\u9999\u6e2f\u8457\u540d\u7684\u8bb8\u613f\u80dc\u5730\uff0c\u5750\u843d\u4e8e\u6751\u5185\u5efa\u4e8e\u6e05\u671d\u4e7e\u95f4\u3002\u6797\u6751\u8bb8\u613f\u6811\u5b9e\u9645\u4e0a\u662f\u4e24\u68f5\u5927\u6995\u6811\u3002\u56e0\u4e3a\u8fd9\u4e24\u68f5\u6811\u88ab\u5f53\u5730\u6751\u6c11\u89c6\u4e3a\u795e\u7075\uff0c\u800c\u4e14\u5728\u4eba\u4eec\u5728\u5176\u6839\u90e8\u71c3\u70b9\u9999\u70db\u7948\u8914\u8bb8\u613f\u3002\u540e\u6765\uff0c\u4eba\u4eec\u8fd8\u5236\u4f5c\u4e86\u5b9d\u7252\u5e76\u5199\u4e0a\u4e86\u613f\u671b\uff0c\u7136\u540e\u5e76\u7cfb\u4e0a\u91cd\u7269\uff0c\u7136\u540e\u5e76\u8bda\u5fc3\u5411\u6797\u6751\u8bb8\u613f\u6811\u8bb8\u613f\u540e\u4fbf\u629b\u4e0a\u6811\u5e72\uff0c\u5982\u679c\u4e0d\u6389\u4e0b\u6765\u5c31\u4ee3\u8868\u613f\u671b\u53ef\u4ee5\u6210\u771f\u3002", "address": "\u6797\u6751\u4e61\u516c\u6240\u8def"}');
INSERT INTO "city_picture" VALUES('562e37cf-2017-11e2-bfe7-e4ce8f4b5244','lin-cun-xu-yuan-shu_1.jpg','/static/media/uploads/hongkong/lin-cun-xu-yuan-shu_1.jpg','','562d334c-2017-11e2-8fcc-e4ce8f4b5244','2012-10-27 09:18:57.672314+00:00');
INSERT INTO "city_place" VALUES('562ef2d7-2017-11e2-aa1f-e4ce8f4b5244','石板街','Shi Ban Jie',1,8,'114.156546','22.283698','保持着老风貌的石板台阶，熙攘的人群，略带闷湿的空气，港片中的景点取景胜地，不过斜坡路需要点脚力喔。',8,'{"ticketInfo": "\u514d\u8d39", "openTime": "\u5168\u5929", "description": "\u9999\u6e2f\u77f3\u677f\u8857\uff0c\u5176\u5b9e\u5373\u7835\u7538\u4e4d\u8857\uff0c\u4f4d\u4e8e\u4e2d\u73af\u8377\u91cc\u6d3b\u9053\u4ea4\u754c\u81f3\u5e72\u8bfa\u9053\u4e2d\u73af\u6bb5\uff0c\u662f\u4e00\u6761\u9999\u6e2f\u8457\u540d\u7684\u6000\u65e7\u8001\u8857\uff0c\u5386\u53f2\u60a0\u4e45\u7684\u5730\u9762\u7531\u4e00\u5757\u5757\u5927\u77f3\u677f\u780c\u6210\uff0c\u6545\u53c8\u5f97\u540d\u77f3\u677f\u8857\u3002\u77f3\u677f\u8857\u805a\u96c6\u4e86\u8bb8\u591a\u8001\u65e7\u7684\u5c0f\u5e97\u548c\u644a\u5b50\uff0c\u5145\u6ee1\u6000\u65e7\u6c14\u6c1b\uff0c\u6240\u4ee5\u5438\u5f15\u4e86\u7535\u5f71\u4eba\u7684\u6ce8\u610f\uff0c\u8bb8\u591a\u7535\u5f71\u3001\u7535\u89c6\u548c\u97f3\u4e50\u5f55\u50cf\u5e26\uff0c\u5982\u5218\u5fb7\u534e\u3001\u90d1\u79c0\u6587\u7684\u300a\u9f99\u51e4\u6597\u300b\u3001\u300a\u65e0\u95f4\u9053\u300b\u7b49\u90fd\u7279\u610f\u5230\u6765\u53d6\u666f\uff0c\u4e5f\u6709\u4e0d\u5c11\u559c\u7231\u6444\u5f71\u7684\u540c\u597d\u4eec\u559c\u7231\u524d\u6765\u62cd\u7167\u3002", "address": "\u4e2d\u73af\u7835\u7538\u4e4d\u8857"}');
INSERT INTO "city_picture" VALUES('562fed30-2017-11e2-afd7-e4ce8f4b5244','shi-ban-jie_1.jpg','/static/media/uploads/hongkong/shi-ban-jie_1.jpg','','562ef2d7-2017-11e2-aa1f-e4ce8f4b5244','2012-10-27 09:18:57.684314+00:00');
INSERT INTO "city_picture" VALUES('56306acf-2017-11e2-8d57-e4ce8f4b5244','shi-ban-jie_2.jpg','/static/media/uploads/hongkong/shi-ban-jie_2.jpg','','562ef2d7-2017-11e2-aa1f-e4ce8f4b5244','2012-10-27 09:18:57.687510+00:00');
INSERT INTO "city_place" VALUES('56311082-2017-11e2-a017-e4ce8f4b5244','香港殖民地都爹利街石阶','Xiang Gang Zhi Min Di Du Die Li Jie Shi Jie',1,8,'114.156733','22.279660','石阶上那四盏香港仅存的煤气街灯，每晚6:准时亮起，浪漫无比。',8,'{"ticketInfo": "\u514d\u8d39", "openTime": "\u5168\u5929", "description": "\u90fd\u7239\u5229\u8857\u867d\u7136\u53ea\u662f\u4e00\u6761\u4f4d\u4e8e\u9ad8\u697c\u5927\u53a6\u4e2d\u7684\u5c0f\u5df7\uff0c\u4f46\u662f\u5728\u5c0f\u5df7\u7684\u5c3d\u5934\u5374\u9690\u85cf\u7740\u4e24\u6837\u6709\u8fc7\u767e\u5e74\u5386\u53f2\u7684\u53e4\u8ff9\u2500\u2500\u77f3\u9636\u53ca\u7164\u6c14\u8857\u706f\u3002\u8fde\u63a5\u90fd\u7239\u5229\u8857\u4e0e\u96ea\u5382\u8857\u7684\u77f3\u9636\u4ee5\u82b1\u5c97\u77f3\u7b51\u6210\uff0c\u7ea6\u5efa\u4e8e\u662f1875\u81f31889\u5e74\u671f\u95f4\u3002\u90fd\u7239\u5229\u8857\u77f3\u9636\u4e8e1979\u5e74\u88ab\u5217\u4e3a\u6cd5\u5b9a\u53e4\u8ff9\u3002\u77f3\u9636\u4e24\u7aef\u680f\u6746\u7684\u77f3\u67f1\u4e0a\u5b89\u88c5\u4e86\u56db\u5ea7\u53e4\u8001\u7164\u6c14\u8def\u706f\uff0c\u662f\u9999\u6e2f\u4ec5\u5b58\u7684\u7164\u6c14\u8def\u706f\u3002\u7531\u4e8e\u8fd9\u91cc\u7684\u77f3\u9636\u4e0e\u8def\u706f\u751a\u5177\u7279\u8272\uff0c\u6240\u4ee5\u6210\u4e86\u62cd\u6444\u7535\u5f71\u4e0e\u53ca\u786c\u7167\u7684\u70ed\u95e8\u5730\u70b9\u3002", "address": "\u4e2d\u73af\u90fd\u7239\u5229\u885713\u53f7"}');
INSERT INTO "city_picture" VALUES('5631f4fd-2017-11e2-8511-e4ce8f4b5244','xiang-gang-zhi-min-di-du-die-li-jie-shi-jie_1.jpg','/static/media/uploads/hongkong/xiang-gang-zhi-min-di-du-die-li-jie-shi-jie_1.jpg','','56311082-2017-11e2-a017-e4ce8f4b5244','2012-10-27 09:18:57.697603+00:00');
INSERT INTO "city_place" VALUES('5632bb45-2017-11e2-97e4-e4ce8f4b5244','楼梯街','Lou Ti Jie',1,8,'114.150696','22.290367','TVB中高频出现的宽敞整洁的长楼梯，慢慢“爬”，是个颇有历史和灵气的地方。',8,'{"ticketInfo": "\u514d\u8d39", "openTime": "\u5168\u5929", "description": "\u697c\u68af\u8857\u4f4d\u4e8e\u9999\u6e2f\u4e0a\u73af\uff0c\u987e\u540d\u601d\u4e49\uff0c\u662f\u4e00\u6761\u5168\u6761\u90fd\u662f\u697c\u68af\u7684\u8857\u9053\u3002\u662f\u4e0a\u73af\u4e00\u5e26\u6700\u957f\u7684\u9636\u68af\u3002\u4ee5\u524d\u5bcc\u6709\u4eba\u5bb6\u4e00\u822c\u4e58\u5750\u8f7f\u5b50\u6cbf\u697c\u68af\u8857\u62fe\u7ea7\u800c\u4e0a,\u6240\u4ee5\u4ee5\u6b64\u547d\u540d,\u800c\u73b0\u65f6\u4f4f\u5728\u8fd9\u4e2a\u72ed\u7a84\u7684\u9636\u68af\u4e0a\u7684\u4ecd\u662f\u6709\u94b1\u4eba\u5bb6\u3002\u697c\u68af\u8857\u7531\u7687\u540e\u5927\u9053\u4e2d\u8d77\uff0c\u6cbf\u5c71\u52bf\u800c\u4e0a\uff0c\u7ecf\u8fc7\u6469\u5570\u8857\u3001\u8377\u674e\u6d3b\u9053\u3001\u56db\u65b9\u8857\u53ca\u5fc5\u5217\u8005\u58eb\u8857\uff0c\u76f4\u81f3\u575a\u9053\u3002", "address": "\u9999\u6e2f\u5c9b\u6e7e\u4ed4\u533a\u8377\u674e\u6d3b\u9053"}');
INSERT INTO "city_picture" VALUES('5633db21-2017-11e2-abde-e4ce8f4b5244','lou-ti-jie_1.jpg','/static/media/uploads/hongkong/lou-ti-jie_1.jpg','','5632bb45-2017-11e2-97e4-e4ce8f4b5244','2012-10-27 09:18:57.709947+00:00');
INSERT INTO "city_picture" VALUES('563452f8-2017-11e2-b1a6-e4ce8f4b5244','lou-ti-jie_2.jpg','/static/media/uploads/hongkong/lou-ti-jie_2.jpg','','5632bb45-2017-11e2-97e4-e4ce8f4b5244','2012-10-27 09:18:57.712886+00:00');
INSERT INTO "city_place" VALUES('56351bc0-2017-11e2-83d0-e4ce8f4b5244','九记牛腩','Jiu Ji Niu Nan',2,8,'114.152538','22.284225','全港最知名的牛腩面店，没有之一，凭清汤牛腩及咖喱牛腩而声名远播，受到梁朝伟、陈奕迅等多位名人的推崇。',6,'{"openTime": "\u661f\u671f\u4e00\u81f3\u516d 12:30-22:30##\u661f\u671f\u65e5\u53ca\u516c\u4f17\u5047\u671f\u4f11\u606f", "phoneNumber": "852-2815 0123", "description": "\u8fd9\u5bb6\u9910\u5385\u51e0\u5341\u5e74\u4e0d\u53d8\u53ea\u4f9b\u5e94\u4e00\u79cd\u98df\u54c1\uff0c\u5c31\u662f\u548c\u725b\u8169\u6709\u5173\u7684\u9762\uff0c\u6bcf\u5929\u4ece\u4e2d\u5348\u5f00\u59cb\u8425\u4e1a\uff0c\u5356\u5b8c\u4e86\u5c31\u6536\u5de5\u3002\u4ed6\u4eec\u7684\u725b\u8169\u636e\u8bf4\u6709\u4ec0\u4e48\u7279\u522b\u7684\u79d8\u65b9\uff0c\u5f88\u53d7\u6b22\u8fce\uff0c\u57fa\u672c\u4e0a\u5348\u996d\u8fc7\u540e\u5c31\u5168\u90e8\u5356\u5b8c\uff0c\u4e0d\u8fc7\u73b0\u5728\u5df2\u7ecf\u662f\u7b2c\u4e8c\u4ee3\u5728\u7ecf\u8425\uff0c\u8425\u4e1a\u65f6\u95f4\u4e5f\u53d8\u4e86\uff0c\u4ece\u4e2d\u5348\u4e00\u76f4\u5230\u665a\u4e0a11\u70b9\uff0c\u4e0d\u8fc7\u665a\u4e0a7\u70b9\u534a\u5374\u4f11\u606f\u4e00\u4e2a\u5c0f\u65f6\u3002", "arriveMethod": "\u6e2f\u94c1\u4e0a\u73af\u7ad9E2\u51fa\u53e3\uff0c\u6cbf\u6c38\u5409\u8857\u3001\u9e2d\u5df4\u7538\u8857\u76f4\u4e0a\u659c\u8def\u4fbf\u662f", "address": "\u9999\u6e2f\u4e2d\u73af\u6b4c\u8d4b\u885719\u53f7"}');
INSERT INTO "city_picture" VALUES('56363d1e-2017-11e2-a04f-e4ce8f4b5244','jiu-ji-niu-nan_1.jpg','/static/media/uploads/hongkong/jiu-ji-niu-nan_1.jpg','','56351bc0-2017-11e2-83d0-e4ce8f4b5244','2012-10-27 09:18:57.725053+00:00');
INSERT INTO "city_picture" VALUES('5636e838-2017-11e2-9439-e4ce8f4b5244','jiu-ji-niu-nan_2.jpg','/static/media/uploads/hongkong/jiu-ji-niu-nan_2.jpg','','56351bc0-2017-11e2-83d0-e4ce8f4b5244','2012-10-27 09:18:57.729266+00:00');
INSERT INTO "city_place" VALUES('5637c7ee-2017-11e2-b261-e4ce8f4b5244','兰芳园','Lan Fang Yuan',2,8,'114.153697','22.282788','港式丝袜奶茶的创始地就在这里。',3,'{"ticketInfo": "\u4eba\u5747\u6d88\u8d39\uff1a30HKD", "openTime": "\u5468\u4e00\u81f3\u5468\u65e58:00-20:00", "phoneNumber": "852-2850 8683 \u200e", "description": "\u5170\u82b3\u56ed\u662f\u9999\u6e2f\u4e00\u95f4\u5386\u53f2\u60a0\u4e45\u7684\u8336\u9910\u5385\uff0c\u603b\u5e97\u4f4d\u4e8e\u9999\u6e2f\u5c9b\u4e2d\u73af\u7ed3\u5fd7\u88572\u53f7\u53ca4A-6\u53f7\uff0c\u65e9\u5e74\u4ee5\u5927\u724c\u6863\u5f62\u5f0f\u7ecf\u8425\uff0c\u73b0\u65f6\u9664\u8bbe\u4e8e\u5927\u53a6\u7684\u65e7\u5e97\u53ca\u65b0\u5e97\u4e24\u95f4\u5e97\u94fa\u5916\uff0c\u4f4d\u4e8e\u8857\u8fb9\u7684\u6863\u53e3\u4ecd\u7136\u4fdd\u7559\uff0c\u662f\u9999\u6e2f\u4ec5\u4f59\u7684\u5927\u724c\u6863\u4e4b\u4e00\u3002", "arriveMethod": "\u6e2f\u94c1\u4e2d\u73af\u7ad9", "address": "\u9999\u6e2f\u4e2d\u73af\u7ed3\u5fd7\u88572\u53f7"}');
INSERT INTO "city_picture" VALUES('563912d4-2017-11e2-a1e6-e4ce8f4b5244','lan-fang-yuan_1.jpg','/static/media/uploads/hongkong/lan-fang-yuan_1.jpg','','5637c7ee-2017-11e2-b261-e4ce8f4b5244','2012-10-27 09:18:57.743724+00:00');
INSERT INTO "city_place" VALUES('5639fcf8-2017-11e2-a7bf-e4ce8f4b5244','镛记酒家','Yong Ji Jiu Jia',2,8,'114.155671','22.281462','又名“飞天烧鹅”，源于游客都喜欢吃后打包上飞机。',8,'{"ticketInfo": "\u4eba\u5747\u7ea6200HKD", "openTime": "\u5468\u4e00\u81f3\u5468\u65e511:00-23:30", "phoneNumber": "852-2522 1624", "description": "\u955b\u8bb0\u9152\u5bb6\u7684\u9547\u5e97\u4e4b\u5b9d\u662f\u76ae\u8106\u8089\u5ae9\u7684\u91d1\u724c\u70e7\u9e45\uff0c\u8fd8\u6709\u90a3\u51e0\u8fd1\u5931\u4f20\u7684\u7ecf\u5178\u7ca4\u83dc\u5982\u94f6\"\u6728\u9762\"\u7140\u9e3d\u3001\u793c\u4e91\u5b50\u7435\u7436\u867e\u3001\u51e4\u51f0\u714e\u732a\u8111\u7b49\u7b49\u5de7\u624b\u529f\u592b\u83dc\u3002\u800c\u996d\u524d\u5fc5\u5403\u7684\u524d\u83dc\u6e8f\u5fc3\u76ae\u86cb\u9178\u59dc\uff0c\u8fd8\u6709\u90a3\u5df2\u6210\u4f20\u5947\u4f73\u8bdd\u7684\u70e7\u9e45\u9ac0\u6cb9\u201c\u592a\u5b50\u201d\u635e\u9762\uff0c\u90fd\u662f\u51e0\u5341\u5e74\u5982\u4e00\u65e5\u7684\u4fdd\u6301\u6781\u9ad8\u6c34\u51c6\u30021968\u5e74\u88ab\u7f8e\u56fd\u300a\u8d22\u5bcc\u6742\u5fd7\u300b\u9009\u4e3a\u201c\u5168\u740315\u5927\u98df\u5e9c\u201d\u4e4b\u4e00\u3002\u540c\u65f6\u4e5f\u662f\u300a\u7c73\u5176\u6797\u6307\u5357\u300b\u4e00\u661f\u9910\u9986\u3002", "arriveMethod": "\u6e2f\u94c1\u4e2d\u73af\u7ad9D2\u51fa\u53e3\uff0c\u6cbf\u5fb7\u5df1\u7acb\u8857\u8f6c\u5165\u5a01\u7075\u987f\u8857", "address": "\u9999\u6e2f\u4e2d\u73af\u5a01\u7075\u987f\u885732-40\u53f7"}');
INSERT INTO "city_picture" VALUES('563b551c-2017-11e2-8dee-e4ce8f4b5244','yong-ji-jiu-jia_1.jpg','/static/media/uploads/hongkong/yong-ji-jiu-jia_1.jpg','','5639fcf8-2017-11e2-a7bf-e4ce8f4b5244','2012-10-27 09:18:57.758059+00:00');
INSERT INTO "city_place" VALUES('563c9359-2017-11e2-be71-e4ce8f4b5244','翠华餐厅','Cui Hua Can Ting',2,8,'114.183765','22.281631','最受游客欢迎的港式茶餐厅，虽有多家连锁店，每家排队的队伍还是很长。',8,'{"ticketInfo": "\u4eba\u5747\u6d88\u8d39\uff1a50HKD", "openTime": "24\u5c0f\u65f6\u8425\u4e1a", "phoneNumber": "852-2573 4338", "description": "1967\u5e74\u4e8e\u65fa\u89d2\u7518\u9716\u8857\u7684\u4e00\u95f4\u5c0f\u5c0f\u7684\u51b0\u5ba4\u5f00\u59cb\uff0c\u53d1\u5c55\u81f3\u73b0\u65f6\u8fde\u9501\u5f0f\u7ecf\u8425\u7684\u201c\u7fe0\u534e\u9910\u5385\u201d\u3002\u6700\u65e9\u671f\u7684\u201c\u7fe0\u534e\u51b0\u5ba4\u201d\u6ca1\u5356\u4ec0\u4e48\u82b1\u5de7\uff0c\u5356\u7684\u4e5f\u662f\u7b80\u5355\u7684\u5730\u9053\u5496\u5561\uff0c\u5976\u8336\uff0c\u897f\u997c\u548c\u9762\u5305\uff0c\u4e3a\u9644\u8fd1\u5356\u9e21\u86cb\u7684\u5de5\u4eba\u63d0\u4f9b\u4e00\u5904\u843d\u811a\u5730\u3002\u968f\u7740\u9999\u6e2f\u7684\u7ecf\u6d4e\u8d77\u98de\uff0c\u65f6\u4ee3\u53ca\u53e3\u5473\u9700\u6c42\u7684\u8f6c\u53d8\uff0c\u98df\u5ba2\u5e0c\u671b\u80fd\u5403\u5230\u897f\u997c\u4ee5\u5916\u4e4b\u98df\u7269\uff0c\u8336\u9910\u5385\u56e0\u800c\u884d\u751f\u800c\u6765\uff0c\u7fe0\u534e\u4ea6\u8ddf\u4e0a\u5982\u6b64\u7684\u6f14\u53d8\u30021977\u5e74\uff0c\u9996\u95f4\u201c\u7fe0\u534e\u9910\u5385\u201d\u5efa\u4e8e\u65b0\u84b2\u5c97\uff0c\u4e3a\u5386\u53f2\u6700\u60a0\u4e45\u7684\u4e00\u95f4\u3002\u63a8\u8350\u83dc\uff1a\u9c7c\u86cb\u6cb3\u7c89\u3001\u51bb\u5976\u8336\u3001\u732a\u4ed4\u5305\u3002", "arriveMethod": "\u6e2f\u94c1\u94dc\u9523\u6e7e\u7ad9", "address": "\u9999\u6e2f\u94dc\u9523\u6e7e\u666f\u9686\u885720-28\u53f7"}');
INSERT INTO "city_picture" VALUES('563dd197-2017-11e2-b7c7-e4ce8f4b5244','cui-hua-can-ting_1.jpg','/static/media/uploads/hongkong/cui-hua-can-ting_1.jpg','','563c9359-2017-11e2-be71-e4ce8f4b5244','2012-10-27 09:18:57.774233+00:00');
INSERT INTO "city_picture" VALUES('563e7e5e-2017-11e2-a872-e4ce8f4b5244','cui-hua-can-ting_2.jpg','/static/media/uploads/hongkong/cui-hua-can-ting_2.jpg','','563c9359-2017-11e2-be71-e4ce8f4b5244','2012-10-27 09:18:57.778836+00:00');
INSERT INTO "city_place" VALUES('563f7430-2017-11e2-bac7-e4ce8f4b5244','泰昌饼家','Tai Chang Bing Jia',2,8,'114.172022','22.276389','因末代港督彭定康钟情它的蛋挞而闻名海外，沙翁和菠萝包也值得一试。',2,'{"website": "www.hk-aluminium.com", "ticketInfo": "\u4eba\u5747\u6d88\u8d3920HKD", "openTime": "\u5468\u4e00\u81f3\u5468\u4e9411:30-20:00##\u5468\u516d\u3001\u5468\u65e513:00-18:00", "phoneNumber": "852-2544 3475", "description": "\u6cf0\u660c\u997c\u5bb6\uff0c\u662f\u9999\u6e2f\u4e00\u5bb6\u4f20\u7edf\u997c\u5e97\uff0c\u4e8e1954\u5e74\u5f00\u4e1a\uff0c\u73b0\u65f6\u4e1c\u4e3b\u662f\u6b27\u9633\u5929\u95f0\u3002\u6cf0\u660c\u997c\u5bb6\u6700\u9a70\u540d\u7684\u98df\u54c1\u5305\u62ec\u86cb\u631e\u3001\u6c99\u7fc1\u4e0e\u83e0\u841d\u5305\u7b49\uff0c\u5168\u90e8\u4ee5\u4f20\u7edf\u65b9\u6cd5\u4eba\u624b\u5236\u9020\uff0c\u4e0e\u73b0\u65f6\u9999\u6e2f\u666e\u904d\u997c\u5e97\u91c7\u7528\u673a\u5236\u65b9\u5f0f\u751f\u4ea7\u76f8\u6bd4\uff0c\u9664\u4e86\u66f4\u6709\u7279\u8272\uff0c\u4e5f\u591a\u4e86\u4e00\u70b9\u70b9\u4eba\u60c5\u5473\u3002", "arriveMethod": "\u3001", "address": "\u9999\u6e2f\u4e2d\u73af\u6446\u82b1\u885735\u53f7\u5730\u4e0b"}');
INSERT INTO "city_picture" VALUES('5640cd75-2017-11e2-95fc-e4ce8f4b5244','tai-chang-bing-jia_1.jpg','/static/media/uploads/hongkong/tai-chang-bing-jia_1.jpg','','563f7430-2017-11e2-bac7-e4ce8f4b5244','2012-10-27 09:18:57.793823+00:00');
INSERT INTO "city_place" VALUES('5641ddf5-2017-11e2-9b46-e4ce8f4b5244','永合成茶餐厅','Yong He Cheng Cha Can Ting',2,8,'114.150302','22.285845','独门秘技炉焗煲仔饭只此一家，黄秋生、汪明荃、薛家燕是这里的常客。',3,'{"openTime": "6:00-17:00(\u5468\u516d\u81f315:30)##\u5468\u65e5\u53ca\u516c\u4f17\u5047\u671f\u4f11\u606f", "phoneNumber": "852-2850 5723 \u200e", "description": "\u5348\u996d\u65f6\u95f4\u6c38\u8fdc\u4eba\u5c71\u4eba\u6d77\u7684\u6c38\u5408\u6210\uff0c\u7172\u4ed4\u996d\u662f\u4e00\u7edd\u3002\u201c\u5728\u7528\u9762\u5305\u7089\u4ee3\u66ff\u70ad\u70e7\u6539\u826f\u51fa\u6765\u7684\u7172\u4ed4\u996d\u5e72\u723d\u996d\u9999\u56db\u6ea2, \u62db\u724c\u7a9d\u86cb\u725b\u8089\u996d\u7684\u725b\u8089\u7528\u4eba\u624b\u5241\u6781\u6709\u53e3\u611f,\u201d\uff0c\u7f8e\u98df\u5bb6\u4eec\u4ece\u6765\u4e0d\u4f1a\u541d\u556c\u5bf9\u6c38\u5408\u6210\u7684\u8d5e\u7f8e\u4e4b\u8bcd\u3002", "arriveMethod": "\u6e2f\u94c1\u4e0a\u73af\u7ad9", "address": "\u9999\u6e2f\u4e0a\u73af\u82cf\u676d\u8857115\u53f7"}');
INSERT INTO "city_picture" VALUES('56432b21-2017-11e2-b536-e4ce8f4b5244','yong-he-cheng-cha-can-ting_1.jpg','/static/media/uploads/hongkong/yong-he-cheng-cha-can-ting_1.jpg','','5641ddf5-2017-11e2-9b46-e4ce8f4b5244','2012-10-27 09:18:57.809459+00:00');
INSERT INTO "city_place" VALUES('564408e3-2017-11e2-b045-e4ce8f4b5244','金凤茶餐厅','Jin Feng Cha Cang Ting',2,8,'114.172599','22.275592','美食家蔡澜夸他家的奶茶“一香、二浓、三滑”，茶、奶比例刚刚好，口感如丝绸漫舞。独霸一方的还有鸡尾包。',3,'{"ticketInfo": "\u4eba\u5747\u6d88\u8d3920HKD", "openTime": "\u5468\u4e00\u81f3\u5468\u65e56:45-19:00", "phoneNumber": "852-2572 0526", "description": "\u65e9\u57281956\u5e74\u4e8e\u6e7e\u4ed4\u592a\u539f\u8857\u5f00\u4e1a\u7684\u91d1\u51e4\uff0c\u540e\u6765\u642c\u5230\u4e86\u6625\u56ed\u8857\u3002\u5c0f\u5c0f\u4e00\u5bb6\u5e97\u5802\u53ea\u5f97\u4e09\u767e\u6765\u5c3a\uff0c\u5374\u662f\u957f\u5e74\u7d2f\u6708\u6324\u6ee1\u4e86\u6367\u573a\u5ba2\u3002\u5927\u5bb6\u5750\u4e0b\u6765\u559d\u7740\u90a3\u70ed\u817e\u817e\u7684\u5976\u8336\uff0c\u6216\u8005\u90a3\u51b2\u597d\u540e\u653e\u5165\u96ea\u67dc\u51b0\u4e86\u4e00\u4e2a\u665a\u4e0a\u7684\u51bb\u5976\u8336\u3002\u5f15\u9888\u4ee5\u5f85\u7b49\u7684\u662f\u90a3\u65b0\u9c9c\u51fa\u7089\u7684\u86cb\u631e\u548c\u9e21\u6279\u3002\u86cb\u631e\u7684\u9165\u76ae\u6413\u5165\u732a\u6cb9\uff0c\u86cb\u6db2\u53ea\u52a0\u5c11\u91cf\u5976\u6c34\u4e0d\u52a0\u9c9c\u5976\uff0c\u86cb\u9999\u7a81\u51fa\uff0c\u9e21\u6279\u9985\u7528\u7684\u9e21\u548c\u706b\u817f\u8c03\u5473\u540e\u7092\u8fc7\u518d\u96ea\u85cf\u534a\u5929\u8ba9\u5176\u5165\u5473\uff0c\u6279\u76ae\u4ee5\u725b\u6cb9\uff0c\u9762\u7c89\u548c\u86cb\u9ec4\u6db2\u6413\u6210\uff0c\u52a0\u5165\u86cb\u76d0\u725b\u5976\u8c03\u5300\uff0c\u7117\u6765\u683c\u5916\u9165\u8106\uff0c\u51fa\u7089\u65f6\u9999\u98d8\u4e00\u5ba4\uff0c\u4ece\u5c0f\u5c0f\u997c\u623f\u6367\u51fa\u8fd8\u672a\u8d70\u5230\u623f\u95e8\u53e3\u7684\u997c\u67dc\uff0c\u5df2\u7ecf\u88ab\u573a\u5185\u7684\u5634\u998b\u98df\u5ba2\u622a\u505c\u6570\u6b21\uff0c\u4e00\u626b\u800c\u5149\u3002", "arriveMethod": "\u6e2f\u94c1\u6e7e\u4ed4\u7ad9A3\u51fa\u53e3\u5de6\u8f6c", "address": "\u9999\u6e2f\u6e7e\u4ed4\u6625\u56ed\u885741\u53f7"}');
INSERT INTO "city_picture" VALUES('5645eba6-2017-11e2-9d40-e4ce8f4b5244','jin-feng-cha-can-ting_1.jpg','/static/media/uploads/hongkong/jin-feng-cha-can-ting_1.jpg','','564408e3-2017-11e2-b045-e4ce8f4b5244','2012-10-27 09:18:57.826432+00:00');
INSERT INTO "city_picture" VALUES('56469207-2017-11e2-add4-e4ce8f4b5244','jin-feng-cha-can-ting_2.jpg','/static/media/uploads/hongkong/jin-feng-cha-can-ting_2.jpg','','564408e3-2017-11e2-b045-e4ce8f4b5244','2012-10-27 09:18:57.832020+00:00');
INSERT INTO "city_place" VALUES('564796b8-2017-11e2-b9e2-e4ce8f4b5244','金华烧腊','Jin Hua Shao La',2,8,'114.155191','22.284284','店门口挂满了油光锃亮的烧鹅，半肥半瘦的叉烧让人垂涎欲滴，欲罢不能。',6,'{"ticketInfo": "\u4eba\u5747\u6d88\u8d39\uff1a50HKD", "openTime": "\u5468\u4e00\u81f3\u5468\u65e511:00-22:00", "phoneNumber": "852-2545 1472", "description": "\u91d1\u534e\u7684\u51fa\u7089\u53c9\u70e7\uff0c\u7279\u522b\u662f\u90a3\u5fc5\u5403\u7684\u7ecf\u5178\u534a\u80a5\u7626\u53c9\u70e7\uff0c\u80fd\u591f\u505a\u5230\u5165\u53e3\u677e\u5316\u5ae9\u6ed1\u8089\u6c41\u6ee1\u6e17\uff0c\u7626\u7684\u90e8\u4f4d\u723d\u8106\u6709\u56bc\u52b2\uff0c\u80a5\u7684\u90e8\u4f4d\u8f6f\u6da6\u7518\u9999\uff0c\u7686\u56e0\u4e3a\u9009\u6599\u7528\u4e0a\u65b0\u9c9c\u8122\u5934\u8089\uff0c\u7528\u4e0a\u751f\u62bd\u3001\u78e8\u8c49\u3001\u9ebb\u9171\u3001\u6d77\u9c9c\u9171\u3001\u5e72\u8471\u3001\u849c\u5934\u3001\u7cd6\u76d0\u3001\u5929\u6d25\u73ab\u7470\u9732\u7b49\u7b49\u9171\u6599\u814c\u4e0a\u4e09\u5c0f\u65f6\uff0c\u7136\u540e\u660e\u706b\u6302\u7089\u5e76\u4e0d\u505c\u8f6c\u8eab\u7684\u70e7\u81f3\u4e5d\u6210\u719f\uff0c\u6700\u5173\u952e\u7684\u662f\u62ff\u51fa\u6765\u7a0d\u7a0d\u653e\u51c9\uff0c\u6d82\u4e0a\u5927\u91cf\u9ea6\u82bd\u7cd6\u518d\u56de\u7089\u70e7\u4e94\u5206\u949f\uff0c\u5e76\u5728\u6700\u540e\u9636\u6bb5\u628a\u7089\u706b\u8c03\u5927\uff0c\u8ba9\u53c9\u70e7\u8868\u9762\u90e8\u4efd\u90e8\u4f4d\u62a2\u706b\u81f3\u7126\u9999\uff0c\u8fd9\u4fbf\u662f\u91d1\u534e\u7684\u53c9\u70e7\u4e0e\u4f17\u4e0d\u540c\u7684\u539f\u56e0\u3002\u5f53\u7136\u9664\u4e86\u534a\u80a5\u7626\u53c9\u70e7\u914d\u4e0a\u70ed\u817e\u817e\u767d\u996d\uff0c\u8fd9\u91cc\u7684\u8001\u706b\u6c64\u3001\u70e7\u9e2d\u7ca5\u3001\u6cb9\u9e21\u5207\u9e21\u90fd\u4e0d\u80fd\u4e0d\u8bd5\u3002\u51fa\u8eab\u5e7f\u5dde\u70e7\u814a\u4e16\u5bb6\u7684\u8001\u677f\u82cf\u5e86\u5148\u751f\u548c\u63a5\u73ed\u7684\u513f\u5b50\u4ee5\u53ca\u4e00\u4f17\u5e08\u5085\u5458\u5de5\u7684\u8f9b\u52e4\u52aa\u529b\u66f4\u662f\u91d1\u534e\u80fd\u591f\u6210\u529f\u8de8\u8d8a\u56db\u5341\u591a\u5e74\u7684\u6700\u5927\u539f\u56e0\u3002", "address": "\u9999\u6e2f\u4e2d\u73af\u79df\u5e87\u5229\u88579-11\u53f7"}');
INSERT INTO "city_picture" VALUES('564907b5-2017-11e2-a1cf-e4ce8f4b5244','jin-hua-shao-la_1.jpg','/static/media/uploads/hongkong/jin-hua-shao-la_1.jpg','','564796b8-2017-11e2-b9e2-e4ce8f4b5244','2012-10-27 09:18:57.848462+00:00');
INSERT INTO "city_place" VALUES('5649cd7d-2017-11e2-879e-e4ce8f4b5244','莲香楼','Lian Xiang Lou',2,8,'114.153445','22.284314','香港所剩无几的旧式茶楼，坚持用茶盅泡茶，百年老店的莲蓉包可千万不要错过哦！',8,'{"ticketInfo": "\u4eba\u5747\u6d88\u8d39\uff1a50HKD", "openTime": "\u5468\u4e00\u81f3\u5468\u65e506:00-23:00", "phoneNumber": "852-2544 4556", "description": "\u9999\u6e2f\u7684\u83b2\u9999\u697c\u5728\u4e2d\u533a\u5a01\u7075\u987f\u8857\u4e0e\u9e2d\u5df4\u7538\u8857\u4ea4\u754c\uff0c\u671d6\u665a11\uff0c\u7ecf\u8425\u4e2d\u5f0f\u8336\u697c\u5348\u5e02\u665a\u996d\uff0c\u4e0d\u53e6\u52a0\u4e00\uff0c\u8457\u540d\u83dc\u5f0f\u6709\u6d46\u70e7\u9aa8\u3001\u9738\u7687\u9e2d\u3001\u714e\u917f\u9cae\u9c7c\u3002 \u5b83\u4e5f\u4ee5\u83b2\u9999\u8001\u997c\u5bb6\u4e3a\u5356\u70b9\u3002\u8be5\u5efa\u7b51\u7269\u540d\u4e3a\u66fe\u662d\u704f\u5927\u53a6\uff0c\u65e7\u5f0f\u5510\u697c\u9ad8\u4e03\u5c42\uff0c\u65e0\u5347\u964d\u673a\uff0c\u83b2\u9999\u697c\u53ea\u5360\u8fd1\u5a01\u7075\u987f\u8857\u7684\u4e24\u5c42\uff0c\u697c\u4e0b\u4e1c\u9762\u662f\u8d37\u4ed3\u53ca\u53a8\u623f\uff0c\u897f\u9762\u662f\u5356\u5e74\u7cd5\u5510\u997c\u7684\u5e97\u9762\uff0c\u4e2d\u95f4\u6709\u5bbd\u5927\u6728\u697c\u68af\u4e0a\u4e8c\u697c\u8336\u5ba4\u3002\u8336\u5ba4\u4e4b\u5185\uff0c\u8336\u5ba2\u81ea\u884c\u627e\u5ea7\u4f4d\uff0c\u65e0\u77e5\u5ba2\u3001\u5927\u5385\u56db\u9762\u88c5\u6709\u4e2d\u56fd\u53e4\u6587\u8bd7\u53e5\u3001\u5c71\u6c34\u5b57\u753b\uff0c\u4e0d\u8bbe\u8d35\u5bbe\u623f\u3001\u6b22\u8fce\u642d\u53f0\uff0c\u6709\u624b\u63a8\u70b9\u5fc3\u8f66\uff0c\u661f\u671f\u5929\u7279\u522b\u70ed\u95f9\u3002", "arriveMethod": "\u6e2f\u94c1\u4e0a\u73af\u7ad9E2\u51fa\u53e3\uff0c\u5a01\u6797\u987f\u8857\u3001\u9e2d\u5df4\u7538\u8857\u4ea4\u754c", "address": "\u9999\u6e2f\u4e2d\u73af\u5a01\u7075\u987f\u8857160\u53f7"}');
INSERT INTO "city_picture" VALUES('564b4d00-2017-11e2-9886-e4ce8f4b5244','lian-xiang-lou_1.jpg','/static/media/uploads/hongkong/lian-xiang-lou_1.jpg','','5649cd7d-2017-11e2-879e-e4ce8f4b5244','2012-10-27 09:18:57.862691+00:00');
INSERT INTO "city_picture" VALUES('564be0ba-2017-11e2-b542-e4ce8f4b5244','lian-xiang-lou_2.jpg','/static/media/uploads/hongkong/lian-xiang-lou_2.jpg','','5649cd7d-2017-11e2-879e-e4ce8f4b5244','2012-10-27 09:18:57.866757+00:00');
INSERT INTO "city_place" VALUES('564ca8ee-2017-11e2-8c1c-e4ce8f4b5244','蛇王芬饭店','She Wang Fen Fan Dian',2,8,'114.154282','22.282797','传统古法烹调的五蛇羹日卖达600盅，最驰名的润肠鸡饭一定要连吃两碗才过瘾。',8,'{"ticketInfo": "\u4eba\u5747\u6d88\u8d39100HKD", "openTime": "\u5468\u4e00\u81f3\u5468\u65e511:00-22:30", "phoneNumber": "852-2543 1032", "description": "\u4e2d\u73af\u82b8\u82b8\u7684\u8457\u540d\u98df\u8086\u8001\u94fa\u5f53\u4e2d\uff0c\u5c31\u662f\u86c7\u738b\u82ac\u6700\u4ee4\u4eba\u6709\u56de\u5bb6\u7684\u6e29\u6696\u8212\u670d\u7684\u611f\u89c9\u3002\u4f5c\u4e3a\u8857\u574a\u8001\u4e3b\u987e\uff0c\u4f1a\u8033\u95fb\u76ee\u7779\u86c7\u738b\u82ac\u7684\u65b0\u4e00\u4ee3\u638c\u95e8\u4eba\u5434\u714b\u59ff\u5c0f\u59d0\u5982\u4f55\u4ece\u7236\u6bcd\u624b\u4e2d\u63a5\u8fc7\u8fd9\u516d\u5341\u591a\u5e74\u8001\u5b57\u53f7\u7684\u7edf\u9886\u5927\u4efb\u3002\u65e2\u4fdd\u7559\u7740\u4e00\u8d2f\u4f18\u826f\u4f20\u7edf\uff0c\u53c8\u80fd\u591f\u5728\u7ade\u4e89\u6fc0\u70c8\u7684\u996e\u98df\u754c\u4e2d\u52c7\u731b\u7a81\u56f4\uff0c\u800c\u6155\u540d\u800c\u6765\u7684\u65b0\u5ba2\u4eba\uff0c\u4ea6\u9a6c\u4e0a\u4f1a\u88ab\u8fd9\u5c0f\u5c0f\u5e97\u5802\u7684\u4eb2\u5bc6\u4f53\u8d34\u7684\u6c1b\u56f4\u6253\u52a8\uff1a\u662f\u90a3\u4e9b\u56db\u5b63\u66f4\u66ff\u4e00\u6837\u7a9d\u5fc3\u7684\u660e\u706b\u7096\u6c64\uff0c\u662f\u90a3\u4e00\u7897\u6750\u6599\u4e30\u8db3\u9c9c\u7f8e\u6d53\u7a20\u7684\u86c7\u7fb9\uff0c\u662f\u90a3\u5403\u5f97\u6ee1\u53e3\u9152\u9999\u6cb9\u9999\u7684\u9c9c\u9e2d\u6da6\u80a0\u548c\u5207\u8089\u814a\u80a0\u914d\u4e0a\u4e00\u5927\u7897\u767d\u996d\uff0c\u8fd8\u6709\u90a3\u9c9c\u6ed1\u60f9\u5473\u7684\u5f97\u5956\u540d\u83dc\u5b50\u59dc\u9762\u9171\u9c7c\u4e91\u7172\u3002\u5f53\u7136\u8fd8\u4f1a\u770b\u5230\u8fd8\u672a\u9000\u4e0b\u706b\u7ebf\u7684\u5434\u5988\u5988\uff0c\u949c\u7ec6\u65e0\u9057\u6253\u70b9\uff0c\u6e29\u539a\u771f\u8bda\u5f85\u5ba2\uff0c\u53eb\u4eba\u518d\u4e00\u6b21\u6e05\u695a\u660e\u767d\u4e00\u5bb6\u72ec\u7acb\u8001\u94fa\u80fd\u591f\u5c79\u7acb\u81f3\u4eca\uff0c\u4f9d\u7136\u6df1\u53d7\u7231\u6234\u7684\u771f\u6b63\u539f\u56e0\u3002", "arriveMethod": "\u6e2f\u94c1\u4e2d\u73af\u7ad9D2\u51fa\u53e3\uff0c\u8fd1\u4e2d\u73af\u81f3\u534a\u5c71\u81ea\u52a8\u6276\u68af\u4fa7", "address": "\u9999\u6e2f\u4e2d\u73af\u9601\u9e9f\u885730-34\u53f7"}');
INSERT INTO "city_picture" VALUES('564e153a-2017-11e2-adbc-e4ce8f4b5244','she-wang-fen-fan-dian_1.jpg','/static/media/uploads/hongkong/she-wang-fen-fan-dian_1.jpg','','564ca8ee-2017-11e2-8c1c-e4ce8f4b5244','2012-10-27 09:18:57.880947+00:00');
INSERT INTO "city_picture" VALUES('564ebba1-2017-11e2-85bc-e4ce8f4b5244','she-wang-fen-fan-dian_2.jpg','/static/media/uploads/hongkong/she-wang-fen-fan-dian_2.jpg','','564ca8ee-2017-11e2-8c1c-e4ce8f4b5244','2012-10-27 09:18:57.885163+00:00');
INSERT INTO "city_place" VALUES('564fa8e6-2017-11e2-a746-e4ce8f4b5244','檀岛咖啡饼店','Tan Dao Ka Fei Bing Dian',2,8,'114.174050','22.277491','老牌茶餐厅，蛋挞不得不尝，看老伙计一只手拎起6只茶杯的功夫，也是一种享受。',8,'{"ticketInfo": "\u4eba\u5747\u6d88\u8d39\uff1a30HKD", "openTime": "\u5468\u4e00\u81f3\u5468\u516d06:00-00:00", "phoneNumber": "852-2575 1823", "description": "\u6a80\u5c9b\u5496\u5561\u997c\u5e97\u662f\u4e00\u95f4\u5c79\u7acb\u4e94\u5341\u5e74\u7684\u8001\u724c\u5496\u5561\u5e97\uff0c\u9999\u6ed1\u7684\u86cb\u631e\u662f\u4ee4\u5927\u5bb6\u4e0d\u79bb\u4e0d\u5f03\u7684\u771f\u6b63\u539f\u56e0\u3002", "arriveMethod": "\u6e2f\u94c1\u6e7e\u4ed4\u7ad9", "address": "\u6e7e\u4ed4\u8f69\u5c3c\u8bd7\u9053180-186\u53f7"}');
INSERT INTO "city_picture" VALUES('5650df40-2017-11e2-b94f-e4ce8f4b5244','tan-dao-ka-pei-bing-dian_1.jpg','/static/media/uploads/hongkong/tan-dao-ka-pei-bing-dian_1.jpg','','564fa8e6-2017-11e2-a746-e4ce8f4b5244','2012-10-27 09:18:57.899830+00:00');
INSERT INTO "city_place" VALUES('5651af23-2017-11e2-980b-e4ce8f4b5244','陆羽茶室','Lu Yu Cha Shi',2,8,'114.155513','22.282286','很多香港富豪一家几代每天都风雨不改的来这里，山竹牛肉球、蔗糖杞子糕、家乡蒸粉果几乎每台必点。',8,'{"ticketInfo": "\u4eba\u5747\u6d88\u8d39:150HKD", "openTime": "\u5468\u4e00\u81f3\u5468\u65e507:00-22:00", "phoneNumber": "852-2523 5464", "description": "\u9646\u7fbd\u8336\u5ba4\u5df2\u6709\u516d\u5341\u591a\u5e74\u5386\u53f2, \u5374\u4f9d\u65e7\u4fdd\u6301\u7740\u65e7\u5f0f\u9999\u6e2f\u8336\u697c\u7684\u683c\u8c03 , \u5ba4\u5185\u88c5\u6f62\u53e4\u8272\u53e4\u9999, \u7a7f\u7740\u4f20\u7edf\u5510\u88c5\u7684\u8001\u4f8d\u5e94\u751f\u53ca\u5145\u6ee1\u6000\u65e7\u6c14\u606f\u7684\u83dc,\u8ba9\u4eba\u6df1\u6df1\u611f\u53d7\u5230\u5728\u8fd9\u91cc [\u996e\u8336], \u5f77\u4f5b\u56de\u5230\u9999\u6e2f5\u300160\u5e74\u5316\u7684\u8336\u697c\u3002\u8336\u5ba4\u5171\u6709\u4e09\u5c42\u697c, \u4e00\u697c\u4e3a\u6563\u5ba2\u63a5\u4ee3\u533a, \u4e8c, \u4e09\u697c\u5219\u4e3a\u56e2\u4f53\u8ba2\u4f4d\u533a , \u4e0d\u60f3\u88ab\u6253\u6270\u7684\u5ba2\u4eba\u4e5f\u53ef\u4ee5\u5728\u6b64\u53e6\u8f9f\u623f\u95f4\u8c08\u4e8b. \u6700\u7279\u522b\u7684\u662f\u53ef\u4ee5\u54c1\u5c1d\u5230\u5176\u4ed6\u9910\u5385\u89c9\u5f97\u9ebb\u70e6\u4e0d\u505a\u7684\u70b9\u5fc3, \u50cf\u6ed1\u9e21\u7403\u5927\u5305, \u867e\u4ec1\u9c9c\u8377\u996d , \u4e91\u817f\u9cae\u9c7c\u89d2\u90fd\u662f\u975e\u5e38\u96be\u5f97\u7684\u5c0f\u54c1, \u7edd\u5bf9\u7b97\u662f\u9646\u7fbd\u8336\u5ba4\u7684\u4e00\u7edd\u3002", "arriveMethod": "\u6e2f\u94c1\u4e2d\u73af\u7ad9D2\u51fa\u53e3\uff0c\u8fd1\u77f3\u677f\u8857", "address": "\u9999\u6e2f\u4e2d\u73af\u58eb\u4e39\u5229\u885724\u53f7"}');
INSERT INTO "city_picture" VALUES('5652c9ae-2017-11e2-8962-e4ce8f4b5244','lu-yu-cha-shi_1.jpg','/static/media/uploads/hongkong/lu-yu-cha-shi_1.jpg','','5651af23-2017-11e2-980b-e4ce8f4b5244','2012-10-27 09:18:57.911789+00:00');
INSERT INTO "city_picture" VALUES('56536985-2017-11e2-945f-e4ce8f4b5244','lu-yu-cha-shi_2.jpg','/static/media/uploads/hongkong/lu-yu-cha-shi_2.jpg','','5651af23-2017-11e2-980b-e4ce8f4b5244','2012-10-27 09:18:57.916002+00:00');
INSERT INTO "city_picture" VALUES('5653e257-2017-11e2-99e8-e4ce8f4b5244','lu-yu-cha-shi_3.jpg','/static/media/uploads/hongkong/lu-yu-cha-shi_3.jpg','','5651af23-2017-11e2-980b-e4ce8f4b5244','2012-10-27 09:18:57.919811+00:00');
INSERT INTO "city_place" VALUES('56549019-2017-11e2-8cba-e4ce8f4b5244','何洪记粥面专家','He Hong Ji Zhou Mian Zhuan Jia',2,8,'114.183070','22.278198','香港特首曾荫权、美食专家蔡澜等名人热捧的云吞面老店，日卖800碗！',2,'{"ticketInfo": "\u4eba\u5747\u6d88\u8d39\uff1a50HKD", "openTime": "\u661f\u671f\u4e00\u81f3\u65e511:30-23:30", "phoneNumber": "852-2577 6558", "description": "\u521b\u4e8e1946\u5e74\u7684\u4f55\u6d2a\u8bb0\uff0c\u5373\u4f7f\u751f\u610f\u518d\u597d\uff0c\u4e5f\u62d2\u7edd\u5f00\u5206\u5e97\uff0c\u7b2c\u4e8c\u4ee3\u4f20\u4eba\u4f55\u51a0\u660e\u5148\u751f\u89e3\u91ca\uff0c\u662f\u8981\u597d\u597d\u63a7\u5236\u98df\u54c1\u7684\u54c1\u8d28\uff0c\u786e\u4fdd\u6bcf\u4f4d\u987e\u5ba2\u90fd\u80fd\u4eab\u53d7\u54c1\u724c\u6700\u597d\u7684\u51fa\u54c1\u3002\u4f55\u6d2a\u8bb0\u7684\u5e72\u7092\u725b\u6cb3\u4ee5\u53e4\u6cd5\u732a\u6cb9\u7092\u6210\uff0c\u6bcf\u6761\u6cb3\u7c89\u90fd\u5747\u5300\u5730\u6cbe\u6ee1\u81ea\u5bb6\u51fa\u54c1\u7684\u79d8\u5236\u9171\u6cb9\uff0c\u914d\u5408\u65b0\u9c9c\u5ae9\u6ed1\u7684\u725b\u8089\u7247\uff0c\u53e3\u611f\u7279\u522b\u9999\u6ed1\u3002\u9910\u5385\u9762\u79ef\u4e0d\u5927\uff0c\u4e0d\u60f3\u7b49\u4f4d\u7684\u8bdd\uff0c\u6700\u597d\u9009\u62e9\u4e0b\u53483\u70b9\u81f36\u70b9\u5149\u987e\u3002\u5e72\u7092\u725b\u6cb3\u6e2f\u5e0152\u5143\u3002", "arriveMethod": "\u6e2f\u94c1\u94dc\u9523\u6e7e\u7ad9A\u51fa\u53e3", "address": "\u9999\u6e2f\u94dc\u9523\u6e7e\u6ce2\u65af\u5bcc\u885799\u53f7"}');
INSERT INTO "city_picture" VALUES('5655cbf5-2017-11e2-9dda-e4ce8f4b5244','he-hong-ji-zhou-mian-zhuan-jia_1.jpg','/static/media/uploads/hongkong/he-hong-ji-zhou-mian-zhuan-jia_1.jpg','','56549019-2017-11e2-8cba-e4ce8f4b5244','2012-10-27 09:18:57.931723+00:00');
INSERT INTO "city_picture" VALUES('56568f75-2017-11e2-865f-e4ce8f4b5244','he-hong-ji-zhou-mian-zhuan-jia_2.jpg','/static/media/uploads/hongkong/he-hong-ji-zhou-mian-zhuan-jia_2.jpg','','56549019-2017-11e2-8cba-e4ce8f4b5244','2012-10-27 09:18:57.935912+00:00');
INSERT INTO "city_place" VALUES('5657a302-2017-11e2-b2b9-e4ce8f4b5244','西洋菜街','Xi Yang Cai Jie',4,8,'114.169954','22.319515','楼上书店让这条街除了电器，还有了书香气。',8,'{"openTime": "\u5168\u5929", "description": "80\u5e74\u4ee3\u8d77\uff0c\u4e9a\u6bd5\u8001\u8857\u4ee5\u5357\u7684\u4e00\u6bb5\u897f\u6d0b\u83dc\u8857\uff0c\u9646\u7eed\u5f00\u8bbe\u4e86\u4e0d\u5c11\u7535\u5668\u5e97\u3002\u5230\u4e86\u73b0\u5728\uff0c\u8fd9\u6761\u8857\u9053\u5df2\u6210\u4e86\u65fa\u89d2\u533a\u4e3b\u8981\u7684\u7535\u5b50\u4ea7\u54c1\u9500\u552e\u5730\u70b9\uff0c\u904d\u5e03\u767e\u8001\u6c47\u6444\u5f71\u5668\u6750\u3001\u4e30\u6cfd\u7535\u5668\u3001\u6cf0\u6797\u7535\u5668\u3001\u56fd\u7f8e\u7535\u5668\u7b49\u8fde\u9501\u5e97\u3002\u6b64\u5916\uff0c\u5730\u9762\u94fa\u4f4d\u4ea6\u6709\u4e0d\u5c11\u5316\u5986\u54c1\u5e97\u3001\u7535\u8bdd\u670d\u52a1\u516c\u53f8\u3001\u8857\u8fb9\u5c0f\u5403\u5e97\uff0c\u800c\u697c\u4e0a\u4e66\u5e97\u66f4\u662f\u8fd9\u6761\u8857\u9053\u7684\u7279\u8272\u3002\u81ea2003\u5e74\u8d77\uff0c\u8be5\u6bb5\u897f\u6d0b\u83dc\u5357\u8857\u88ab\u5212\u4e3a\u65f6\u9650\u884c\u4eba\u4e13\u7528\u533a\uff0c\u51cf\u514d\u4eba\u8f66\u4e89\u8def\u60c5\u51b5\uff0c\u4ea6\u4ee4\u897f\u6d0b\u83dc\u5357\u8857\u6210\u4e3a\u65fa\u89d2\u4e00\u4e2a\u91cd\u8981\u7684\u65c5\u6e38\u70b9\u3002", "arriveMethod": "\u6e2f\u94c1\u65fa\u89d2\u7ad9", "address": "\u9999\u6e2f\u65fa\u89d2\u897f\u6d0b\u83dc\u8857"}');
INSERT INTO "city_picture" VALUES('5658c5ae-2017-11e2-b49e-e4ce8f4b5244','xi-yang-cai-jie_1.jpg','/static/media/uploads/hongkong/xi-yang-cai-jie_1.jpg','','5657a302-2017-11e2-b2b9-e4ce8f4b5244','2012-10-27 09:18:57.951514+00:00');
INSERT INTO "city_place" VALUES('5659b047-2017-11e2-a87f-e4ce8f4b5244','花园街','Hua Yuan Jie',4,8,'114.170802','22.321053','只要花心思淘，你会发现这里隐秘了很多在商场里买不到的限量版运动鞋。',8,'{"openTime": "\u5168\u5929", "description": "\u82b1\u56ed\u8857\u662f\u9999\u6e2f\u6cb9\u5c16\u65fa\u533a\u7684\u4e00\u6761\u8457\u540d\u9053\u8def\uff0c\u4f4d\u4e8e\u4e5d\u9f99\u65fa\u89d2\u4e1c\u90e8\uff0c\u5317\u81f3\u754c\u9650\u8857\uff0c\u5357\u81f3\u767b\u6253\u58eb\u8857\uff0c\u4e0e\u901a\u83dc\u8857\u53ca\u6d17\u8863\u8857\u7b49\u8857\u9053\u5e73\u884c\u3002\u73b0\u65f6\u8fd9\u6761\u8857\u9053\u662f\u9999\u6e2f\u8457\u540d\u7684\u8d2d\u7269\u533a\u4e4b\u4e00\u3002\u4f4d\u4e8e\u4e9a\u7686\u8001\u8857\u4ee5\u5357\u7684\u4e00\u6bb5\u82b1\u56ed\u8857\uff0c\u4e5f\u5c31\u662f\u201c\u6ce2\u978b\u8857\u201d\uff0c\u6574\u6761\u8857\u7ea6150\u7c73\u957f\uff0c\u670950\u591a\u95f4\u552e\u5356\u8fd0\u52a8\u978b\u548c\u8fd0\u52a8\u7528\u54c1\u7684\u5e97\u94fa\u3002\u4ee5\u5317\u4e00\u6bb5\u5219\u6709\u5927\u91cf\u552e\u5356\u6210\u8863\u3001\u852c\u83dc\u548c\u6c34\u679c\u7684\u644a\u6863\u3002\u6cbf\u8def\u8457\u540d\u5730\u70b9\u662f\u6ce2\u978b\u8857\u548c\u82b1\u56ed\u8857\u5e02\u653f\u5927\u53a6\u3002", "address": "\u9999\u6e2f\u65fa\u89d2\u82b1\u56ed\u8857"}');
INSERT INTO "city_picture" VALUES('565b308a-2017-11e2-abe9-e4ce8f4b5244','hua-yuan-jie_1.jpg','/static/media/uploads/hongkong/hua-yuan-jie_1.jpg','','5659b047-2017-11e2-a87f-e4ce8f4b5244','2012-10-27 09:18:57.966761+00:00');
INSERT INTO "city_place" VALUES('565c3b68-2017-11e2-b9b9-e4ce8f4b5244','鸭寮街','Ya Liao Jie',4,8,'114.163364','22.329144','最著名的是二手的音响摊档，《无间道》里刘德华和梁朝伟见面的音像店就在这条街上。',8,'{"openTime": "\u5168\u5929", "description": "\u9e2d\u5bee\u8857\uff0c\u4eba\u79f0\u201c\u7535\u5668\u8857\u201d\uff0c\u4f4d\u4e8e\u94a6\u5dde\u8857\u81f3\u5357\u660c\u8857\u4e4b\u95f4\uff0c\u56e0\u65e9\u5e74\u76d6\u6ee1\u9e2d\u5bee\u800c\u5f97\u6b64\u540d\uff0c\u4ee5\u552e\u5356\u624b\u673a\u3001\u5e73\u4ef7\u7535\u5b50\u96f6\u4ef6\u3001\u4e8c\u624b\u53ca\u6c34\u8d27\u7535\u5668\u95fb\u540d\uff0c\u5438\u5f15\u4e0d\u5c11\u672c\u5730\u4eba\u5149\u987e\u3002\u4e3a\u523a\u6fc0\u672c\u5730\u65c5\u6e38\u4e1a\uff0c\u653f\u5e9c\u6708\u524d\u5df2\u51b3\u5b9a\u77ed\u671f\u5185\u5c06\u8fd9\u6761\u8857\u7ffb\u65b0\uff0c\u5438\u5f15\u6e38\u5ba2\u524d\u5f80\u6d88\u8d39\uff0c\u5c06\u9e2d\u5bee\u8857\u53d1\u5c55\u4e3a\u9999\u6e2f\u8457\u540d\u65c5\u6e38\u666f\u70b9\u4e4b\u4e00\u3002", "arriveMethod": "\u6e2f\u94c1\u6df1\u6c34\u57d7\u7ad9", "address": "\u9999\u6e2f\u6df1\u6c34\u57d7\u9e2d\u5bee\u8857"}');
INSERT INTO "city_picture" VALUES('565d7517-2017-11e2-ae95-e4ce8f4b5244','ya-liao-jie_1.jpg','/static/media/uploads/hongkong/ya-liao-jie_1.jpg','','565c3b68-2017-11e2-b9b9-e4ce8f4b5244','2012-10-27 09:18:57.982427+00:00');
INSERT INTO "city_picture" VALUES('565df19e-2017-11e2-9290-e4ce8f4b5244','ya-liao-jie_2.jpg','/static/media/uploads/hongkong/ya-liao-jie_2.jpg','','565c3b68-2017-11e2-b9b9-e4ce8f4b5244','2012-10-27 09:18:57.985585+00:00');
INSERT INTO "city_place" VALUES('565ec2de-2017-11e2-9cf4-e4ce8f4b5244','庙街夜市','Miao Jie Ye Shi',4,8,'114.170112','22.306994','庙街之夜，在TVB里经常出现，卖茶的老伯，吃宵夜的小妹，热闹的气氛，浓浓的市井味全在这，亲切又真实。',4,'{"openTime": "\u5168\u5929", "description": "\u5e99\u8857\u4f4d\u4e8e\u4e5d\u9f99\u7684\u6cb9\u9ebb\u5730\uff0c\u662f\u9999\u6e2f\u6700\u6709\u540d\u7684\u9732\u5929\u5e02\u573a\uff0c\u5206\u5357\u5317\u4e24\u6bb5\uff0c\u56e0\u4e2d\u6bb5\u6709\u4e00\u5e99\u5b87\u6545\u540d\u5e99\u8857\u3002\u5e99\u8857\u662f\u9999\u6e2f\u9f99\u86c7\u6df7\u6742\u4e4b\u5730\uff0c\u4ea6\u662f\u9999\u6e2f\u65e9\u671f\u70df\u82b1\u4e4b\u5730\uff0c\u6545\u6e38\u5e99\u8857\u65f6\u53ef\u7559\u610f\u5f88\u591a\u552e\u5356\u7ffb\u7248\u3001\u5192\u724c\u53ca\u8272\u60c5\u4e8b\u7269\u7684\u644a\u6863\u3002\u9999\u6e2f\u5f88\u591a\u7535\u5f71\u66fe\u591a\u6b21\u4ee5\u5e99\u8857\u4e3a\u9898\u6750\u53ca\u5728\u6b64\u53d6\u666f\u62cd\u6210\u7535\u5f71\u3002\u5e99\u8857\u533a\u5171\u6709\u56db\u5ea7\u5e99\u5b87\uff0c\u5168\u90fd\u96c6\u4e2d\u5728\u4f17\u574a\u8857\u9644\u8fd1\u3002\u5e99\u8857\u7684\u591c\u5e02\u4e3a\u9999\u6e2f\u522b\u6709\u7279\u8272\u4e4b\u5904\uff0c\u6bcf\u5929\u4e0b\u5348\u56db\u65f6\u540e\u8857\u4fa7\u5f00\u59cb\u6446\u6ee1\u644a\u6863\uff0c\u4e94\u5149\u5341\u8272\uff0c\u4eba\u6f6e\u4e0d\u65ad\uff0c\u5145\u6ee1\u4e86\u5404\u5f0f\u5404\u6837\u7684\u5730\u644a\u8d27\u3002\u4ece\u508d\u665a6\u70b9\u5230\u6df1\u591c12\u70b9\u662f\u6700\u70ed\u95f9\u7684\u3002", "arriveMethod": "\u6e2f\u94c1\u6cb9\u9ebb\u5730\u7ad9C\u51fa\u53e3", "address": "\u9999\u6e2f\u5e99\u8857"}');
INSERT INTO "city_picture" VALUES('56602661-2017-11e2-a278-e4ce8f4b5244','miao-jie-ye-shi_1.jpg','/static/media/uploads/hongkong/miao-jie-ye-shi_1.jpg','','565ec2de-2017-11e2-9cf4-e4ce8f4b5244','2012-10-27 09:18:57.999818+00:00');
INSERT INTO "city_picture" VALUES('5660cae1-2017-11e2-90fd-e4ce8f4b5244','miao-jie-ye-shi_2.jpg','/static/media/uploads/hongkong/miao-jie-ye-shi_2.jpg','','565ec2de-2017-11e2-9cf4-e4ce8f4b5244','2012-10-27 09:18:58.003740+00:00');
INSERT INTO "city_place" VALUES('5661befa-2017-11e2-8b93-e4ce8f4b5244','兰桂坊','Lan Gui Fang',10,8,'114.155701','22.280827','灯红酒绿的兰桂坊夜夜笙歌，纸醉金迷，别怕去的时间太晚，夜生活才刚刚开始呢。',4,'{"openTime": "\u5168\u5929", "description": "\u5170\u6842\u574a\uff08Lan Kwai Fong\uff09\uff0c\u72ed\u4e49\u800c\u8a00\u6307\u4f4d\u4e8e\u9999\u6e2f\u4e2d\u73af\u533a\u7684\u4e00\u6761\u5448L\u578b\u7684\u4e0a\u5761\u5c0f\u5f84\uff0c\u540d\u53eb\u201c\u5170\u6842\u574a\u201d\uff08\u53d6\u5176\u5170\u6842\u817e\u82b3\u4e4b\u610f\uff09\u3002\u5e7f\u4e49\u800c\u8a00\u662f\u6307\u4e0e\u5fb7\u5df1\u7acb\u8857\u3001\u5a01\u7075\u987f\u8857\u3001\u4e91\u54b8\u8857\u3001\u548c\u5b89\u91cc\u3001\u4ec1\u5bff\u91cc\u53ca\u8363\u534e\u91cc\u6784\u6210\u7684\u4e00\u4e2a\u805a\u96c6\u5927\u5c0f\u9152\u5427\u4e0e\u9910\u9986\u7684\u4e2d\u9ad8\u6863\u6d88\u8d39\u533a\uff0c\u6df1\u53d7\u4e2d\u4ea7\u9636\u7ea7\u3001\u5916\u7c4d\u4eba\u58eb\u53ca\u6e38\u5ba2\u7684\u6b22\u8fce\uff0c\u662f\u9999\u6e2f\u7684\u7279\u8272\u65c5\u6e38\u666f\u70b9\u4e4b\u4e00\u3002", "arriveMethod": "\u6e2f\u5c9b\u7ebf\u6216\u8343\u6e7e\u7ebf\u7684\u4e2d\u73af\u7ad9\uff0cD1\u51fa\u53e3", "address": "\u9999\u6e2f\u4e2d\u73af\u5170\u6842\u574a"}');
INSERT INTO "city_picture" VALUES('5662c478-2017-11e2-a135-e4ce8f4b5244','lan-gui-fang_1.jpg','/static/media/uploads/hongkong/lan-gui-fang_1.jpg','','5661befa-2017-11e2-8b93-e4ce8f4b5244','2012-10-27 09:18:58.017248+00:00');
INSERT INTO "city_picture" VALUES('56633d4a-2017-11e2-87a7-e4ce8f4b5244','lan-gui-fang_2.jpg','/static/media/uploads/hongkong/lan-gui-fang_2.jpg','','5661befa-2017-11e2-8b93-e4ce8f4b5244','2012-10-27 09:18:58.020226+00:00');
INSERT INTO "city_place" VALUES('56641307-2017-11e2-bda6-e4ce8f4b5244','荷里活道','He Li Huo Dao',8,8,'114.149789','22.284460','街名与好莱坞没有半点关系，但丝毫不影响在这里的外国特色酒吧里偶遇明星的几率。',4,'{"openTime": "\u5168\u5929", "description": "\u8377\u674e\u6d3b\u9053(Hollywood Road)\uff0c\u6709\u65f6\u4ea6\u79f0\u4f5c\u8377\u91cc\u6d3b\u9053\uff0c\u4f4d\u4e8e\u9999\u6e2f\u4e2d\u73af\u81f3\u4e0a\u73af\uff0c\u662f\u9999\u6e2f\u5f00\u57e0\u540e\u5174\u5efa\u7684\u7b2c\u4e00\u6761\u8857\u9053\u3002\u201c\u8377\u674e\u6d3b\u9053\u201d\u7684\u540d\u5b57\u4e0e\u7f8e\u56fd\u7535\u5f71\u4e1a\u7684\u597d\u83b1\u575e\u65e0\u5173\uff0c\u5374\u6765\u81ea\u65e9\u5e74\u8377\u674e\u6d3b\u9053\u4e00\u5e26\u7684\u51ac\u9752\u6811(Hollywood)\u3002\u4eca\u65e5\u7684\u8377\u674e\u6d3b\u9053\uff0c\u6df1\u5177\u9999\u6e2f\u4e2d\u897f\u6587\u5316\u5408\u74a7\u7684\u7279\u8272\u3002\u7531\u4e8e\u65e9\u5e74\u7edf\u6cbb\u9999\u6e2f\u7684\u82f1\u56fd\u4eba\u805a\u5c45\u8377\u674e\u6d3b\u9053\u4e00\u5e26\u7684\u534a\u5c71\u533a\uff0c\u4e2d\u73af\u8377\u674e\u6d3b\u9053\u5357\u8fb9\u4e00\u6bb5\u7684\u82cf\u8c6a\u533a\u82f1\u6587\u540d\u5b57\u201cSoho\u201d\u9664\u4e86\u53d6\u6e90\u4e8e\u82f1\u56fd\u4f26\u6566\u82cf\u8c6a\u533a\u5916\uff0c\u8d77\u521d\u4e5f\u662f\u6765\u81ea\u201c\u8377\u674e\u6d3b\u9053\u7684\u5357\u8fb9\u201d\u7684\u82f1\u6587\u7f29\u5199\u201cSouth of Hollywood Road\u201d\u7684\u3002\u4eca\u5929\u7684\u82cf\u8c6a\u533a\u5145\u65a5\u7740\u4e0d\u5c11\u5145\u6ee1\u5916\u56fd\u7279\u8272\u7684\u9910\u5385\u548c\u9152\u5427\u3002\u8377\u674e\u6d3b\u9053\u4e1c\u7aef\u8fde\u63a5\u7740\u5170\u6842\u574a\uff0c\u800c\u65e7\u4e2d\u533a\u8b66\u7f72(\u524d\u9999\u6e2f\u8b66\u5bdf\u603b\u90e8)\u4ea6\u4f4d\u4e8e\u6b64\u8857\u4e0a\uff0c\u800c\u5728\u65e7\u4e2d\u533a\u8b66\u7f72\u4fa7\u4e2d\u592e\u5e7f\u573a\u7684Dragon-i\u9152\u5427\uff0c\u66fe\u5438\u5f15\u591a\u4f4d\u8db3\u7403\u660e\u661f\u8bbf\u6e2f\u65f6\u5230\u6b64\u6d88\u9063\u3002\u8fde\u63a5\u4e2d\u73af\u4e0e\u534a\u5c71\u533a\u7684\u4e2d\u73af\u81f3\u534a\u5c71\u81ea\u52a8\u6276\u68af\u7cfb\u7edf\uff0c\u4ea6\u9014\u7ecf\u8377\u674e\u6d3b\u9053\u3002\u5728\u4e0a\u73af\u4e00\u7aef\u8377\u674e\u6d3b\u9053\u9644\u8fd1\u7684\u56a4\u5570\u8857\uff0c\u5219\u662f\u8457\u540d\u7684\u53e4\u8463\u548c\u6000\u65e7\u7269\u54c1\u96c6\u4e2d\u5730\u3002\u4ea6\u662f\u8457\u540d\u5e99\u5b87\u6587\u6b66\u5e99\u7684\u6240\u5728\u5730\u3002", "address": "\u8377\u91cc\u6d3b\u9053"}');
INSERT INTO "city_picture" VALUES('56656011-2017-11e2-91b1-e4ce8f4b5244','he-li-huo-dao_1.jpg','/static/media/uploads/hongkong/he-li-huo-dao_1.jpg','','56641307-2017-11e2-bda6-e4ce8f4b5244','2012-10-27 09:18:58.033870+00:00');
INSERT INTO "city_place" VALUES('566610d7-2017-11e2-814d-e4ce8f4b5244','Felix餐厅','Felix Can Ting',2,8,'114.171826','22.295157','被民间评为“全亚洲景色最好的男厕”就在这里。',4,'{"website": "http://www.peninsula.com", "ticketInfo": "\u4eba\u5747\u6d88\u8d39\uff1a400HKD", "openTime": "\u5468\u4e00\u81f3\u5468\u65e518:00-02:00", "phoneNumber": "852-2315 3188", "description": "Felix\u9910\u5385\u4f4d\u4e8e\u534a\u5c9b\u9152\u5e9728\u697c\uff0c\u662f\u5c16\u6c99\u5480\u9996\u5c48\u4e00\u6307\u7684\u6d77\u666f\u9910\u5385\uff0c\u4e5f\u662f\u4e00\u76f4\u4ee5\u6765\u53d7\u4eba\u8ffd\u6367\u7684\u4e9a\u6d32\u6700\u4f73\u9910\u5385\u3002\u8bbe\u8ba1\u5e08\u662f\u9b3c\u624dPHILIPPE STARCK\uff0c\u8fd9\u4e2a\u559c\u6b22\u5728\u6905\u5b50\u4e0a\u641e\u602a\u7684\u8bbe\u8ba1\u5e08\u5438\u5f15\u773c\u7403\u7684\u7b2c\u4e00\u624b\u81ea\u7136\u662f\u9910\u5385\u7684\u6905\u5b50\u3002\u6bcf\u4e2a\u5706\u5f62\u7684\u9910\u6905\u4e0a\u90fd\u6709\u4e00\u5f20\u8138\uff0c\u6bcf\u5f20\u8138\u8ddf\u8fd9\u4e2a\u9910\u5385\u90fd\u6709\u4e0d\u5bfb\u5e38\u7684\u6545\u4e8b\u3002\u800c\u90a3\u4e2a\u4f20\u8bf4\u4e2d\u7684\u65e0\u654c\u6d77\u666f\u6d17\u624b\u95f4\u66f4\u662f\u4ee4\u6bcf\u4e00\u4e2a\u5230\u9910\u5385\u7684\u4eba\u60ca\u5947\u4e0d\u5df2\u3002\u6d17\u624b\u95f4\u4e24\u8fb9\u90fd\u662f\u5de8\u5927\u7684\u5f27\u5f62\u73bb\u7483\uff0c\u7537\u58eb\u53ef\u4ee5\u5bf9\u7740\u4e5d\u9f99\u7684\u9ad8\u697c\u5927\u53a6\u65b9\u4fbf\uff0c\u5973\u58eb\u5219\u53ef\u4ee5\u5bf9\u7740\u7ef4\u591a\u5229\u4e9a\u6e2f\u68b3\u5986\u3002\u6d17\u624b\u95f4\u7684\u5206\u9694\u5c45\u7136\u662f\u4e00\u5757\u5e95\u90e8\u900f\u660e\u7684\u78e8\u7802\u73bb\u7483\uff0c\u53ef\u4ee5\u770b\u5230\u8fdb\u5165\u6d17\u624b\u95f4\u7684\u4e00\u53cc\u811a\u6d88\u5931\u5728\u4e00\u7247\u6726\u80e7\u4e4b\u4e2d\u3002", "arriveMethod": "\u6e2f\u94c1\u5c16\u6c99\u5480\u7ad9F\u51fa\u53e3\u3002", "address": "\u5c16\u6c99\u5480\u68b3\u58eb\u5df4\u5229\u905319\u53f7\u534a\u5c9b\u9152\u5e9728\u697c"}');
INSERT INTO "city_picture" VALUES('56670928-2017-11e2-bc50-e4ce8f4b5244','felixcan-ting_1.jpg','/static/media/uploads/hongkong/felixcan-ting_1.jpg','','566610d7-2017-11e2-814d-e4ce8f4b5244','2012-10-27 09:18:58.045174+00:00');
INSERT INTO "city_picture" VALUES('5667b8e6-2017-11e2-a46f-e4ce8f4b5244','felixcan-ting_2.jpg','/static/media/uploads/hongkong/felixcan-ting_2.jpg','','566610d7-2017-11e2-814d-e4ce8f4b5244','2012-10-27 09:18:58.048922+00:00');
INSERT INTO "city_place" VALUES('5668b657-2017-11e2-a144-e4ce8f4b5244','凌霄阁','Ling Xiao Ge',1,8,'114.150028','22.271249','在东方之珠的最高点一睹其全景，不论白天的高楼丛林还是黑夜的闪烁灯海都是很极致的视觉享宴。',4,'{"ticketInfo": "\u6210\u4eba\u7968\u4ef7\uff1a20HKD##\u5c0f\u7ae5(3-11\u5c81)\u7968\u4ef7\uff1a10HKD##\u957f\u8005(65\u5c81\u6216\u4ee5\u4e0a)\u7968\u4ef7\uff1a10HKD", "openTime": "\u5468\u4e00\u81f3\u5468\u65e510:00-23:00", "phoneNumber": "852 2849 7654", "description": "\u51cc\u9704\u9601\uff08The Peak Tower\uff09\u662f\u9999\u6e2f\u7684\u4e00\u5ea7\u7279\u8272\u5efa\u7b51\uff0c\u4f4d\u4e8e\u9999\u6e2f\u5c9b\u626f\u65d7\u5c71\u4e0e\u6b4c\u8d4b\u5c71\u4e4b\u95f4\u7684\u7089\u5cf0\u5ce1\u4e0a\uff0c\u4ea6\u662f\u5c71\u9876\u7f06\u8f66\u7684\u7ec8\u70b9\u7ad9\uff0c\u5730\u5740\u4e3a\u5c71\u9876\u9053128\u53f7\u3002\u5b83\u5ea7\u843d\u4e8e\u6d77\u62d4396\u7c73\u9ad8\u4e4b\u5904\u800c\u975e\u5c71\u9876\u6700\u9ad8\u5904\uff0c\u8bbe\u8ba1\u7a81\u51fa\u5374\u4e0d\u7834\u574f\u5c71\u666f\u7ebf\u3002\u51cc\u9704\u9601\u6700\u9ad8\u5904\u8fbe\u6d77\u62d4428\u7c73\uff0c\u80fd\u4fef\u89c8\u7ef4\u591a\u5229\u4e9a\u6e2f\u4e24\u5cb8\u666f\u81f4\uff0c\u662f\u9999\u6e2f\u4e3b\u8981\u65c5\u6e38\u666f\u70b9\u4e4b\u4e00\u3002", "arriveMethod": "\u6e2f\u5c9b\u4e2d\u73af\u7ad9J2\u51fa\u53e3\uff0c\u6b65\u884c\u7ea615\u5206\u949f\u524d\u5f80\u82b1\u56ed\u9053\u7f06\u8f66\u7ad9\u6362\u4e58\u5c71\u9876\u7f06\u8f66", "address": "\u9999\u6e2f \u5c71\u9876\u9053128\u53f7"}');
INSERT INTO "city_picture" VALUES('5669c0b5-2017-11e2-86c8-e4ce8f4b5244','ling-xiao-ge_1.jpg','/static/media/uploads/hongkong/ling-xiao-ge_1.jpg','','5668b657-2017-11e2-a144-e4ce8f4b5244','2012-10-27 09:18:58.063037+00:00');
INSERT INTO "city_picture" VALUES('566a31ca-2017-11e2-87be-e4ce8f4b5244','ling-xiao-ge_2.jpg','/static/media/uploads/hongkong/ling-xiao-ge_2.jpg','','5668b657-2017-11e2-a144-e4ce8f4b5244','2012-10-27 09:18:58.065966+00:00');
INSERT INTO "city_picture" VALUES('566acb11-2017-11e2-a183-e4ce8f4b5244','ling-xiao-ge_3.jpg','/static/media/uploads/hongkong/ling-xiao-ge_3.jpg','','5668b657-2017-11e2-a144-e4ce8f4b5244','2012-10-27 09:18:58.069153+00:00');
INSERT INTO "city_place" VALUES('566b87dc-2017-11e2-a09b-e4ce8f4b5244','天一酒家','Tian Yi Jiu Jia',3,8,'114.149687','22.271276','如果白天天气晴好，夜晚月明星稀，那一定要来，令人惊叹的维港夜色全景足以让你忘记今夜吃的究竟是什么。',6,'{"ticketInfo": "\u4eba\u5747\u6d88\u8d39\uff1a400HKD", "openTime": "\u5468\u4e00\u81f3\u5468\u516d11:00-23:30##\u5468\u65e5\u53ca\u516c\u4f17\u5047\u65e509:00-23:00", "phoneNumber": "852-2907 3888", "description": "\u5929\u4e00\u9152\u5bb6\u4f4d\u4e8e\u51cc\u9704\u9601\u4e8c\u3001\u4e09\u697c\uff0c\u9664\u4e86\u5177\u6709\u5c45\u9ad8\u4e34\u4e0b\u3001\u4fef\u89c6\u7ef4\u6e2f\u7684\u597d\u89c6\u91ce\u5916\uff0c\u83dc\u8272\u65b9\u9762\u5219\u4ee5\u65b0\u6d3e\u7ca4\u83dc\u4e3a\u4e3b\u6253\uff0c\u8fd9\u91cc\u7684\u521b\u610f\u65b0\u83dc\u4e5f\u83b7\u5f97\u4e0d\u5c11\u98df\u5ba2\u7684\u79f0\u8d5e\u3002\u62db\u724c\u83dc\uff1a\u5357\u975e\u5341\u4e8c\u5934\u4e7e\u9c8d\u9c7c\u3001\u9ad8\u6c64\u91d1\u5c71\u52fe\u5927\u751f\u7fc5\u3001\u9ed1\u6912\u5e26\u5b50\u5b89\u683c\u65af\u725b\u67f3\u7c92\u3001\u6e14\u73e0\u6620\u6708\u3002", "arriveMethod": "\u6e2f\u5c9b\u4e2d\u73af\u7ad9J2\u51fa\u53e3\uff0c\u6b65\u884c\u7ea615\u5206\u949f\u524d\u5f80\u82b1\u56ed\u9053\u7f06\u8f66\u7ad9\u6362\u4e58\u5c71\u9876\u7f06\u8f66", "address": "\u9999\u6e2f\u5c71\u9876\u9053101\u53f7\u51cc\u9704\u9601\u5c71\u9876\u9053101\u53f7"}');
INSERT INTO "city_picture" VALUES('566c8a9c-2017-11e2-b56b-e4ce8f4b5244','tian-[?]-jiu-jia_1.jpg','/static/media/uploads/hongkong/tian-[?]-jiu-jia_1.jpg','','566b87dc-2017-11e2-a09b-e4ce8f4b5244','2012-10-27 09:18:58.081436+00:00');
INSERT INTO "city_picture" VALUES('566ceed7-2017-11e2-9afc-e4ce8f4b5244','tian-[?]-jiu-jia_2.jpg','/static/media/uploads/hongkong/tian-[?]-jiu-jia_2.jpg','','566b87dc-2017-11e2-a09b-e4ce8f4b5244','2012-10-27 09:18:58.084062+00:00');
INSERT INTO "city_place" VALUES('566ddfa8-2017-11e2-8445-e4ce8f4b5244','昂坪360缆车','Ang Ping 360 Lan Che',1,8,'113.901390','22.256258','乘坐“飞”一般缆车，在大屿山展开360°海陆空之旅!',3,'{"website": "www.np360.com.hk", "ticketInfo": "\u6210\u4eba: 145HKD##\u5c0f\u7ae5: 75HKD##\u5b66\u751f\u53ca\u957f\u8005: 108HKD", "openTime": "\u5468\u4e00\u81f3\u5468\u65e510:00-18:00", "phoneNumber": "852-2109 9898", "description": "\u6602\u576a360\u662f\u4e00\u6761\u7f06\u8f66\u8def\u7ebf\uff0c\u662f\u4e16\u754c\u4e0a\u89c4\u6a21\u6700\u5927\u7684\u540a\u8f66\u7cfb\u7edf\u3002\u6709\u522b\u4e8e\u4e00\u822c\u7684\u7f06\u8f66\uff0c\u6602\u576a360\u7684\u8bbe\u8ba1\u5206\u6210\u4e09\u6bb5\uff0c\u9700\u8981\u62d0\u5f2f\u4e24\u6b21\u3002\u7f06\u8f66\u5b9a\u7ebf\u7531\u5750\u843d\u4e8e\u4e1c\u6d8c\u7684\u540a\u8f66\u7ad9\u5f00\u59cb\uff0c\u9996\u5148\u8de8\u8fc7\u4e1c\u6d8c\u6e7e\u5230\u8fbe\u8d64\u814a\u89d2\u7684\u8f6c\u5411\u7ad9\uff0c\u7136\u540e\u8f6c\u541160\u5ea6\u5411\u5317\u5927\u5c7f\u5c71\u90ca\u91ce\u516c\u56ed\u5185\u7684\u5f25\u52d2\u5c71\u5c71\u5761\u6500\u5347\uff0c\u518d\u4e8e\u5f25\u52d2\u5c71\u5c71\u8170\u7684\u8f6c\u5411\u7ad9\u518d\u8f6c\u5411\uff0c\u6700\u540e\u62b5\u8fbe\u4f4d\u4e8e\u6602\u576a\u7684\u7f06\u8f66\u7ad9\u3002\u4e58\u5ba2\u53ef\u5728\u540a\u8f66\u5185360\u5ea6\u89c2\u8d4f\u5927\u5c7f\u5c71\u98ce\u666f\u3002", "arriveMethod": "\u5730\u94c1\u4e1c\u6d8c\u7ebf", "address": "\u9999\u6e2f\u5927\u5c7f\u5c71\u5b9d\u6602\u8def"}');
INSERT INTO "city_picture" VALUES('566fcf99-2017-11e2-97dd-e4ce8f4b5244','ang-ping-360lan-che_1.jpg','/static/media/uploads/hongkong/ang-ping-360lan-che_1.jpg','','566ddfa8-2017-11e2-8445-e4ce8f4b5244','2012-10-27 09:18:58.102060+00:00');
INSERT INTO "city_picture" VALUES('567055f0-2017-11e2-a7eb-e4ce8f4b5244','ang-ping-360lan-che_2.jpg','/static/media/uploads/hongkong/ang-ping-360lan-che_2.jpg','','566ddfa8-2017-11e2-8445-e4ce8f4b5244','2012-10-27 09:18:58.106066+00:00');
INSERT INTO "city_place" VALUES('5671250a-2017-11e2-ae94-e4ce8f4b5244','香港太空馆','Xiang Gang Tai Kong Guan',1,8,'114.171869','22.294422','看震撼的天象厅电影、玩有趣的手动项目、试试模拟飞翔，寓教于乐的好地方。',3,'{"ticketInfo": "\u6210\u4eba: 10HKD##\u5b66\u751f\u53ca\u8001\u4eba: 5HKD##\u9022\u5468\u4e09: 0HKD", "openTime": "\u661f\u671f\u4e00\u3001\u4e09\u3001\u56db\u3001\u4e9413:00-21:00##\u661f\u671f\u516d\u3001\u65e5\u53ca\u516c\u4f17\u5047\u671f10:00-21:00##\u9022\u5468\u4e8c\uff08\u516c\u4f17\u5047\u671f\u9664\u5916\uff09\u3001\u519c\u5386\u65b0\u5e74\u5e74\u521d\u4e00\u53ca\u521d\u4e8c\u4f11\u9986##\u5723\u8bde\u524d\u5915\u53ca\u519c\u5386\u65b0\u5e74\u9664\u5915\u63d0\u524d\u4e8e\u4e0b\u53485\u65f6\u4f11\u9986", "phoneNumber": "852-2721 0226", "description": "\u9999\u6e2f\u592a\u7a7a\u9986\u662f\u4e9a\u6d32\u8457\u540d\u7684\u5929\u6587\u9986\u4e4b\u4e00\uff0c\u4f4d\u4e8e\u9999\u6e2f\u4e5d\u9f99\u534a\u5c9b\u5c16\u6c99\u5480\u30021977\u5e74\u52a8\u5de5\u5174\u5efa\uff0c1980\u5e74\u5efa\u6210\uff0c\u5360\u5730\u7ea68000\u5e73\u65b9\u7c73\u3002\u8be5\u9986\u5206\u4e3a\u4e1c\u897f\u4e24\u4fa7\uff0c\u4e1c\u4fa7\u5916\u5f62\u4f3c\u4e00\u9897\u5de8\u5927\u7684\u86cb\uff0c\u5185\u8bbe\u5929\u8c61\u5385\u548c\u5c55\u89c8\u5385\uff1b\u897f\u4fa7\u4e3a\u592a\u9633\u79d1\u5b66\u3002\u5929\u8c61\u5385\u5929\u5e55\u76f4\u5f8423\u7c73\uff0c\u8bbe\u5ea7\u4f4d316\u4e2a\uff0c\u662f\u4e16\u754c\u4e0a\u6700\u5927\u7684\u5929\u8c61\u5385\u4e4b\u4e00\u3002\u661f\u8c61\u6295\u6620\u4eea\u80fd\u5c06\u5929\u7a7a\u4e2d\u5305\u62ec\u592a\u9633\u5728\u5185\u76848000\u591a\u9897\u6052\u661f\u3001\u6708\u4eae\u53ca\u91d1\u6728\u6c34\u706b\u571f\u4e94\u5927\u884c\u661f\u6295\u5c04\u5230\u5929\u5e55\u4e0a\u3002\u8be5\u5385\u8fd8\u914d\u5907\u975e\u5e38\u65b0\u9896\u7684\u5168\u5929\u57df\u653e\u6620\u673a\uff0c\u4e3a\u4e9a\u6d32\u6700\u5148\u4f7f\u7528\u3002\u5385\u5185\u7684\u516d\u58f0\u9053\u97f3\u54cd\u7cfb\u7edf\uff0c\u6709\u51e0\u5341\u7ec4\u626c\u58f0\u5668\uff0c\u6548\u679c\u6781\u4f73\u3002", "arriveMethod": "\u6e2f\u94c1\u5c16\u6c99\u5480\u7ad9F\u51fa\u53e3", "address": "\u9999\u6e2f\u4e5d\u9f99\u5c16\u6c99\u5480\u68b3\u58eb\u5df4\u5229\u905310\u53f7"}');
INSERT INTO "city_picture" VALUES('567251d4-2017-11e2-ac72-e4ce8f4b5244','xiang-gang-tai-kong-guan_1.jpg','/static/media/uploads/hongkong/xiang-gang-tai-kong-guan_1.jpg','','5671250a-2017-11e2-ae94-e4ce8f4b5244','2012-10-27 09:18:58.118963+00:00');
INSERT INTO "city_place" VALUES('5673bbe6-2017-11e2-9197-e4ce8f4b5244','跑马地赛马场','Pao Ma Di Sai Ma Chang',8,8,'114.180667','22.274426','随着马匹的竞跑而呐喊呼叫，令人兴奋莫名，尤其是夜间赛马，嘶叫声欢呼声划破长空，无比刺激。',6,'{"ticketInfo": "\u514d\u8d39", "openTime": "\u9664\u5468\u4e00\u53ca\u65b0\u5e74\u4f11\u9986\u5916, \u5168\u5e74\u5f00\u653e\u3002##\u65e5\u95f4\u8d5b\u4e8b10:00-17:00##\u591c\u573a\u8d5b\u4e8b19:15\u81f323:00", "description": "\u8dd1\u9a6c\u5730\u8d5b\u9a6c\u573a\u4f4d\u4e8e\u9999\u6e2f\u6e7e\u4ed4\u53ca\u94dc\u9523\u6e7e\u7684\u4e4b\u95f4\uff0c\u591c\u8272\u7480\u74a8\uff0c\u666f\u8272\u8ff7\u4eba\uff0c\u662f\u5168\u7403\u5c11\u6570\u7684\u5e02\u533a\u9a6c\u573a\uff0c\u53ef\u5bb9\u7eb3\u8d85\u8fc7\u4e94\u4e07\u4e94\u5343\u4f4d\u89c2\u4f17\uff0c\u662f\u89c2\u8d4f\u591c\u8d5b\u7684\u5fc5\u7136\u9009\u62e9\u3002\u9999\u6e2f\u7b2c\u4e00\u4e2a\u8d5b\u9a6c\u573a\u5c31\u662f\u5728\u6b64\u5174\u5efa\u3002\u8dd1\u9a6c\u5730\u7684\u8d5b\u9a6c\u573a\u5730\uff0c\u7531\u4e00\u7247\u6cbc\u6cfd\u5730\u586b\u5e73\u800c\u6765\u3002\u7b2c\u4e00\u573a\u8d5b\u9a6c\u65e9\u57281846\u5e74\u4e3e\u884c\uff0c\u4ee5\u540e\u6bcf\u5e74\u90fd\u7ee7\u7eed\u4e3e\u529e\uff0c\u4e00\u76f4\u5230\u4eca\u65e5\uff0c\u800c\u591c\u95f4\u8d5b\u9a6c\u5219\u662f1973\u5e74\u624d\u5f00\u59cb\u3002", "arriveMethod": "\u6e2f\u94c1\u94dc\u9523\u6e7e\u7ad9A\u51fa\u53e3\uff0c\u6cbf\u9ec4\u6ce5\u752c\u9053\u6b65\u884c\u7ea620\u5206\u949f\u5373\u53ef\u5230\u8fbe", "address": "\u9999\u6e2f\u8dd1\u99ac\u5730\u9ec3\u6ce5\u6d8c\u9053"}');
INSERT INTO "city_picture" VALUES('56753d4a-2017-11e2-97a2-e4ce8f4b5244','pao-ma-di-sai-ma-chang_1.jpg','/static/media/uploads/hongkong/pao-ma-di-sai-ma-chang_1.jpg','','5673bbe6-2017-11e2-9197-e4ce8f4b5244','2012-10-27 09:18:58.137545+00:00');
INSERT INTO "city_place" VALUES('5676a2fd-2017-11e2-8085-e4ce8f4b5244','半山自动扶梯','Ban Shan Zi Dong Fu Ti',1,8,'114.162849','22.280963','这是全球最大的自动扶梯，百年历史的旧中区警署、酒吧与餐厅林立的苏豪区和夜店成排的兰桂坊都在其沿线。',8,'{"ticketInfo": "\u514d\u8d39", "openTime": "6:00-10:00\u4e0b\u884c\uff0c10:20-00:00\u4e0a\u884c", "description": "\u534a\u5c71\u81ea\u52a8\u6276\u68af\u662f\u7528\u4e8e\u4ece\u9999\u6e2f\u4e2d\u73af\u5230\u534a\u5c71\u533a\u884c\u4eba\u7684\u901a\u9053\u7cfb\u7edf\u3002\u81ea\u52a8\u6276\u68af\u957f\u8fbe800\u7c73\uff0c\u7531\u884c\u4eba\u9053\u3001\u5929\u6865\u300120\u6761\u53ef\u4ee5\u8f6c\u6362\u4e0a\u4e0b\u65b9\u5411\u7684\u5355\u5411\u81ea\u52a8\u6276\u624b\u7535\u68af\u548c3\u6761\u81ea\u52a8\u4eba\u884c\u9053\u6240\u7ec4\u6210\u3002\u534a\u5c71\u81ea\u52a8\u6276\u68af\u901a\u9053\u7cfb\u7edf\u662f\u4ee5\u8fde\u63a5\u4e2d\u533a\u884c\u4eba\u5929\u6865\u7cfb\u7edf\u7684\u6052\u751f\u94f6\u884c\u7684\u603b\u884c\u5927\u53a6\u4e3a\u8d77\u70b9\u7684\uff0c\u8def\u7ecf\u4e2d\u73af\u8857\u5e02\u3001\u6bd5\u5229\u8857\u3001\u8377\u674e\u6d3b\u9053\u7b49\u3002", "arriveMethod": "\u5730\u94c1\u5730\u94c1\u4e2d\u73af\u7ad9\u516c\u4ea43\u53f7\u5c0f\u5df4", "address": "\u9999\u6e2f\u5c9b\u4e2d\u897f\u533a\u5e72\u8bfa\u9053"}');
INSERT INTO "city_picture" VALUES('56783b1c-2017-11e2-9864-e4ce8f4b5244','ban-shan-zi-dong-fu-ti_1.jpg','/static/media/uploads/hongkong/ban-shan-zi-dong-fu-ti_1.jpg','','5676a2fd-2017-11e2-8085-e4ce8f4b5244','2012-10-27 09:18:58.156949+00:00');
INSERT INTO "city_picture" VALUES('5678b7ae-2017-11e2-84fb-e4ce8f4b5244','ban-shan-zi-dong-fu-ti_2.jpg','/static/media/uploads/hongkong/ban-shan-zi-dong-fu-ti_2.jpg','','5676a2fd-2017-11e2-8085-e4ce8f4b5244','2012-10-27 09:18:58.161044+00:00');
INSERT INTO "city_place" VALUES('5679bec2-2017-11e2-8fb7-e4ce8f4b5244','香港体育馆(红馆)','Xiang Gang Ti Yu Guan (Hong Guan )',8,8,'114.181896','22.301269','在红馆48港币就能买到握手位的票，这价钱在大陆只能买山顶票，连男女都看不清！并且这里天天都有演唱会。',4,'{"openTime": "10:00-18:30", "description": "\u9999\u6e2f\u4f53\u80b2\u9986\uff08\u4ea6\u79f0\u7ea2\u78e1\u4f53\u80b2\u9986\uff0c\u7b80\u79f0\u7ea2\u9986\uff09\u662f\u9999\u6e2f\u7684\u7efc\u5408\u5ba4\u5185\u591a\u7528\u9014\u8868\u6f14\u573a\u9986\uff0c\u4f4d\u4e8e\u4e5d\u9f99\u6cb9\u5c16\u65fa\u533a\u7ea2\u78e1\u7545\u8fd0\u90539\u53f7\u3001\u6e2f\u94c1\u7ea2\u78e1\u7ad9\u5e73\u53f0\u4e0a\uff0c1983\u5e744\u670827\u65e5\u5f00\u5e55\uff0c\u73b0\u65f6\u7531\u5eb7\u4e50\u53ca\u6587\u5316\u4e8b\u52a1\u7f72\u7ba1\u7406\u3002\u9999\u6e2f\u4f53\u80b2\u9986\u5916\u5f62\u4e0a\u9614\u4e0b\u7a84\u50cf\u4e00\u9897\u94bb\u77f3\u6216\u5012\u8f6c\u7684\u91d1\u5b57\u5854\uff0c\u5168\u9986\u8bbe\u6709\u7a7a\u6c14\u8c03\u8282\uff0c\u5185\u91cc\u8bbe\u670912,500\u4e2a\u5ea7\u4f4d\uff0c\u573a\u5185\u5e76\u65e0\u4efb\u4f55\u652f\u67f1\u3002\u9999\u6e2f\u4f53\u80b2\u9986\u867d\u4ee5\u201c\u4f53\u80b2\u9986\u201d\u547d\u540d\uff0c\u5b9e\u9645\u4e0a\u53ea\u6709\u5f88\u5c11\u4f53\u80b2\u6d3b\u52a8\u5728\u8fd9\u91cc\u4e3e\u884c\uff0c\u5374\u7ecf\u5e38\u6709\u4e0d\u5c11\u6b4c\u661f\u4e3e\u884c\u6f14\u5531\u4f1a\uff0c\u56e0\u5176\u5ea7\u4f4d\u4e4b\u591a\u5728\u9999\u6e2f\u79f0\u5f97\u4e0a\u6570\u4e00\u6570\u4e8c\uff0c\u66f4\u662f\u5c11\u6570\u53ef\u4ee5\u5f00\u8bbe\u56db\u9762\u53f0\u7684\u573a\u5730\uff0c\u6545\u9999\u6e2f\u5927\u90e8\u5206\u6b4c\u624b\u90fd\u4ee5\u5728\u4f53\u80b2\u9986\u4e3e\u884c\u4e2a\u4eba\u6f14\u5531\u4f1a\u4e3a\u8363\u3002\u8bb8\u51a0\u6770\u662f\u9996\u4f4d\u5728\u9999\u6e2f\u4f53\u80b2\u9986\u5f00\u6f14\u5531\u4f1a\u7684\u6b4c\u624b\uff0c\u800c\u65e0\u7ebf\u7535\u89c6\u81ea\u5236\u7684\u5927\u578b\u7efc\u827a\u8282\u76ee\u300a\u9999\u6e2f\u5c0f\u59d0\u7ade\u9009\u300b\u6d3b\u52a8\u4e5f\u66fe\u5728\u6b64\u5904\u4e3e\u884c\u3002", "address": "\u9999\u6e2f\u4e5d\u9f99\u6cb9\u5c16\u65fa\u533a\u7ea2\u78e1\u7545\u8fd0\u90539\u53f7"}');
INSERT INTO "city_picture" VALUES('567b2e9e-2017-11e2-ae33-e4ce8f4b5244','xiang-gang-ti-yu-guan-(hong-guan-)_1.jpg','/static/media/uploads/hongkong/xiang-gang-ti-yu-guan-(hong-guan-)_1.jpg','','5679bec2-2017-11e2-8fb7-e4ce8f4b5244','2012-10-27 09:18:58.176447+00:00');
INSERT INTO "city_picture" VALUES('567bd861-2017-11e2-b3a8-e4ce8f4b5244','xiang-gang-ti-yu-guan-(hong-guan-)_2.jpg','/static/media/uploads/hongkong/xiang-gang-ti-yu-guan-(hong-guan-)_2.jpg','','5679bec2-2017-11e2-8fb7-e4ce8f4b5244','2012-10-27 09:18:58.180842+00:00');
INSERT INTO "city_place" VALUES('567cf2b0-2017-11e2-83dc-e4ce8f4b5244','长洲','Chang Zhou',1,8,'114.018299','22.200088','看海晒太阳，远离烦嚣适合生活的小村落，像是香港外的另一个世界。',3,'{"ticketInfo": "\u514d\u8d39", "openTime": "\u5168\u5929", "phoneNumber": "852-2508 1234", "description": "\u957f\u6d32\u4f4d\u4e8e\u9999\u6e2f\u5c9b\u4e4b\u897f\u5357\u6d77\u57df\uff0c\u9762\u79ef\u7ea63\u5e73\u65b9\u516c\u91cc\uff0c\u4eba\u53e3\uff08\u8fde\u6e14\u6c11\u6d41\u52a8\u4eba\u53e3\uff09\u867d\u53ea\u67093\u81f34\u4e07\u4eba\uff0c\u5374\u4e3a\u672c\u6e2f\u5404\u79bb\u5c9b\u4e4b\u51a0\u3002\u5c9b\u6c11\u5927\u90e8\u4efd\u4e16\u4ee3\u800c\u5c45\uff0c\u6545\u76f8\u5904\u878d\u6d3d\u3001\u6c11\u98ce\u7b80\u6734\u3001\u4e92\u52a9\u53cb\u7231\u3002\u957f\u6d32\u662f\u4e2a\u65e0\u70df\u5c0f\u5c9b\uff0c\u7531\u4e8e\u5f62\u72b6\u6bd4\u8f83\u5927\uff0c\u4e2d\u90e8\u8f83\u7a84\u8f83\u957f\uff0c\u800c\u4e14\u5f62\u72b6\u6709\u70b9\u50cf\u54d1\u94c3\uff0c\u6240\u4ee5\u957f\u6d32\u88ab\u79f0\u4e4b\u4e3a\u54d1\u94c3\u5c9b\u3002\u987a\u7740\u8fd9\u6837\u7684\u4f18\u52bf\uff0c\u806a\u660e\u7684\u6e14\u6c11\u4eec\u5c06\u6e2f\u6e7e\u53d1\u5c55\u6210\u4e3a\u4e86\u6e14\u6e2f\u3001\u7801\u5934\u7b49\uff0c\u751a\u81f3\u6210\u4e3a\u4e86\u6d77\u5916\u7684\u4e1c\u6e7e\u6cf3\u6ee9\u3002", "arriveMethod": "\u4ece\u9999\u6e2f\u4e2d\u73af5\u53f7\u7801\u5934\u5750\u5feb\u8239\u53bb\u957f\u6d32\u5c9b\uff0c\u8239\u7a0b\u7ea630\u5206\u949f\u81f31\u5c0f\u65f6", "address": "\u9999\u6e2f\u957f\u6d32"}');
INSERT INTO "city_picture" VALUES('567e5aae-2017-11e2-b3a0-e4ce8f4b5244','chang-zhou_1.jpg','/static/media/uploads/hongkong/chang-zhou_1.jpg','','567cf2b0-2017-11e2-83dc-e4ce8f4b5244','2012-10-27 09:18:58.197282+00:00');
INSERT INTO "city_picture" VALUES('567efe35-2017-11e2-bb36-e4ce8f4b5244','chang-zhou_2.jpg','/static/media/uploads/hongkong/chang-zhou_2.jpg','','567cf2b0-2017-11e2-83dc-e4ce8f4b5244','2012-10-27 09:18:58.201307+00:00');
INSERT INTO "city_picture" VALUES('567fbc66-2017-11e2-b1fa-e4ce8f4b5244','chang-zhou_3.jpg','/static/media/uploads/hongkong/chang-zhou_3.jpg','','567cf2b0-2017-11e2-83dc-e4ce8f4b5244','2012-10-27 09:18:58.206351+00:00');
INSERT INTO "city_place" VALUES('5680834c-2017-11e2-930f-e4ce8f4b5244','南丫岛','Nan Ya Dao',1,8,'114.145720','22.208971','岛上一间卖豆花的小店开了几十年，店主每日坐在店里，连姿势也不曾换过，可想而知满岛的安逸味道。',3,'{"website": "\u6e2f\u4e5d\u5c0f\u8f6e\u6e21\u73ed\u8f66\u67e5\u8be2www.hkkf.com.hk", "ticketInfo": "\u6210\u4eba: 60HKD##\u513f\u7ae5\u53ca\u957f\u8005: 50HKD", "openTime": "\u5168\u5929", "description": "\u5357\u4e2b\u5c9b\u662f\u9999\u6e2f\u5883\u5185\u7684\u7b2c\u4e09\u5927\u5c9b\u5c7f\uff0c\u9762\u79ef\u4ec5\u6b21\u4e8e\u5927\u5c7f\u5c71\u548c\u9999\u6e2f\u5c9b\u3002\u5357\u4e2b\u5c9b\u4e5f\u53eb\u505a\u535a\u5bee\u6d32\uff0c\u884c\u653f\u4e0a\u5c5e\u4e8e\u9999\u6e2f\u5341\u516b\u533a\u4e4b\u4e2d\u7684\u79bb\u5c9b\u533a\u3002\u7531\u4e8e\u9760\u8fd1\u5e02\u533a\uff0c\u5357\u4e2b\u5c9b\u4fbf\u6210\u4e86\u5468\u672b\u60a0\u95f2\u7684\u80dc\u5730\u3002\u4ece\u70e6\u56a3\u7684\u9999\u6e2f\u5c9b\u5e02\u533a\u51fa\u53d1\uff0c\u53ea\u9700\u534a\u5c0f\u65f6\u8239\u7a0b\uff0c\u4fbf\u53ef\u5230\u8fbe\u3002\u5c9b\u4e0a\u4e2d\u897f\u6587\u5316\u4ea4\u878d\uff0c\u6d0b\u6ea2\u7740\u6d53\u539a\u7684\u827a\u672f\u6c14\u606f\u3002\u6e05\u65b0\u7684\u7a7a\u6c14\uff0c\u4f18\u7f8e\u7684\u6d77\u5cb8\u98ce\u5149\uff0c\u7f8e\u5473\u7684\u6d77\u9c9c\u7f8e\u98df\uff0c\u5438\u5f15\u4e86\u4e0d\u5c11\u6e38\u4eba\u5230\u6b64\u90ca\u6e38\u8fdc\u8db3\uff0c\u4e3a\u8fd9\u5c0f\u5c9b\u589e\u6dfb\u4e86\u8ff7\u4eba\u7684\u7f24\u7eb7\u8272\u5f69\u3002", "arriveMethod": "\u4e2d\u73af4\u53f7\u7801\u5934\uff08\u6e2f\u94c1\u9999\u6e2f\u7ad9E1\u51fa\u53e3\uff09\uff0c\u4e58\u642d\u6e2f\u4e5d\u5c0f\u8f6e\u524d\u5f80", "address": "\u9999\u6e2f\u5357\u4e2b\u5c9b"}');
INSERT INTO "city_picture" VALUES('56820fa3-2017-11e2-9741-e4ce8f4b5244','nan-ya-dao_1.jpg','/static/media/uploads/hongkong/nan-ya-dao_1.jpg','','5680834c-2017-11e2-930f-e4ce8f4b5244','2012-10-27 09:18:58.221596+00:00');
INSERT INTO "city_picture" VALUES('5682b44a-2017-11e2-ba51-e4ce8f4b5244','nan-ya-dao_2.jpg','/static/media/uploads/hongkong/nan-ya-dao_2.jpg','','5680834c-2017-11e2-930f-e4ce8f4b5244','2012-10-27 09:18:58.225842+00:00');
INSERT INTO "city_place" VALUES('5683c7a1-2017-11e2-9938-e4ce8f4b5244','大屿山','Da Yu Shan',1,8,'113.940582','22.270670','大屿山可以玩的地方很多，看大佛、吃斋菜、吃海鲜、玩迪士尼，如果不跟团，那乘坐那种全透明的缆车是首选。',3,'{"ticketInfo": "\u5e73\u65e5\u6210\u4eba295HKD\u3001\u5c0f\u5b69\uff083\u81f311\u5c81\uff09210HKD\u3001\u8001\u4eba\uff0865\u5c81\u6216\u4ee5\u4e0a\uff09170HKD##\u5468\u672b\u4e0e\u8282\u5047\u65e5\u6210\u4eba350HKD\u3001\u5c0f\u5b69\uff083\u81f311\u5c81\uff09250HKD\u3001\u8001\u4eba\uff0865\u5c81\u6216\u4ee5\u4e0a\uff09200HKD", "openTime": "\u5168\u5929", "description": "\u5927\u5c7f\u5c71\u603b\u9762\u79ef\u8fbe146.75\u5e73\u65b9\u516c\u91cc\uff0c\u662f\u9999\u6e2f\u6700\u5927\u7684\u5c9b\u5c7f\uff0c\u4f4d\u5904\u9999\u6e2f\u897f\u5357\u9762\uff0c\u5728\u73e0\u6c5f\u4e09\u89d2\u6d32\u53e3\u3002\u5728\u5927\u5c7f\u5c71\u4e2d\u90e8\u7684\u5c71\u8c37\uff0c\u6709\u6602\u576a\u5e02\u96c6\u3001\u5b9d\u83b2\u7985\u5bfa\u3001\u5929\u575b\u5927\u4f5b\u7b49\u8457\u540d\u666f\u70b9\u3002\u5728\u5927\u5c7f\u5c71\u897f\u5317\u9762\u6709\u4e00\u4e2a\u5b81\u9759\u7684\u5c0f\u6e14\u6e2f\uff0c\u62e5\u6709\u4f20\u7edf\u6e14\u6c11\u5c45\u4f4f\u7684\u6c34\u4e0a\u68da\u5c4b\uff0c\u7d20\u6709\u201c\u4e1c\u65b9\u5a01\u5c3c\u65af\u201d\u4e4b\u79f0\u3002\u81f3\u4eca\u4ecd\u4fdd\u5b58\u7740\u53e4\u6734\u7684\u6e14\u6751\u98ce\u8c8c\u3002", "arriveMethod": "\u4e2d\u73af6\u53f7\u7801\u5934\uff08\u6e2f\u94c1\u9999\u6e2f\u7ad9E1\u51fa\u53e3\uff09\uff0c\u642d\u4e58\u5f80\u6885\u7a9d\u7684\u65b0\u6e21\u8f6e\uff0c\u518d\u4e8e\u7801\u5934\u8f6c\u4e581\u53f7\u5df4\u58eb\u524d\u5f80\u3002##\u6e2f\u94c1\u4e1c\u6d8c\u7ebf\u4e1c\u6d8c\u7ad9B\u51fa\u53e3\uff0c\u4e8e\u4e1c\u6d8c\u5e02\u4e2d\u5fc3\u8f6c\u4e5811\u53f7\u5df4\u58eb", "address": "\u9999\u6e2f\u5927\u5c7f\u5c71"}');
INSERT INTO "city_picture" VALUES('56859ba3-2017-11e2-b581-e4ce8f4b5244','da-yu-shan_1.jpg','/static/media/uploads/hongkong/da-yu-shan_1.jpg','','5683c7a1-2017-11e2-9938-e4ce8f4b5244','2012-10-27 09:18:58.244560+00:00');
INSERT INTO "city_picture" VALUES('56864180-2017-11e2-b8c1-e4ce8f4b5244','da-yu-shan_2.jpg','/static/media/uploads/hongkong/da-yu-shan_2.jpg','','5683c7a1-2017-11e2-9938-e4ce8f4b5244','2012-10-27 09:18:58.249126+00:00');
INSERT INTO "city_place" VALUES('56873947-2017-11e2-90ec-e4ce8f4b5244','赤柱','Chi Zhu',5,8,'114.216614','22.216887','复古建筑、欧式街道、典雅餐厅，发呆散步吹海风，面对大海的小资情调。',8,'{"ticketInfo": "\u514d\u8d39", "openTime": "\u5168\u5929", "description": "\u8d64\u67f1\u662f\u6e2f\u5c9b\u5357\u7aef\u7684\u4e00\u4e2a\u666f\u8272\u79c0\u4e3d\u5c0f\u9547\uff0c\u4f4d\u4e8e\u6d45\u6c34\u6e7e\u7684\u4e1c\u65b9\uff0c\u77f3\u6fb3\u7684\u897f\u65b9\uff0c\u662f\u9999\u6e2f\u8457\u540d\u7684\u65c5\u6e38\u666f\u70b9\u3002\u8d64\u67f1\u6700\u5927\u7684\u7279\u8272\u83ab\u8fc7\u4e8e\u90a3\u79cd\u5145\u6ee1\u53e4\u8272\u53e4\u9999\u548c\u4e2d\u897f\u6587\u5316\u878d\u6d3d\u7684\u98ce\u683c\uff0c\u90a3\u91cc\u6709\u9633\u5149\u6d77\u6ee9\u3001\u72ec\u7279\u7684\u5efa\u7b51\u548c\u8d2d\u7269\u996e\u98df\u4e2d\u5fc3\uff0c\u662f\u4e00\u4e2a\u89c2\u5149\u6d88\u95f2\u7684\u597d\u53bb\u5904\u3002\u8d64\u67f1\u4e0d\u5355\u5438\u5f15\u6e38\u5ba2\u6765\u5230\u6b64\u8d2d\u7269\uff0c\u800c\u4e14\u672c\u5730\u4eba\u4e5f\u7ecf\u5e38\u5230\u8fd9\u91cc\u3002\u8d64\u67f1\u5546\u94fa\u6709\u5927\u91cf\u7684\u4e1d\u8d28\u8863\u670d\u3001\u8fd0\u52a8\u8863\u53ca\u725b\u4ed4\u88e4\uff0c\u66f4\u6709\u5f88\u591a\u52a0\u5927\u7801\u7684\u8863\u670d\uff0c\u9002\u5408\u5916\u56fd\u4eba\u7a7f\u7740\u3002\u90a3\u91cc\u8fd8\u6709\u5f88\u591a\u9152\u5427\u548c\u9910\u5385\uff0c\u5750\u5728\u6d77\u6ee9\u4e00\u8fb9\u559d\u9152\u4e00\u8fb9\u770b\u98ce\u666f\uff0c\u662f\u5341\u5206\u60ec\u610f\u7684\u3002", "arriveMethod": "\u5728\u6e2f\u94c1\u4e2d\u73af\u7ad9, \u5750\u5927\u5df46/6a/6x/66/260", "address": "\u9999\u6e2f\u8d64\u67f1"}');
INSERT INTO "city_picture" VALUES('5689321e-2017-11e2-99b1-e4ce8f4b5244','chi-zhu_1.jpg','/static/media/uploads/hongkong/chi-zhu_1.jpg','','56873947-2017-11e2-90ec-e4ce8f4b5244','2012-10-27 09:18:58.269068+00:00');
INSERT INTO "city_picture" VALUES('5689aa97-2017-11e2-bad0-e4ce8f4b5244','chi-zhu_2.jpg','/static/media/uploads/hongkong/chi-zhu_2.jpg','','56873947-2017-11e2-90ec-e4ce8f4b5244','2012-10-27 09:18:58.272073+00:00');
INSERT INTO "city_picture" VALUES('568a64c2-2017-11e2-abcb-e4ce8f4b5244','chi-zhu_3.jpg','/static/media/uploads/hongkong/chi-zhu_3.jpg','','56873947-2017-11e2-90ec-e4ce8f4b5244','2012-10-27 09:18:58.276197+00:00');
COMMIT;