BEGIN;
CREATE TABLE "city_area" (
    "id" integer NOT NULL PRIMARY KEY,
    "zh_name" varchar(50) NOT NULL UNIQUE,
    "en_name" varchar(50) NOT NULL UNIQUE,
    "cover_pic" varchar(100) NOT NULL,
    "create_at" datetime NOT NULL
)
;
CREATE TABLE "city_topic" (
    "id" varchar(36) NOT NULL PRIMARY KEY,
    "name" varchar(50) NOT NULL,
    "desc" varchar(255) NOT NULL,
    "in_area_id" integer NOT NULL REFERENCES "city_area" ("id"),
    "weight" smallint NOT NULL
)
;
CREATE TABLE "city_place_in_topics" (
    "id" integer NOT NULL PRIMARY KEY,
    "place_id" varchar(36) NOT NULL,
    "topic_id" varchar(36) NOT NULL REFERENCES "city_topic" ("id"),
    UNIQUE ("place_id", "topic_id")
)
;
CREATE TABLE "city_place" (
    "id" varchar(36) NOT NULL PRIMARY KEY,
    "zh_name" varchar(50) NOT NULL,
    "en_name" varchar(100) NOT NULL,
    "category" smallint NOT NULL,
    "in_area_id" integer NOT NULL REFERENCES "city_area" ("id"),
    "longitude" varchar(20) NOT NULL,
    "latitude" varchar(20) NOT NULL,
    "short_desc" varchar(100) NOT NULL,
    "fit_time" smallint NOT NULL,
    "info" text NOT NULL
)
;
CREATE TABLE "city_picture" (
    "id" varchar(36) NOT NULL PRIMARY KEY,
    "file_name" varchar(50) NOT NULL,
    "url" varchar(200) NOT NULL,
    "desc" varchar(255) NOT NULL,
    "in_place_id" varchar(36) NOT NULL REFERENCES "city_place" ("id"),
    "create_at" datetime NOT NULL
)
;
CREATE INDEX "city_topic_c21db00" ON "city_topic" ("in_area_id");
CREATE INDEX "city_place_c21db00" ON "city_place" ("in_area_id");
CREATE INDEX "city_picture_3ee6582b" ON "city_picture" ("in_place_id");


INSERT INTO "city_topic" VALUES('3a7892e6-1f53-11e2-a20d-e4ce8f4b5244','巴黎必游景点','巴黎，一座迷人的城市，有宽阔的大道，也有窄小的巷子，繁忙也静谧，让人不知不觉对她心生向往。',7,1);
INSERT INTO "city_place_in_topics" VALUES('1','3a7f3770-1f53-11e2-b382-e4ce8f4b5244','3a7892e6-1f53-11e2-a20d-e4ce8f4b5244');
INSERT INTO "city_place_in_topics" VALUES('2','3b4c778a-1f53-11e2-8fd5-e4ce8f4b5244','3a7892e6-1f53-11e2-a20d-e4ce8f4b5244');
INSERT INTO "city_place_in_topics" VALUES('3','3c6fdde6-1f53-11e2-8ea5-e4ce8f4b5244','3a7892e6-1f53-11e2-a20d-e4ce8f4b5244');
INSERT INTO "city_place_in_topics" VALUES('4','3d3328f3-1f53-11e2-9617-e4ce8f4b5244','3a7892e6-1f53-11e2-a20d-e4ce8f4b5244');
INSERT INTO "city_place_in_topics" VALUES('5','3e03525c-1f53-11e2-a915-e4ce8f4b5244','3a7892e6-1f53-11e2-a20d-e4ce8f4b5244');
INSERT INTO "city_place_in_topics" VALUES('6','3eab135c-1f53-11e2-8c0c-e4ce8f4b5244','3a7892e6-1f53-11e2-a20d-e4ce8f4b5244');
INSERT INTO "city_place_in_topics" VALUES('7','3feae523-1f53-11e2-8bf4-e4ce8f4b5244','3a7892e6-1f53-11e2-a20d-e4ce8f4b5244');
INSERT INTO "city_place_in_topics" VALUES('8','40af09ba-1f53-11e2-ac34-e4ce8f4b5244','3a7892e6-1f53-11e2-a20d-e4ce8f4b5244');
INSERT INTO "city_place_in_topics" VALUES('9','418f999e-1f53-11e2-98c9-e4ce8f4b5244','3a7892e6-1f53-11e2-a20d-e4ce8f4b5244');
INSERT INTO "city_place_in_topics" VALUES('10','42979080-1f53-11e2-b420-e4ce8f4b5244','3a7892e6-1f53-11e2-a20d-e4ce8f4b5244');
INSERT INTO "city_place_in_topics" VALUES('11','4370088f-1f53-11e2-a4b6-e4ce8f4b5244','3a7892e6-1f53-11e2-a20d-e4ce8f4b5244');
INSERT INTO "city_place_in_topics" VALUES('12','4508e86e-1f53-11e2-8dfe-e4ce8f4b5244','3a7892e6-1f53-11e2-a20d-e4ce8f4b5244');
INSERT INTO "city_place_in_topics" VALUES('13','525945ae-1f53-11e2-b1f5-e4ce8f4b5244','3a7892e6-1f53-11e2-a20d-e4ce8f4b5244');
INSERT INTO "city_place_in_topics" VALUES('14','569dfddc-1f53-11e2-9df7-e4ce8f4b5244','3a7892e6-1f53-11e2-a20d-e4ce8f4b5244');
INSERT INTO "city_place_in_topics" VALUES('15','572d6c21-1f53-11e2-8c28-e4ce8f4b5244','3a7892e6-1f53-11e2-a20d-e4ce8f4b5244');
INSERT INTO "city_topic" VALUES('3a792454-1f53-11e2-b587-e4ce8f4b5244','漫步特色街区','文艺的巴黎，时尚的巴黎、浪漫的巴黎，美食的巴黎，每个人的心中都有一个自己的巴黎。',7,2);
INSERT INTO "city_place_in_topics" VALUES('16','44471180-1f53-11e2-a242-e4ce8f4b5244','3a792454-1f53-11e2-b587-e4ce8f4b5244');
INSERT INTO "city_place_in_topics" VALUES('17','4937df11-1f53-11e2-b3ca-e4ce8f4b5244','3a792454-1f53-11e2-b587-e4ce8f4b5244');
INSERT INTO "city_place_in_topics" VALUES('18','572d6c21-1f53-11e2-8c28-e4ce8f4b5244','3a792454-1f53-11e2-b587-e4ce8f4b5244');
INSERT INTO "city_place_in_topics" VALUES('19','5cfdc002-1f53-11e2-8fef-e4ce8f4b5244','3a792454-1f53-11e2-b587-e4ce8f4b5244');
INSERT INTO "city_place_in_topics" VALUES('20','5f556f30-1f53-11e2-8c9f-e4ce8f4b5244','3a792454-1f53-11e2-b587-e4ce8f4b5244');
INSERT INTO "city_place_in_topics" VALUES('21','61ccf8b5-1f53-11e2-b145-e4ce8f4b5244','3a792454-1f53-11e2-b587-e4ce8f4b5244');
INSERT INTO "city_place_in_topics" VALUES('22','6844f847-1f53-11e2-b499-e4ce8f4b5244','3a792454-1f53-11e2-b587-e4ce8f4b5244');
INSERT INTO "city_place_in_topics" VALUES('23','6e922826-1f53-11e2-84f7-e4ce8f4b5244','3a792454-1f53-11e2-b587-e4ce8f4b5244');
INSERT INTO "city_topic" VALUES('3a79e14f-1f53-11e2-87d9-e4ce8f4b5244','塞纳河畔风光','无论是白天、日落时分还是华灯齐明的夜晚，泛舟塞纳河，看两岸景象飘忽而过，呈现一个平静祥和的巴黎。',7,3);
INSERT INTO "city_place_in_topics" VALUES('24','3a7f3770-1f53-11e2-b382-e4ce8f4b5244','3a79e14f-1f53-11e2-87d9-e4ce8f4b5244');
INSERT INTO "city_place_in_topics" VALUES('25','3b4c778a-1f53-11e2-8fd5-e4ce8f4b5244','3a79e14f-1f53-11e2-87d9-e4ce8f4b5244');
INSERT INTO "city_place_in_topics" VALUES('26','3e03525c-1f53-11e2-a915-e4ce8f4b5244','3a79e14f-1f53-11e2-87d9-e4ce8f4b5244');
INSERT INTO "city_place_in_topics" VALUES('27','40af09ba-1f53-11e2-ac34-e4ce8f4b5244','3a79e14f-1f53-11e2-87d9-e4ce8f4b5244');
INSERT INTO "city_place_in_topics" VALUES('28','418f999e-1f53-11e2-98c9-e4ce8f4b5244','3a79e14f-1f53-11e2-87d9-e4ce8f4b5244');
INSERT INTO "city_place_in_topics" VALUES('29','4370088f-1f53-11e2-a4b6-e4ce8f4b5244','3a79e14f-1f53-11e2-87d9-e4ce8f4b5244');
INSERT INTO "city_place_in_topics" VALUES('30','476a47eb-1f53-11e2-b01e-e4ce8f4b5244','3a79e14f-1f53-11e2-87d9-e4ce8f4b5244');
INSERT INTO "city_place_in_topics" VALUES('31','481c342b-1f53-11e2-98a8-e4ce8f4b5244','3a79e14f-1f53-11e2-87d9-e4ce8f4b5244');
INSERT INTO "city_place_in_topics" VALUES('32','4ea49ccc-1f53-11e2-ba89-e4ce8f4b5244','3a79e14f-1f53-11e2-87d9-e4ce8f4b5244');
INSERT INTO "city_place_in_topics" VALUES('33','539640e8-1f53-11e2-95f7-e4ce8f4b5244','3a79e14f-1f53-11e2-87d9-e4ce8f4b5244');
INSERT INTO "city_place_in_topics" VALUES('34','5447ab75-1f53-11e2-b460-e4ce8f4b5244','3a79e14f-1f53-11e2-87d9-e4ce8f4b5244');
INSERT INTO "city_place_in_topics" VALUES('35','57f1c214-1f53-11e2-8dc1-e4ce8f4b5244','3a79e14f-1f53-11e2-87d9-e4ce8f4b5244');
INSERT INTO "city_place_in_topics" VALUES('36','58c6eb75-1f53-11e2-8dfe-e4ce8f4b5244','3a79e14f-1f53-11e2-87d9-e4ce8f4b5244');
INSERT INTO "city_place_in_topics" VALUES('37','62a4b417-1f53-11e2-a06f-e4ce8f4b5244','3a79e14f-1f53-11e2-87d9-e4ce8f4b5244');
INSERT INTO "city_place_in_topics" VALUES('38','62dc8773-1f53-11e2-aabf-e4ce8f4b5244','3a79e14f-1f53-11e2-87d9-e4ce8f4b5244');
INSERT INTO "city_topic" VALUES('3a7a90e3-1f53-11e2-a6ed-e4ce8f4b5244','拉丁区文艺地图','咖啡馆的浓香味和淡淡的书香味在古老的街道上随处飘荡，如果在巴黎却不去拉丁区走走总是会有些遗憾。',7,4);
INSERT INTO "city_place_in_topics" VALUES('39','45fe8075-1f53-11e2-9475-e4ce8f4b5244','3a7a90e3-1f53-11e2-a6ed-e4ce8f4b5244');
INSERT INTO "city_place_in_topics" VALUES('40','4b4e31f0-1f53-11e2-a356-e4ce8f4b5244','3a7a90e3-1f53-11e2-a6ed-e4ce8f4b5244');
INSERT INTO "city_place_in_topics" VALUES('41','4d6f41a6-1f53-11e2-a5ca-e4ce8f4b5244','3a7a90e3-1f53-11e2-a6ed-e4ce8f4b5244');
INSERT INTO "city_place_in_topics" VALUES('42','4e155654-1f53-11e2-bb27-e4ce8f4b5244','3a7a90e3-1f53-11e2-a6ed-e4ce8f4b5244');
INSERT INTO "city_place_in_topics" VALUES('43','54fd519c-1f53-11e2-8a80-e4ce8f4b5244','3a7a90e3-1f53-11e2-a6ed-e4ce8f4b5244');
INSERT INTO "city_place_in_topics" VALUES('44','5e8268f5-1f53-11e2-bc80-e4ce8f4b5244','3a7a90e3-1f53-11e2-a6ed-e4ce8f4b5244');
INSERT INTO "city_topic" VALUES('3a7b202e-1f53-11e2-8888-e4ce8f4b5244','和谐的蒙马特','神圣的教堂，画家云集的广场，夜夜笙歌的场所，写满爱意的墙，宗教、艺术、香艳和爱情在这里和谐并存。',7,5);
INSERT INTO "city_place_in_topics" VALUES('45','3eab135c-1f53-11e2-8c0c-e4ce8f4b5244','3a7b202e-1f53-11e2-8888-e4ce8f4b5244');
INSERT INTO "city_place_in_topics" VALUES('46','4a0ef1bd-1f53-11e2-9c42-e4ce8f4b5244','3a7b202e-1f53-11e2-8888-e4ce8f4b5244');
INSERT INTO "city_place_in_topics" VALUES('47','52fffb38-1f53-11e2-ab42-e4ce8f4b5244','3a7b202e-1f53-11e2-8888-e4ce8f4b5244');
INSERT INTO "city_place_in_topics" VALUES('48','60241702-1f53-11e2-a03c-e4ce8f4b5244','3a7b202e-1f53-11e2-8888-e4ce8f4b5244');
INSERT INTO "city_place_in_topics" VALUES('49','653abe45-1f53-11e2-8efe-e4ce8f4b5244','3a7b202e-1f53-11e2-8888-e4ce8f4b5244');
INSERT INTO "city_topic" VALUES('3a7bd3a1-1f53-11e2-85a2-e4ce8f4b5244','左岸咖啡','左岸咖啡似乎总能引发人们对巴黎咖啡馆的浪漫想象，其实位于巴黎左岸的咖啡馆都能算得上是左岸咖啡。',7,6);
INSERT INTO "city_place_in_topics" VALUES('50','4d6f41a6-1f53-11e2-a5ca-e4ce8f4b5244','3a7bd3a1-1f53-11e2-85a2-e4ce8f4b5244');
INSERT INTO "city_place_in_topics" VALUES('51','4e155654-1f53-11e2-bb27-e4ce8f4b5244','3a7bd3a1-1f53-11e2-85a2-e4ce8f4b5244');
INSERT INTO "city_place_in_topics" VALUES('52','63543291-1f53-11e2-a00d-e4ce8f4b5244','3a7bd3a1-1f53-11e2-85a2-e4ce8f4b5244');
INSERT INTO "city_place_in_topics" VALUES('53','641cd4ca-1f53-11e2-b6e1-e4ce8f4b5244','3a7bd3a1-1f53-11e2-85a2-e4ce8f4b5244');
INSERT INTO "city_place_in_topics" VALUES('54','66752666-1f53-11e2-b38b-e4ce8f4b5244','3a7bd3a1-1f53-11e2-85a2-e4ce8f4b5244');
INSERT INTO "city_topic" VALUES('3a7c7d21-1f53-11e2-aeba-e4ce8f4b5244','美食大搜罗','巴黎人爱美食，巴黎人留恋无拘无束的露天咖啡馆，巴黎人更离不开各种甜品，或许这就是表巴黎的美食性格。',7,7);
INSERT INTO "city_place_in_topics" VALUES('55','63543291-1f53-11e2-a00d-e4ce8f4b5244','3a7c7d21-1f53-11e2-aeba-e4ce8f4b5244');
INSERT INTO "city_place_in_topics" VALUES('56','641cd4ca-1f53-11e2-b6e1-e4ce8f4b5244','3a7c7d21-1f53-11e2-aeba-e4ce8f4b5244');
INSERT INTO "city_place_in_topics" VALUES('57','680a21fd-1f53-11e2-a42e-e4ce8f4b5244','3a7c7d21-1f53-11e2-aeba-e4ce8f4b5244');
INSERT INTO "city_place_in_topics" VALUES('58','68cd1694-1f53-11e2-8477-e4ce8f4b5244','3a7c7d21-1f53-11e2-aeba-e4ce8f4b5244');
INSERT INTO "city_place_in_topics" VALUES('59','69a84b54-1f53-11e2-9411-e4ce8f4b5244','3a7c7d21-1f53-11e2-aeba-e4ce8f4b5244');
INSERT INTO "city_place_in_topics" VALUES('60','6ac5ece6-1f53-11e2-8ce5-e4ce8f4b5244','3a7c7d21-1f53-11e2-aeba-e4ce8f4b5244');
INSERT INTO "city_place_in_topics" VALUES('61','6b3eee5c-1f53-11e2-bad6-e4ce8f4b5244','3a7c7d21-1f53-11e2-aeba-e4ce8f4b5244');
INSERT INTO "city_place_in_topics" VALUES('62','6bd91e1e-1f53-11e2-a1de-e4ce8f4b5244','3a7c7d21-1f53-11e2-aeba-e4ce8f4b5244');
INSERT INTO "city_place_in_topics" VALUES('63','6c70a5e8-1f53-11e2-9629-e4ce8f4b5244','3a7c7d21-1f53-11e2-aeba-e4ce8f4b5244');
INSERT INTO "city_place_in_topics" VALUES('64','6d30f08c-1f53-11e2-abe8-e4ce8f4b5244','3a7c7d21-1f53-11e2-aeba-e4ce8f4b5244');
INSERT INTO "city_place_in_topics" VALUES('65','6dbda240-1f53-11e2-aef6-e4ce8f4b5244','3a7c7d21-1f53-11e2-aeba-e4ce8f4b5244');
INSERT INTO "city_place_in_topics" VALUES('66','6f27717d-1f53-11e2-8e2e-e4ce8f4b5244','3a7c7d21-1f53-11e2-aeba-e4ce8f4b5244');
INSERT INTO "city_place_in_topics" VALUES('67','6fd422e6-1f53-11e2-864f-e4ce8f4b5244','3a7c7d21-1f53-11e2-aeba-e4ce8f4b5244');
INSERT INTO "city_place_in_topics" VALUES('68','704f8094-1f53-11e2-bf7e-e4ce8f4b5244','3a7c7d21-1f53-11e2-aeba-e4ce8f4b5244');
INSERT INTO "city_topic" VALUES('3a7d118f-1f53-11e2-b23d-e4ce8f4b5244','巴黎之夜','去红磨坊看康康舞，去塞纳河泛舟，或去酒吧看帅哥……浪漫的、风雅的、有趣的、疯狂的，在巴黎都可以做！',7,8);
INSERT INTO "city_place_in_topics" VALUES('69','3b4c778a-1f53-11e2-8fd5-e4ce8f4b5244','3a7d118f-1f53-11e2-b23d-e4ce8f4b5244');
INSERT INTO "city_place_in_topics" VALUES('70','4370088f-1f53-11e2-a4b6-e4ce8f4b5244','3a7d118f-1f53-11e2-b23d-e4ce8f4b5244');
INSERT INTO "city_place_in_topics" VALUES('71','4a0ef1bd-1f53-11e2-9c42-e4ce8f4b5244','3a7d118f-1f53-11e2-b23d-e4ce8f4b5244');
INSERT INTO "city_place_in_topics" VALUES('72','4cced49e-1f53-11e2-9647-e4ce8f4b5244','3a7d118f-1f53-11e2-b23d-e4ce8f4b5244');
INSERT INTO "city_place_in_topics" VALUES('73','60f78c54-1f53-11e2-bbf5-e4ce8f4b5244','3a7d118f-1f53-11e2-b23d-e4ce8f4b5244');
INSERT INTO "city_place_in_topics" VALUES('74','653abe45-1f53-11e2-8efe-e4ce8f4b5244','3a7d118f-1f53-11e2-b23d-e4ce8f4b5244');
INSERT INTO "city_topic" VALUES('3a7dc5d7-1f53-11e2-83a8-e4ce8f4b5244','在巴黎血拼','巴黎作为时尚之都，大到奢侈品，小到独一无二的个性设计品，只要花点时间，总能淘到自己喜欢的。',7,9);
INSERT INTO "city_place_in_topics" VALUES('75','3d3328f3-1f53-11e2-9617-e4ce8f4b5244','3a7dc5d7-1f53-11e2-83a8-e4ce8f4b5244');
INSERT INTO "city_place_in_topics" VALUES('76','55c0c245-1f53-11e2-896a-e4ce8f4b5244','3a7dc5d7-1f53-11e2-83a8-e4ce8f4b5244');
INSERT INTO "city_place_in_topics" VALUES('77','594ff48f-1f53-11e2-88af-e4ce8f4b5244','3a7dc5d7-1f53-11e2-83a8-e4ce8f4b5244');
INSERT INTO "city_place_in_topics" VALUES('78','5a2b1461-1f53-11e2-8c6b-e4ce8f4b5244','3a7dc5d7-1f53-11e2-83a8-e4ce8f4b5244');
INSERT INTO "city_place_in_topics" VALUES('79','5a9e79f0-1f53-11e2-9413-e4ce8f4b5244','3a7dc5d7-1f53-11e2-83a8-e4ce8f4b5244');
INSERT INTO "city_place_in_topics" VALUES('80','5b358fa1-1f53-11e2-b302-e4ce8f4b5244','3a7dc5d7-1f53-11e2-83a8-e4ce8f4b5244');
INSERT INTO "city_place_in_topics" VALUES('81','5c5945de-1f53-11e2-a698-e4ce8f4b5244','3a7dc5d7-1f53-11e2-83a8-e4ce8f4b5244');
INSERT INTO "city_place_in_topics" VALUES('82','5db4cd61-1f53-11e2-b5f4-e4ce8f4b5244','3a7dc5d7-1f53-11e2-83a8-e4ce8f4b5244');
INSERT INTO "city_place_in_topics" VALUES('83','5f556f30-1f53-11e2-8c9f-e4ce8f4b5244','3a7dc5d7-1f53-11e2-83a8-e4ce8f4b5244');
INSERT INTO "city_place_in_topics" VALUES('84','6676569e-1f53-11e2-b270-e4ce8f4b5244','3a7dc5d7-1f53-11e2-83a8-e4ce8f4b5244');
INSERT INTO "city_place_in_topics" VALUES('85','6751e3b0-1f53-11e2-a40b-e4ce8f4b5244','3a7dc5d7-1f53-11e2-83a8-e4ce8f4b5244');
INSERT INTO "city_place_in_topics" VALUES('86','6844f847-1f53-11e2-b499-e4ce8f4b5244','3a7dc5d7-1f53-11e2-83a8-e4ce8f4b5244');
INSERT INTO "city_place_in_topics" VALUES('87','6e922826-1f53-11e2-84f7-e4ce8f4b5244','3a7dc5d7-1f53-11e2-83a8-e4ce8f4b5244');
INSERT INTO "city_topic" VALUES('3a7e9a19-1f53-11e2-b885-e4ce8f4b5244','近郊推荐','如果有足够的时间，那么不妨去巴黎近郊的凡尔赛宫和枫丹白露。',7,10);
INSERT INTO "city_place_in_topics" VALUES('88','3feae523-1f53-11e2-8bf4-e4ce8f4b5244','3a7e9a19-1f53-11e2-b885-e4ce8f4b5244');
INSERT INTO "city_place_in_topics" VALUES('89','46a98d99-1f53-11e2-9a36-e4ce8f4b5244','3a7e9a19-1f53-11e2-b885-e4ce8f4b5244');
INSERT INTO "city_place" VALUES('3a7f3770-1f53-11e2-b382-e4ce8f4b5244','巴黎圣母院大教堂','Cathedrale Notre-Dame de Paris',1,7,'2.349433','48.853174','高耸的塔楼、精致的玫瑰玻璃窗、听钟声想起仿佛还能看见那个丑陋而善良的敲钟怪人。',3,'{"website": "http://www.notredamedeparis.fr", "ticketInfo": "\u5723\u6bcd\u9662\u514d\u8d39\uff1b\u949f\u697c\u767b\u5854\u5168\u79687.5EUR\uff0c\u534a\u79684.8EUR\uff0c10\u6708~\u6b21\u5e743\u6708\u6bcf\u4e2a\u6708\u7b2c\u4e00\u4e2a\u5468\u65e5\u548c18\u5c81\u4ee5\u4e0b\u514d\u8d39\u3002\u9002\u7528\u535a\u7269\u9986\u5361\u3002", "openTime": "\u5723\u6bcd\u9662\u5468\u4e00~\u5468\u4e94 8:00~18:45\uff08\u5468\u516d~\u5468\u65e5\u5ef6\u957f\u81f319:15\uff09\uff0c\u767b\u58544~5\u6708\u548c9\u6708 10:00~18:30\u30016~8\u6708 \u5468\u516d~\u5468\u65e510:00~23:00\uff0c10\u6708~\u6b21\u5e743\u670810:00~17:30\u3002\u767b\u58541\u67081\u65e5\u30015\u67081\u65e5\u300112\u670825\u65e5\u4f11\u606f\u3002", "phoneNumber": "0142345610", "description": "\u5df4\u9ece\u5723\u6bcd\u9662\u5927\u6559\u5802\u662f\u5df4\u9ece\u6700\u5927\u6700\u51fa\u8272\u7684\u5929\u4e3b\u6559\u5802\uff0c\u662f\u54e5\u7279\u5f0f\u5efa\u7b51\u7684\u6700\u4f73\u5178\u8303\uff0c\u5b83\u4f4d\u4e8e\u585e\u7eb3\u6cb3\u4e2d\u90e8\u5c0f\u5c9b\u897f\u5824\u5c9b\u7684\u4e1c\u4fa7\u5357\u5cb8\uff0c\u5f00\u53e3\u9762\u5bf9\u897f\u65b9\u3002\u800c\u5728\u5723\u6bcd\u9662\u95e8\u53e3\u5916\u7684\u5723\u6bcd\u9662\u5e7f\u573a\u4e2d\uff0c\u6709\u4e2a\u539f\u70b9\uff08Point Z\u00e9ro\uff09\u7eaa\u5ff5\u7269\uff0c\u662f\u6cd5\u56fd\u4e08\u91cf\u5168\u56fd\u5404\u5730\u91cc\u7a0b\u65f6\u6240\u4f7f\u7528\u7684\u8d77\u6d4b\u70b9\u3002\u5723\u6bcd\u9662\u5927\u6559\u5802\u59cb\u5efa\u4e8e\u5341\u4e8c\u4e16\u7eaa\u516d\u5341\u5e74\u4ee3\u5e74\uff0c\u5f88\u5feb\u5c31\u6210\u4e3a\u6cd5\u56fd\u5b97\u6559\u6d3b\u52a8\u4e2d\u5fc3\u3002\u5dcd\u5ce8\u8038\u7acb\u7684\u6559\u5802\u91cc\u6446\u653e\u7740\u6cd5\u56fd\u6700\u5927\u7684\u7ba1\u98ce\u7434\u548c\u5723\u8def\u6613\u56fd\u738b\u6350\u8d60\u7684\u5f69\u8272\u73bb\u7483\u7a97\u30021944\u5e74\uff0c\u6559\u5802\u91cc\u7684\u949f\u58f0\u54cd\u8d77\uff0c\u6cd5\u56fd\u4eba\u6c11\u5728\u8fd9\u91cc\u5411\u4e16\u754c\u5ba3\u5e03\u5df4\u9ece\u5df2\u7ecf\u8131\u79bb\u4e86\u5fb7\u56fd\u7684\u6b96\u6c11\u7edf\u6cbb\uff0c\u83b7\u5f97\u89e3\u653e\u3002", "arriveMethod": "\u5730\u94c14\u53f7\u7ebfCite\u7ad9\u4e0b\uff0c\u6b65\u884c5\u5206\u949f\u53ef\u8fbe", "address": "6 Place du Parvis Notre-Dame, 75004 Paris, \u6cd5\u56fd", "tips": "\u6559\u5802\u91cc\u6700\u503c\u5f97\u770b\u7684\u662f\u4e24\u6247\u5706\u9876\u5f69\u8272\u73bb\u7483\u7a97\u3002\u5982\u679c\u4f53\u529b\u8db3\u591f\uff0c\u53ef\u4ee5\u722c\u4e0a387\u4e2a\u9636\u68af\uff0c\u767b\u4e0a\u5357\u5854\u77ad\u671b\u897f\u5824\u5c9b\u53ca\u5468\u8fb9\u5168\u666f\u3002\u5915\u9633\u4e0b\u7684\u5df4\u9ece\u5723\u6bcd\u9662\u4e5f\u662f\u6781\u7f8e\u7684\u3002"}');
INSERT INTO "city_picture" VALUES('3a80cfb8-1f53-11e2-8724-e4ce8f4b5244','cathedrale_notre-dame_de_paris_1.jpg','/static/media/uploads/paris/cathedrale_notre-dame_de_paris_1.jpg','','3a7f3770-1f53-11e2-b382-e4ce8f4b5244','2012-10-26 09:55:09.878980+00:00');
INSERT INTO "city_picture" VALUES('3acca200-1f53-11e2-8de2-e4ce8f4b5244','cathedrale_notre-dame_de_paris_2.jpg','/static/media/uploads/paris/cathedrale_notre-dame_de_paris_2.jpg','','3a7f3770-1f53-11e2-b382-e4ce8f4b5244','2012-10-26 09:55:10.376025+00:00');
INSERT INTO "city_picture" VALUES('3b0a3beb-1f53-11e2-8dfd-e4ce8f4b5244','cathedrale_notre-dame_de_paris_3.jpg','/static/media/uploads/paris/cathedrale_notre-dame_de_paris_3.jpg','','3a7f3770-1f53-11e2-b382-e4ce8f4b5244','2012-10-26 09:55:10.779606+00:00');
INSERT INTO "city_place" VALUES('3b4c778a-1f53-11e2-8fd5-e4ce8f4b5244','埃菲尔铁塔','Eiffel Tower',1,7,'2.294437','48.858391','看落日辉映晚霞，看城市灯光渐次点亮，埃菲尔铁塔，似乎更适合夜晚。',8,'{"website": "http://www.tour-eiffel.fr", "ticketInfo": "\u5750\u7535\u68af2\u5c42\u5168\u7968\uff1a4.8EUR\uff1b\u534a\u7968\uff1a2.5EUR\uff1b3\u5c42\u5168\u7968\uff1a7.8EUR\uff1b\u534a\u7968\uff1a4.3EUR\uff1b\u9876\u5c42\u5168\u7968\uff1a12EUR\uff1b\u534a\u7968\uff1a6.7EUR\uff1b\u722c\u697c\u68af2\u548c3\u5c42\u5168\u7968\uff1a4EUR\uff1b\u534a\u7968\uff1a3.1EUR\u30023\u5c81\u4ee5\u4e0b\u514d\u8d39\u3002", "openTime": "\u5750\u7535\u68af1\u67081\u65e5~6\u670814\u65e59:30~23:45\uff0823:00\u524d\u6700\u540e\u5165\u573a\uff0c\u524d\u5f80\u9876\u5c4222:30\u524d\u6700\u540e\u5165\u573a\uff09\u30016\u670815\u65e5~9\u67081\u65e59:00~00:45\uff0800:00\u524d\u6700\u540e\u5165\u573a\uff0c\u524d\u5f80\u9876\u5c4223:00\u524d\u6700\u540e\u5165\u573a\uff09,9\u67082\u65e5~12\u670831\u65e59:30~23:45\uff0823:00\u524d\u6700\u540e\u5165\u573a\uff0c\u524d\u5f80\u9876\u5c4222:30\u524d\u6700\u540e\u5165\u573a\uff09\uff1b\u722c\u697c\u68af1\u67081\u65e5~6\u670814\u65e59:30~18:30\uff0818:00\u524d\u6700\u540e\u5165\u573a\uff09\u30016\u670815\u65e5~9\u67081\u65e59:00~00:45\uff0800:00\u524d\u6700\u540e\u5165\u573a\uff09,9\u67082\u65e5~12\u670831\u65e59:30~18:30\uff0818:00\u524d\u6700\u540e\u5165\u573a\uff09\u3002", "phoneNumber": "0144112323", "description": "\u57c3\u83f2\u5c14\u94c1\u5854\u662f\u4e8e1889\u5e74\u7531\u5c45\u91cc\u5854\u592b\u2022\u57c3\u83f2\u5c14\u8bbe\u8ba1\u4fee\u5efa\u7684\uff0c\u5c45\u91cc\u5854\u592b\u2022\u57c3\u83f2\u5c14\u88ab\u6cd5\u56fd\u4eba\u7231\u79f0\u4e3a\u201c\u94c1\u5a18\u5b50\u201d\uff0c\u5b83\u4e0d\u4ec5\u662f\u57ce\u5e02\u4e4b\u5149\u7684\u8c61\u5f81\uff0c\u4e5f\u662f\u6cd5\u56fd\u7684\u8c61\u5f81\u3002\u57c3\u83f2\u5c14\u94c1\u5854\u9ad81063\u82f1\u5c3a\uff0c\u867d\u7136\u5b83\u65e9\u5df2\u5931\u53bb\u4e86\u4e16\u754c\u7b2c\u4e00\u9ad8\u7684\u79f0\u53f7\uff0c\u65e9\u57281930\u5e74\u514b\u5170\u65af\u52d2\u5927\u53a6\u5c31\u62a2\u8d70\u4e86\u5b83\u7684\u540d\u53f7\uff0c\u4f46\u5b83\u4ecd\u7136\u503c\u5f97\u4e00\u770b\u3002\u867d\u7136\u6392\u961f\u7684\u961f\u4f0d\u603b\u662f\u5f88\u957f\uff0c\u4f46\u90a3\u91cc\u7684\u666f\u8272\u662f\u503c\u5f97\u7b49\u5f85\u7684\u3002\u6216\u8005\uff0c\u62a2\u5360\u4e00\u5f20\u76d6\u5e03\u6717\u5229\u535a\u7269\u9986\u5916\u9762\u7684\u684c\u5b50\uff0c\u4ece\u8fdc\u5904\u89c2\u8d4f\u94c1\u5854\u4e5f\u662f\u4e0d\u9519\u7684\u9009\u62e9\u3002", "arriveMethod": "\u5730\u94c16\u53f7\u7ebfBir-Hakeim\u7ad9\u4e0b\uff0c\u6216\u5730\u94c16\u53f7\u7ebf\u30019\u53f7\u7ebfTrocadero\u7ad9\u4e0b\uff0c\u6216\u5730\u94c18\u53f7\u7ebfEcde Militaire\u7ad9\u4e0b\uff0c\u6b65\u884c5-10\u5206\u949f\u53ef\u8fbe\uff1b\u6216RER C\u7ebfChamps de Mars Tour Eiffel\u7ad9\u4e0b\uff0c\u6b65\u884c2\u5206\u949f\u53ef\u8fbe\u3002", "address": "Avenue Gustave Eiffel, 75007 Paris, \u6cd5\u56fd", "tips": "\u65e5\u843d\u524d\u767b\u4e0a\u5854\u9876\uff0c\u671d\u897f\u800c\u6218\uff0c\u770b\u7ea2\u65e5\u6162\u6162\u964d\u843d\u5728\u585e\u7eb3\u6cb3\u4e0a\uff0c\u6620\u7ea2\u4e86\u534a\u8fb9\u5929\u3002"}');
INSERT INTO "city_picture" VALUES('3b4e745e-1f53-11e2-97a2-e4ce8f4b5244','eiffel_tower_1.jpg','/static/media/uploads/paris/eiffel_tower_1.jpg','','3b4c778a-1f53-11e2-8fd5-e4ce8f4b5244','2012-10-26 09:55:11.226735+00:00');
INSERT INTO "city_picture" VALUES('3b97cec7-1f53-11e2-a134-e4ce8f4b5244','eiffel_tower_2.jpg','/static/media/uploads/paris/eiffel_tower_2.jpg','','3b4c778a-1f53-11e2-8fd5-e4ce8f4b5244','2012-10-26 09:55:11.707526+00:00');
INSERT INTO "city_picture" VALUES('3bde5ae3-1f53-11e2-8e98-e4ce8f4b5244','eiffel_tower_3.jpg','/static/media/uploads/paris/eiffel_tower_3.jpg','','3b4c778a-1f53-11e2-8fd5-e4ce8f4b5244','2012-10-26 09:55:12.169871+00:00');
INSERT INTO "city_picture" VALUES('3c2e856e-1f53-11e2-8bbf-e4ce8f4b5244','eiffel_tower_4.jpg','/static/media/uploads/paris/eiffel_tower_4.jpg','','3b4c778a-1f53-11e2-8fd5-e4ce8f4b5244','2012-10-26 09:55:12.694955+00:00');
INSERT INTO "city_place" VALUES('3c6fdde6-1f53-11e2-8ea5-e4ce8f4b5244','凯旋门','Arc de Triomphe',1,7,'2.295029','48.873834','如果在巴黎还能有什么建筑堪比埃菲尔铁塔，那就是凯旋门了，在法国人民心中，如果没有它就没有巴黎。',8,'{"website": "http://www.arcdetriompheparis.com", "ticketInfo": "\u51ef\u65cb\u95e8\u514d\u8d39\uff1b\u9876\u697c\u89c2\u666f\u53f0\u5168\u7bc7: 9EUR\uff0c\u534a\u7968\uff1a5EUR\uff0c10\u6708\u2014\u6b21\u5e743\u6708\u7b2c\u4e00\u4e2a\u5468\u65e5\u548c18\u5c81\u4ee5\u4e0b\u514d\u8d39\u3002\u9002\u7528\u4e8e\u535a\u7269\u9986\u5361\u3002", "openTime": "\u51ef\u65cb\u95e824\u5c0f\u65f6\u5f00\u653e\uff0c\u9876\u697c\u89c2\u666f\u53f04\u67081\u65e5\u20149\u670830\u65e510:00-23:00\uff0822:30\u524d\u6700\u540e\u5165\u573a\uff09\uff0c10\u67081\u65e5\u2014\u6b21\u5e743\u670831\u65e510:00-22:30\uff0822:00\u524d\u6700\u540e\u5165\u573a\uff09\uff0c1\u67081\u65e5\u30015\u67081\u65e5\u30015\u67088\u65e5\u65e9\u4e0a\u30017\u670814\u65e5\u65e9\u4e0a\u300111\u670811\u65e5\u65e9\u4e0a\u300112\u670825\u65e5\u4e0d\u5f00\u653e\u3002", "phoneNumber": "0155377377", "description": "\u51ef\u65cb\u95e8\u662f\u6cd5\u56fd\u7eaa\u5ff5\u6218\u4e89\u53f2\u3001\u91cd\u5927\u65f6\u4e8b\u4ee5\u53ca\u4e3e\u884c\u5e86\u5178\u7684\u573a\u6240\u3002\u9648\u5217\u5728\u9986\u5185\u7684\u6b7b\u8005\u540d\u5355\u53ef\u80fd\u4f1a\u6df1\u6df1\u5730\u89e6\u52a8\u4f60\u3002\u5728\u5362\u6d6e\u5bab\u7ecf\u9999\u69ad\u4e3d\u820d\u5927\u8857\u901a\u5f80\u62c9\u5fb7\u82b3\u65af\u533a\u65b0\u51ef\u65cb\u95e8\u7684\u5ef6\u957f\u7ebf\u4e0a\uff0c\u5efa\u6709\u4e00\u5ea7\u5de8\u5927\u7684\u7eaa\u5ff5\u7891\u5f0f\u7684\u5efa\u7b51\u7269\uff0c\u5b83\u5c06\u5177\u6709\u5386\u53f2\u610f\u4e49\u7684\u5e7f\u573a\u4e0e\u65b0\u51ef\u65cb\u95e8\u8fde\u63a5\u4e86\u8d77\u6765\uff0c\u901a\u8fc7\u8fd9\u5ea7\u7eaa\u5ff5\u7891\u5f0f\u5efa\u7b51\u7684\u6700\u4e0a\u5c42\uff0c\u53ef\u4ee5\u4eab\u53d7\u5df4\u9ece\u4ee4\u4eba\u60ca\u53f9\u7684\u7f8e\u666f\u3002\u5b83\u662f\u4e00\u4e2a\u8ba9\u4eba\u771f\u6b63\u5370\u8c61\u6df1\u523b\u7684\u91cc\u7a0b\u7891\uff0c\u9ad8164\u82f1\u5c3a\uff0c\u5bbd147\u82f1\u5c3a\uff0c\u5728\u6cd5\u56fd\u4eba\u6c11\u5fc3\u4e2d\uff0c\u5982\u679c\u6ca1\u6709\u5b83\u5c31\u6ca1\u6709\u5df4\u9ece\u3002", "arriveMethod": "\u5730\u94c11\u30012\u30016\u53f7\u7ebf\u6216RER A\u7ebf\u4e8eCharles de Gaulle oile\u7ad9\u4e0b", "address": "Place Charles-de-Gaulle-\u00c9toile, Paris 75008 \u6cd5\u56fd", "tips": "\u6bcf\u5e74\u768410\u670812\u65e5\u62ff\u7834\u4ed1\u751f\u65e5\u8fd9\u5929\uff0c\u592a\u9633\u4f1a\u4ece\u51ef\u65cb\u95e8\u6b63\u4e2d\u5760\u4e0b\u3002\u4e0a\u9762\u7684\u96d5\u523b\u662f\u4e0d\u80fd\u9519\u8fc7\u7684\u6b23\u8d4f\u91cd\u70b9\u3002"}');
INSERT INTO "city_picture" VALUES('3c70e77d-1f53-11e2-b626-e4ce8f4b5244','arc_de_triomphe_1.jpg','/static/media/uploads/paris/arc_de_triomphe_1.jpg','','3c6fdde6-1f53-11e2-8ea5-e4ce8f4b5244','2012-10-26 09:55:13.130276+00:00');
INSERT INTO "city_picture" VALUES('3cb1fa70-1f53-11e2-9763-e4ce8f4b5244','arc_de_triomphe_2.jpg','/static/media/uploads/paris/arc_de_triomphe_2.jpg','','3c6fdde6-1f53-11e2-8ea5-e4ce8f4b5244','2012-10-26 09:55:13.555822+00:00');
INSERT INTO "city_picture" VALUES('3cf2785c-1f53-11e2-adc9-e4ce8f4b5244','arc_de_triomphe_3.jpg','/static/media/uploads/paris/arc_de_triomphe_3.jpg','','3c6fdde6-1f53-11e2-8ea5-e4ce8f4b5244','2012-10-26 09:55:13.979035+00:00');
INSERT INTO "city_place" VALUES('3d3328f3-1f53-11e2-9617-e4ce8f4b5244','香榭丽舍大街','Avenue des Champs-Élysees',5,7,'2.297135','48.873090','香榭丽舍就像是法国向世界展示它成就的橱窗，LV、Dior、Chanel……还有那时不时擦肩而过的国际巨星。',8,'{"openTime": "10:00\u201419:00\uff0c\u5404\u5e97\u4e0d\u4e00\u3002", "description": "\u7ef5\u5ef6\u4e24\u516c\u91cc\u7684\u6797\u836b\u9053\uff0c\u9999\u69ad\u4e3d\u820d\u5927\u8857\u5df2\u7ecf\u6210\u4e3a\u5b98\u65b9\u5e86\u795d\u6d3b\u52a8\u548c\u6e38\u884c\u7684\u4e2d\u5fc3\u3002\u5bf9\u4e8e\u559c\u6b22\u5728\u591c\u665a\u6f2b\u6b65\u5728\u5e7f\u9614\u4e14\u666f\u8272\u5982\u753b\u7684\u8857\u9053\u4e0a\u7684\u4eba\u4eec\uff0c\u65e0\u8bba\u662f\u6e38\u5ba2\u8fd8\u662f\u7fa4\u4f17\uff0c\u8fd9\u91cc\u90fd\u5145\u6ee1\u4e86\u5438\u5f15\u529b\u3002\u9053\u8def\u4e24\u65c1\u5546\u8d3e\u4e91\u96c6\uff0c\u60a8\u65e2\u53ef\u5728\u5176\u4e2d\u6d88\u9063\u5a31\u4e50\uff0c\u53c8\u53ef\u91c7\u4e70\u8d2d\u7269\uff0c\u5f53\u4f60\u5728\u9644\u8fd1\u4eab\u6709\u76db\u540d\u7684\u7cbe\u54c1\u5e97\u3001\u94f6\u884c\u6216\u8005\u5927\u4f7f\u9986\u901b\u7d2f\u7684\u65f6\u5019\uff0c\u5c31\u53ef\u4ee5\u5728\u7535\u5f71\u9662\u3001\u5496\u5561\u3001\u996d\u9986\u7b49\u4e00\u8fb9\u6b47\u811a\u4e00\u8fb9\u6b23\u8d4f\u4eba\u95f4\u7b2c\u4e00\u7f8e\u4e3d\u5927\u8857\u7684\u4e07\u79cd\u98ce\u60c5\u3002\u8fd9\u6761\u522b\u81f4\u7684\u6797\u836b\u8857\u9053\u6700\u521d\u7531\u8def\u6613\u5341\u56db\u7684\u56ed\u4e01\u5b89\u5fb7\u70c8\u52d2\u8bfa\u7279\u4e3a\u4e86\u63d0\u9ad8\u4ece\u675c\u4e50\u4e3d\u82b1\u56ed\u89c2\u8d4f\u7684\u7f8e\u611f\u4fee\u5efa\u4e8e1667\u5e74\uff0c18\u4e16\u7eaa\u672b\uff0c\u8fd9\u6761\u8457\u540d\u7684\u5927\u8857\u88ab\u5ef6\u957f\u81f31800\u7c73\uff0c\u4e1c\u8d77\u534f\u548c\u5e7f\u573a\uff0c\u897f\u81f3\u6234\u9ad8\u4e50\u5e7f\u573a\uff0c\u662f\u5df4\u9ece\u5927\u8857\u4e2d\u5fc3\u7684\u5973\u738b\u3002", "arriveMethod": "\u5730\u94c11\u30012\u30016\u53f7\u7ebf\uff0c\u6216RER A\u7ebfCharles de Gaulle-\u00c9toile\u7ad9\u4e0b", "address": "Avenue des Champs-\u00c9lysees 75008 Paris, \u6cd5\u56fd"}');
INSERT INTO "city_picture" VALUES('3d34c857-1f53-11e2-b2b4-e4ce8f4b5244','avenue_des_champs-elysees_1.jpg','/static/media/uploads/paris/avenue_des_champs-elysees_1.jpg','','3d3328f3-1f53-11e2-9617-e4ce8f4b5244','2012-10-26 09:55:14.413946+00:00');
INSERT INTO "city_picture" VALUES('3d7a7e6e-1f53-11e2-ad14-e4ce8f4b5244','avenue_des_champs-elysees_2.jpg','/static/media/uploads/paris/avenue_des_champs-elysees_2.jpg','','3d3328f3-1f53-11e2-9617-e4ce8f4b5244','2012-10-26 09:55:14.870626+00:00');
INSERT INTO "city_picture" VALUES('3dbe7466-1f53-11e2-9109-e4ce8f4b5244','avenue_des_champs-elysees_3.jpg','/static/media/uploads/paris/avenue_des_champs-elysees_3.jpg','','3d3328f3-1f53-11e2-9617-e4ce8f4b5244','2012-10-26 09:55:15.316214+00:00');
INSERT INTO "city_place" VALUES('3e03525c-1f53-11e2-a915-e4ce8f4b5244','卢浮宫','Musee du Louvre',1,7,'2.337652','48.860591','有人说，每天花3小时到卢浮宫看展览就可以待上一年了，如果您不走文艺路线，那也别错过卢浮宫三宝。',3,'{"website": "http://www.louvre.fr", "ticketInfo": "\u95e8\u7968\u5168\u4ef79EUR\uff0c\u534a\u79686EUR\uff08\u4e0d\u542b\u62ff\u7834\u4ed1\u9986Hall Napoleon\u7279\u5c55\uff09\uff0c\u62ff\u7834\u4ed1\u9986\u7279\u5c559.5EUR\uff0c\u4e24\u8005\u8054\u7968\u5168\u796813EUR\uff0c\u534a\u796811EUR\uff1b\u6bcf\u6708\u7b2c\u4e00\u4e2a\u5468\u65e5\u4ee5\u53ca18\u5c81\u4ee5\u4e0b\u514d\u8d39\uff08\u4e0d\u542b\u62ff\u7834\u4ed1\u9986\u7279\u5c55\uff09\u3002\u9002\u7528\u535a\u7269\u9986\u5361\u3002", "openTime": "\u5468\u4e09\u2014\u2014\u6b21\u5468\u5468\u4e009:00-18:00\uff0c\u5468\u4e09\u548c\u5468\u4e94\u5ef6\u957f\u81f322\uff1a00\uff0c\u5468\u4e8c\u4ee5\u53ca1\u67081\u65e5\u30015\u67081\u65e5\u300111\u670811\u65e5\u300112\u670825\u65e5\u4f11\u606f\u3002", "phoneNumber": "0140205317", "description": "\u5bf9\u535a\u7269\u9986\u7231\u597d\u8005\u6765\u8bf4\uff0c\u5362\u6d6e\u5bab\u5c31\u662f\u827a\u672f\u7684\u822a\u6bcd\u3002\u5362\u6d6e\u5bab\u59cb\u5efa\u4e8e12\u4e16\u7eaa\uff0c\u6700\u521d\u662f\u7528\u4f5c\u9632\u5fa1\u7684\u57ce\u5821\uff0c14\u4e16\u7eaa\u88ab\u6539\u5efa\u4e3a\u7687\u5bb6\u5bab\u6bbf\u3002\u5176\u6700\u65b0\u6dfb\u52a0\u7684\u8bbe\u8ba1\u662f\u7f8e\u5efa\u7b51\u5e08\u8d1d\u807f\u94ed\u4e8e1981\u5e74\u8bbe\u8ba1\u4fee\u5efa\u7684\u73bb\u7483\u91d1\u5b57\u5854\uff0c\u73bb\u7483\u5854\u521a\u5efa\u6210\u65f6\uff0c\u9887\u53d7\u4e89\u8bae\uff0c\u5b83\u5c06\u53e4\u5178\u5f0f\u7684\u5bab\u6bbf\u8fdb\u884c\u4e86\u73b0\u4ee3\u5316\uff0c\u4f7f\u5149\u7ebf\u53ef\u4ee5\u900f\u8fc7\u73bb\u7483\u5c04\u5230\u5730\u4e0b\u5927\u5385\u3002\u5362\u6d6e\u5bab\u6536\u85cf\u4e86\u5927\u91cf\u7684\u827a\u672f\u4f5c\u54c1\uff0c\u8bb8\u591a\u7ec8\u751f\u96be\u5f97\u4e00\u89c1\u7684\u4f5c\u54c1\u90fd\u5728\u8fd9\u91cc\u5c55\u89c8\uff0c\u786e\u5207\u7684\u8bf4\uff0c\u5362\u6d6e\u5bab\u5305\u62ec\u9ece\u585e\u7559\u3001\u82cf\u5229\u3001\u5fb7\u519c\u4e09\u4e2a\u5ead\u9662\uff0c\u6536\u85cf\u4e8635000\u591a\u4ef6\u5c55\u54c1\u3002\u5728\u4eba\u53e3\u6512\u52a8\u7684\u4eba\u7fa4\u4e2d\u82e6\u82e6\u5bfb\u89c5\uff0c\u53ea\u4e3a\u4e86\u77a5\u4e00\u773c\u9690\u85cf\u5728\u4ed6\u4eec\u8eab\u540e\u7684\u8499\u5a1c\u4e3d\u838e\u4ee5\u53ca\u5979\u90a3\u73b0\u5b9e\u751f\u6d3b\u4e2d\u8f83\u5c11\u89c1\u5230\u7684\u5fae\u7b11\u3002", "arriveMethod": "\u5730\u94c11\u30017\u53f7\u7ebfPalais Royal - Mus\u00e9e du Louvre\u7ad9\u4e0b", "address": "place du Louvre, Paris, \u6cd5\u56fd", "tips": "\u6bcf\u6708\u7b2c\u4e00\u4e2a\u5468\u65e5\u514d\u8d39\u3002\u6700\u4f73\u5165\u53e3\u662f Palais Royal - Mus\u00e9e du Louvre \u5730\u94c1\u7ad9\u7684\u5730\u4e0b\u901a\u9053\u3002\u5927\u5385\u4e2d\u6709\u4e09\u9053\u697c\u68af\uff0c\u5206\u522b\u901a\u5f80\u4e09\u4e2a\u9986\uff0c\u300a\u8499\u5a1c\u4e3d\u838e\u300b\u5728\u5fb7\u519c\u9986\u4e8c\u697c\uff0c\u5982\u679c\u65f6\u95f4\u7d27\u5f20\u6700\u597d\u5148\u53bb\u770b\u5b83\u3002"}');
INSERT INTO "city_picture" VALUES('3e050afd-1f53-11e2-9219-e4ce8f4b5244','musee_du_louvre_1.jpg','/static/media/uploads/paris/musee_du_louvre_1.jpg','','3e03525c-1f53-11e2-a915-e4ce8f4b5244','2012-10-26 09:55:15.778351+00:00');
INSERT INTO "city_picture" VALUES('3e4c3b33-1f53-11e2-8450-e4ce8f4b5244','musee_du_louvre_2.jpg','/static/media/uploads/paris/musee_du_louvre_2.jpg','','3e03525c-1f53-11e2-a915-e4ce8f4b5244','2012-10-26 09:55:16.245442+00:00');
INSERT INTO "city_picture" VALUES('3e663afa-1f53-11e2-8da9-e4ce8f4b5244','musee_du_louvre_3.jpg','/static/media/uploads/paris/musee_du_louvre_3.jpg','','3e03525c-1f53-11e2-a915-e4ce8f4b5244','2012-10-26 09:55:16.415072+00:00');
INSERT INTO "city_place" VALUES('3eab135c-1f53-11e2-8c0c-e4ce8f4b5244','圣心大教堂','Basilique du Sacre-Coeur',1,7,'2.343011','48.886783','如果说从埃菲尔铁塔上看到的巴黎是辉煌的，那么从圣心大教堂看到的巴黎则是平实的。',7,'{"website": "http://www.sacre-coeur-montmartre.com", "openTime": "\u6559\u58026:00~23:00\uff0822:15\u524d\u6700\u540e\u5165\u573a\uff09\u3001\u5706\u98769:00~17:30\uff08\u590f\u5b63\u5ef6\u957f\u81f319:00\uff09\u3002", "phoneNumber": "0153418900", "description": "\u8fd9\u5ea7\u5177\u6709\u7f57\u9a6c\u8bfa-\u62dc\u5360\u5ead\u5f0f\u5efa\u7b51\u98ce\u683c\u7684\u6559\u5802\u4f4d\u4e8e\u5df4\u9ece\u8499\u9a6c\u7279\u9ad8\u5730\u7684\u6700\u9ad8\u70b9\u4e0a\uff0c\u4ece\u8fd9\u91cc\u53ef\u4ee5\u4fef\u77b0\u6574\u4e2a\u5982\u753b\u822c\u7684\u8499\u9a6c\u7279\u533a\uff0c\u662f\u5df4\u9ece\u6700\u7f8e\u4e3d\u7684\u5730\u533a\u4e4b\u4e00\u3002\u6559\u5802\u9876\u90e8\u4e3a\u4e00\u5ea7\u72ec\u7279\u7684\u5927\u7a79\u9876\uff0c\u662f\u4fef\u77b0\u6574\u4e2a\u57ce\u5e02\u7684\u6700\u4f73\u4f4d\u7f6e\u3002\u6559\u5802\u5185\u90e8\uff0c\u57fa\u7763\u7684\u9a6c\u8d5b\u514b\u62fc\u56fe\u753b\u548c\u9690\u7a9d\u975e\u5e38\u72ec\u7279\u6709\u8da3\u3002\u5723\u5fc3\u5927\u6559\u5802\u59cb\u5efa\u4e8e1875\u5e74\uff0c\u53d7\u5929\u4e3b\u6559\u59d4\u6258\uff0c\u5728\u4fdd\u5c14\u2022\u963f\u5df4\u8482\u7684\u4e25\u5bc6\u76d1\u89c6\u4e0b\u4e8e1914\u5e74\u843d\u6210\u4f7f\u7528\u3002", "arriveMethod": "\u5730\u94c12\u53f7\u7ebfAnvers\u7ad9\u4e0b", "address": "35 Rue du Chevalier de la Barre, 75018 Paris, \u6cd5\u56fd"}');
INSERT INTO "city_picture" VALUES('3eaca968-1f53-11e2-ade9-e4ce8f4b5244','basilique_du_sacre-coeur_1.jpg','/static/media/uploads/paris/basilique_du_sacre-coeur_1.jpg','','3eab135c-1f53-11e2-8c0c-e4ce8f4b5244','2012-10-26 09:55:16.877420+00:00');
INSERT INTO "city_picture" VALUES('3ef90545-1f53-11e2-aa63-e4ce8f4b5244','basilique_du_sacre-coeur_2.jpg','/static/media/uploads/paris/basilique_du_sacre-coeur_2.jpg','','3eab135c-1f53-11e2-8c0c-e4ce8f4b5244','2012-10-26 09:55:17.377171+00:00');
INSERT INTO "city_picture" VALUES('3f47ab38-1f53-11e2-aaf6-e4ce8f4b5244','basilique_du_sacre-coeur_3.jpg','/static/media/uploads/paris/basilique_du_sacre-coeur_3.jpg','','3eab135c-1f53-11e2-8c0c-e4ce8f4b5244','2012-10-26 09:55:17.893121+00:00');
INSERT INTO "city_picture" VALUES('3f94b73a-1f53-11e2-89bc-e4ce8f4b5244','basilique_du_sacre-coeur_4.jpg','/static/media/uploads/paris/basilique_du_sacre-coeur_4.jpg','','3eab135c-1f53-11e2-8c0c-e4ce8f4b5244','2012-10-26 09:55:18.397666+00:00');
INSERT INTO "city_place" VALUES('3feae523-1f53-11e2-8bf4-e4ce8f4b5244','凡尔赛宫','Château de Versailles',1,7,'2.120348','48.804869','欧洲最大最豪华的宫殿，堪称法兰西艺术的明珠，在著名的镜厅踱步，恍如隔世般梦幻。',3,'{"website": "http://www.chateauversailles.fr", "ticketInfo": "\u5168\u7968: 13.5~15EUR\uff1b\u534a\u796810~11EUR\uff1b18\u5c81\u4ee5\u4e0b\u514d\u8d39\u3002\u4e00\u65e5\u901a\u884c\u8bc1\uff08\u53ef\u53c2\u89c2\u5bab\u6bbf\u3001\u7fe0\u5b89\u519c\u5bab\u3001\u9a6c\u8f66\u535a\u7269\u9986\u548c\u5c0f\u6811\u6797\u5bfc\u89c8\uff0916~25EUR\u3002", "openTime": "\u7687\u5bb6\u793c\u62dc\u5802\u3001\u56fd\u738b\u6b63\u6bbf\u548c\u5bdd\u5bab\u3001\u738b\u540e\u7684\u5bdd\u5bab\uff0c\u65fa\u5b639:00~18:30\uff0817:00\u524d\u6700\u540e\u5165\u573a\uff09\uff0c\u6de1\u5b639:00~17:30\uff0c\u79c1\u4eba\u5957\u95f4\u9700\u8981\u53c2\u52a0\u5bfc\u89c8\u884c\u7a0b\u624d\u80fd\u53c2\u89c2\u3002", "phoneNumber": "0130837889", "description": "\u51e1\u5c14\u8d5b\u5bab\u6240\u6709\u7684\u57ce\u5821\u90fd\u5efa\u4e8e17\u4e16\u7eaa\uff0c\u5b8f\u4f1f\u7684\u5bab\u6bbf\u662f\u6cd5\u56fd\u738b\u5ba4\u7684\u8c61\u5f81\u3002\u8fd9\u6240\u5bab\u6bbf\u6700\u4f1f\u5927\u7684\u5c45\u4f4f\u8005\u6cd5\u56fd\u56fd\u738b\u8def\u6613\u5341\u56db\uff0c\u662f\u57281682\u5e74\u642c\u5165\u51e1\u5c14\u8d5b\u5bab\u7684\u3002\u77a5\u4e00\u773c\u51e1\u5c14\u8d5b\u5bab\u4e3e\u4e16\u65e0\u53cc\u7684\u955c\u5385\uff0c\u7136\u540e\u662f\u4f17\u6240\u5468\u77e5\u7684\u5728\u6cd5\u56fd\u5927\u9769\u547d\u671f\u95f4\uff0c\u57281789\u5e74\uff0c\u8def\u6613\u5341\u516d\u548c\u739b\u4e3d\u7687\u540e\u6700\u540e\u88ab\u9001\u4e0a\u6cd5\u56fd\u5386\u53f2\u4e0a\u6700\u6b8b\u9177\u7684\u53d1\u660e\uff0c\u65ad\u5934\u53f0\u3002\u53e6\u4e00\u65b9\u9762\uff0c\u8bb8\u591a\u8457\u540d\u7684\u6761\u7ea6\u90fd\u5728\u51e1\u5c14\u8d5b\u5bab\u7b7e\u8ba2\uff0c\u5176\u4e2d\u5305\u62ec\u7ed3\u675f\u7f8e\u56fd\u72ec\u7acb\u6218\u4e89\u7684\u5df4\u9ece\u6761\u7ea6\u4ee5\u53ca\u7b2c\u4e00\u6b21\u4e16\u754c\u5927\u6218\u7ed3\u675f\u7b7e\u8ba2\u7684\u51e1\u5c14\u8d5b\u6761\u7ea6\u3002\u9664\u6b64\u4e4b\u5916\uff0c\u5b8c\u7f8e\u98ce\u683c\u7684\u82b1\u56ed\u4e5f\u503c\u5f97\u4e00\u901b\u3002", "arriveMethod": "\u5730\u94c1(2.65EUR) \u53ef\u4ee5\u642d\u4e58RER C\u7ebf\uff0c\u5728Versailles Rive Gauche\u7ad9\u4e0b\uff08C5\u65b9\u5411\u7684\u7ec8\u70b9\u7ad9\uff09\uff1b\u706b\u8f66(21.15EUR) \u5728\u5723\u62c9\u624e\u5c14\u706b\u8f66\u7ad9\u3001\u8499\u5df4\u90a3\u65af\u706b\u8f66\u7ad9\u4e58\u5750\u5f00\u5f80\u51e1\u5c14\u8d5b\u5bab\u7684\u706b\u8f66\u5373\u53ef\u5230\u8fbe", "address": "Place d''Armes, 78000 Versailles, \u6cd5\u56fd", "tips": "\u51e1\u5c14\u8d5b\u5bab\u7684\u955c\u5385\u662f\u5fc5\u770b\u4e4b\u5385\u3002"}');
INSERT INTO "city_picture" VALUES('3ff1dbeb-1f53-11e2-9861-e4ce8f4b5244','chateau_de_versailles_1.jpg','/static/media/uploads/paris/chateau_de_versailles_1.jpg','','3feae523-1f53-11e2-8bf4-e4ce8f4b5244','2012-10-26 09:55:19.007909+00:00');
INSERT INTO "city_picture" VALUES('401455d1-1f53-11e2-b755-e4ce8f4b5244','chateau_de_versailles_2.jpg','/static/media/uploads/paris/chateau_de_versailles_2.jpg','','3feae523-1f53-11e2-8bf4-e4ce8f4b5244','2012-10-26 09:55:19.233926+00:00');
INSERT INTO "city_picture" VALUES('40613ed9-1f53-11e2-a080-e4ce8f4b5244','chateau_de_versailles_3.jpg','/static/media/uploads/paris/chateau_de_versailles_3.jpg','','3feae523-1f53-11e2-8bf4-e4ce8f4b5244','2012-10-26 09:55:19.738439+00:00');
INSERT INTO "city_place" VALUES('40af09ba-1f53-11e2-ac34-e4ce8f4b5244','协和广场','Place de la Concorde',1,7,'2.32114','48.865795','过去，人们来这里观看大革命的恐怖屠杀，现在，人们来这里感受历史发展，体味都市变迁。',8,'{"description": "\u534f\u548c\u5e7f\u573a\uff0c\u6700\u521d\u88ab\u547d\u540d\u4e3a\u201c\u8def\u6613\u5341\u4e94\u5e7f\u573a\u201d\uff0c\u662f1755\u5e74\u81f31775\u5e74\u6839\u636e\u8457\u540d\u5efa\u7b51\u5e08\u5361\u5e03\u91cc\u57c3\u5c14\u7684\u8bbe\u8ba1\u800c\u5efa\u9020\u7684\u30021792\u5e74\u6cd5\u56fd\u5927\u9769\u547d\u65f6\u671f\u6539\u540d\u4e3a\u201c\u9769\u547d\u5e7f\u573a\u201d\uff0c\u66fe\u5728\u8fd9\u91cc\u4fee\u5efa\u4e86\u65ad\u5934\u53f0\uff0c\u5c06\u5305\u62ec\u8def\u6613\u5341\u516d\u5728\u5185\u76842800\u4eba\u9001\u4e0a\u4e86\u8fd9\u91cc\u30021830\u5e74\uff0c\u8def\u6613\u2219\u83f2\u5229\u666e\u5c06\u5176\u66f4\u540d\u4e3a\u534f\u548c\u5e7f\u573a\u3002\u5e7f\u573a\u4e2d\u5fc3\u77d7\u7acb\u7740\u4e00\u5ea7\u57c3\u53ca\u65b9\u5c16\u7891\uff0c\u8fd9\u662f1840\u5e74\u57c3\u53ca\u603b\u7763\u7f55\u9ed8\u5fb7\u2219\u963f\u91cc\u8d60\u9001\u7ed9\u6cd5\u56fd\u56fd\u738b\u67e5\u5c14\u65af\u5341\u4e16\u7684\u793c\u7269\u3002\u5e7f\u573a\u7684\u56db\u9762\u516b\u65b9\u5206\u522b\u77d7\u7acb\u7740\u516b\u4e2a\u4ee3\u886819\u4e16\u7eaa\u6cd5\u56fd\u6700\u5927\u7684\u516b\u4e2a\u57ce\u5e02\u7684\u96d5\u50cf\uff0c\u540c\u65f6\uff0c\u53c8\u589e\u8bbe\u4e86\u4e24\u4e2a\u573a\u666f\u5b8f\u5927\u7684\u55b7\u6cc9\u3002\u534f\u548c\u5e7f\u573a\u4e5f\u662f\u5df4\u9ece\u6700\u8457\u540d\u7684\u996d\u5e97\u4e4b\u4e00\u514b\u91cc\u7fc1\u5927\u996d\u5e97\u7684\u6240\u5728\u5730\u3002", "arriveMethod": "\u5730\u94c11\u53f7\u7ebf\u30018\u53f7\u7ebf\u300112\u53f7\u7ebfConcorde\u7ad9\u4e0b", "address": "Place de la Concorde, 75008 Paris, \u6cd5\u56fd"}');
INSERT INTO "city_picture" VALUES('40b0988f-1f53-11e2-bb90-e4ce8f4b5244','place_de_la_concorde_1.jpg','/static/media/uploads/paris/place_de_la_concorde_1.jpg','','40af09ba-1f53-11e2-ac34-e4ce8f4b5244','2012-10-26 09:55:20.258633+00:00');
INSERT INTO "city_picture" VALUES('40f3db26-1f53-11e2-b6eb-e4ce8f4b5244','place_de_la_concorde_2.jpg','/static/media/uploads/paris/place_de_la_concorde_2.jpg','','40af09ba-1f53-11e2-ac34-e4ce8f4b5244','2012-10-26 09:55:20.699133+00:00');
INSERT INTO "city_picture" VALUES('413d4494-1f53-11e2-8b0a-e4ce8f4b5244','place_de_la_concorde_3.jpg','/static/media/uploads/paris/place_de_la_concorde_3.jpg','','40af09ba-1f53-11e2-ac34-e4ce8f4b5244','2012-10-26 09:55:21.180442+00:00');
INSERT INTO "city_place" VALUES('418f999e-1f53-11e2-98c9-e4ce8f4b5244','奥赛博物馆','Musee d''Orsay',1,7,'2.326661','48.859887','艺术品一般的火车站摇身一变，成了美丽雅致的博物馆，莫奈、塞尚、梵高等大师的名作可以在这里尽情欣赏。',3,'{"website": "http://www.musee-orsay.fr", "ticketInfo": "\u95e8\u7968\u5168\u7968\uff1a8EUR\uff0c\u534a\u7968\uff1a5.5EUR\uff0c\u548c\u7f57\u4e39\u535a\u7269\u9986\u8054\u7968\uff08\u9700\u540c\u5929\u53c2\u89c2\uff0912EUR\uff0c\u6bcf\u6708\u7b2c\u4e00\u4e2a\u5468\u65e5\u548c18\u5c81\u4ee5\u4e0b\u6e38\u4eba\u514d\u8d39\u3002\u9002\u7528\u535a\u7269\u9986\u5361\u3002", "openTime": "\u5468\u4e8c~\u5468\u4e09\u548c\u5468\u4e94~\u5468\u65e59:30~18:00\uff0817:00\u524d\u6700\u540e\u5165\u573a\uff09\uff0c\u5468\u56db9:30~21:45\uff0821:00\u524d\u6700\u540e\u5165\u573a\uff09\uff0c\u5468\u4e00\u30011\u67081\u65e5\u30015\u67081\u65e5\u300112\u670825\u65e5\u4f11\u606f\u3002", "phoneNumber": "0140494814", "description": "\u5965\u8d5b\u535a\u7269\u9986\u548c\u5362\u6d6e\u5bab\u3001\u84ec\u76ae\u675c\u4e2d\u5fc3\u88ab\u79f0\u4e3a\u5df4\u9ece\u4e09\u5927\u827a\u672f\u535a\u7269\u9986\uff0c\u4e3b\u8981\u6536\u85cf1848\u5e74\u52301914\u5e74\u95f4\u7684\u4f5c\u54c1\uff0c1848\u5e74\u524d\u7684\u5728\u5362\u6d6e\u5bab\uff0c1914\u5e74\u540e\u7684\u84ec\u76ae\u675c\u4e2d\u5fc3\u3002\u6bcf\u5e74\u6709\u8fd1250\u4e07\u6e38\u5ba2\u4f1a\u6765\u8fd9\u4e2a\u4e16\u754c\u4e0a\u6536\u85cf\u5370\u8c61\u6d3e\u827a\u672f\u753b\u4f5c\u6700\u591a\u7684\u5730\u65b9\u8fdb\u884c\u53c2\u89c2\u3002\u8fd9\u91cc\u539f\u6765\u88ab\u79f0\u4e3a\u5965\u8d5b\u706b\u8f66\u7ad9\uff0c\u662f1990\u5e74\u4e3a\u4e86\u8fce\u63a5\u4e16\u754c\u535a\u89c8\u4f1a\u800c\u4fee\u5efa\u7684\u3002\u7b2c\u4e8c\u6b21\u4e16\u754c\u5927\u6218\u671f\u95f4\uff0c\u4e3b\u8981\u7528\u6765\u6b22\u8fce\u91ca\u653e\u7684\u56da\u72af\u3002\u540e\u6765\u6cd5\u56fd\u653f\u5e9c\u5c06\u8be5\u5efa\u7b51\u6539\u5efa\u621019\u4e16\u7eaa\u4e0b\u534a\u53f6\u827a\u672f\u4f5c\u54c1\u7684\u6536\u85cf\u5730\u3002\u8fd9\u4e2a\u753b\u5eca\u4e2d\u9648\u5217\u4e86\u8bb8\u591a\u4f5c\u54c1\uff0c\u6709\u5907\u53d7\u4e89\u8bae\u7684\u53e4\u65af\u5854\u592b\u2022\u5e93\u5c14\u8d1d\u7684\u4f5c\u54c1\u300a\u5965\u5357\u7684\u846c\u793c\u300b\uff0c\u73cd-\u5f17\u6717\u7d22\u74e6\u2022\u7c73\u52d2\u7684\u300a\u62fe\u7a57\u300b\u7b49\u3002\u5982\u679c\u4f60\u662f\u4e00\u4f4d\u5370\u8c61\u6d3e\u4f5c\u54c1\u7684\u75f4\u8ff7\u8005\uff0c\u90a3\u5c31\u5e94\u8be5\u76f4\u63a5\u53bb\u4e94\u697c\uff0c\u90a3\u91cc\u6709\u8fd9\u4e2a\u6d41\u6d3e\u6700\u6770\u51fa\u7684\u5927\u5e08\u7684\u5de8\u5e45\u4f5c\u54c1\uff0c\u6302\u5728\u753b\u5eca29\u81f348\uff0c\u5fb7\u52a0\u7684\u300a\u821e\u8e48\u8bfe\u300b\uff0c\u9a6c\u5948\u7684\u9759\u7269\u753b\uff0c\u4f8b\u5982\u300a\u82a6\u7b0b\u300b\uff0c\u96f7\u8bfa\u963f\u7684\u300a\u714e\u997c\u78e8\u574a\u7684\u821e\u4f1a\u300b\uff0c\u514b\u52b3\u5fb7\u2022\u83ab\u5948\u7684\u300a\u5723\u62c9\u624e\u5c14\u706b\u8f66\u7ad9\u300b\u3001\u300a\u5362\u6602\u5927\u6559\u5802\u300b\u3001\u300a\u7761\u83b2\u300b\uff0c\u68b5\u9ad8\u7684\u4f5c\u54c1\u572835\u53f7\u753b\u5eca\uff0c\u800c\u585e\u5c1a\u7684\u572836\u53f7\u753b\u5eca\u3002\u88c5\u9970\u827a\u672f\u4e3b\u8981\u5728\u697c\u4e0b\u51e0\u5c42\uff0c\u975e\u5e38\u503c\u5f97\u4e00\u770b\u7684\u662f\u65b0\u827a\u672f\u6d3e\u7684\u6536\u85cf\u4f5c\u54c1\uff0c\u8ba9\u4eba\u6c38\u751f\u96be\u5fd8\u3002", "arriveMethod": "\u642dRER C\u7ebfMus\u00e9e d''Orsay\u7ad9\u4e0b", "address": "62 rue de Lille, Paris 75007 \u6cd5\u56fd", "tips": "\u5965\u8d5b\u535a\u7269\u9986\u7684\u7ed8\u753b\u5c55\u54c1\u6309\u5e74\u4ee3\u9648\u5217\uff0c\u5c81\u7cbe\u5f69\u7684\u90e8\u5206\u5728\u4e09\u697c\uff0c\u6709\u5370\u8c61\u6d3e\u548c\u540e\u5370\u8c61\u6d3e\u540d\u5bb6\u7684\u4f5c\u54c1\u3002"}');
INSERT INTO "city_picture" VALUES('41911697-1f53-11e2-bfd5-e4ce8f4b5244','musee_d''orsay_1.jpg','/static/media/uploads/paris/musee_d''orsay_1.jpg','','418f999e-1f53-11e2-98c9-e4ce8f4b5244','2012-10-26 09:55:21.729619+00:00');
INSERT INTO "city_picture" VALUES('41e6780c-1f53-11e2-96cf-e4ce8f4b5244','musee_d''orsay_2.jpg','/static/media/uploads/paris/musee_d''orsay_2.jpg','','418f999e-1f53-11e2-98c9-e4ce8f4b5244','2012-10-26 09:55:22.289290+00:00');
INSERT INTO "city_picture" VALUES('42413e0f-1f53-11e2-8eb9-e4ce8f4b5244','musee_d''orsay_3.jpg','/static/media/uploads/paris/musee_d''orsay_3.jpg','','418f999e-1f53-11e2-98c9-e4ce8f4b5244','2012-10-26 09:55:22.883790+00:00');
INSERT INTO "city_place" VALUES('42979080-1f53-11e2-b420-e4ce8f4b5244','蓬皮杜中心','Centre Pompidou',1,7,'2.352608','48.860648','说起蓬皮杜中心，不得不提的就是它的外观了，远看像模型玩具，近看像煤气厂，够花上几个小时去研究了。',3,'{"website": "http://www.centrepompidou.fr/", "ticketInfo": "\u535a\u7269\u9986\u95e8\u7968\u5168\u796810~12EUR\uff0c\u534a\u79688~9EUR\uff0c\u6bcf\u6708\u7b2c\u4e00\u4e2a\u5468\u65e5\u548c18\u5c81\u4ee5\u4e0b\u514d\u8d39\u3002\u9002\u7528\u535a\u7269\u9986\u5361\u3002", "openTime": "\u9664\u5468\u4e8c\u30015\u67081\u65e5\u95ed\u9986\u5916, \u6bcf\u592911:00\u523021:00\u5f00\u653e\uff0820:00\u524d\u6700\u540e\u5165\u573a\uff09\u3002", "phoneNumber": "0144781233", "description": "\u84ec\u76ae\u675c\u4e2d\u5fc3\uff0c\u4e5f\u88ab\u7f8e\u79f0\u4e3a\u201c\u6ce2\u5821\u201d\uff0c\u8fd9\u4e2a\u4e0e\u4f17\u4e0d\u540c\u7684\u5efa\u7b51\u662f1968\u5e74\u6cd5\u56fd\u603b\u7edf\u4e54\u6cbb\u2219\u84ec\u76ae\u675c\u6388\u6743\u4fee\u5efa\u7684\uff0c\u4e8e1977\u5e74\u5efa\u6210\u5f00\u653e\u3002\u5927\u591a\u6570\u5df4\u9ece\u4eba\u6700\u521d\u90fd\u88ab\u5b83\u98a0\u8986\u4f20\u7edf\u7684\u201c\u9ad8\u6280\u6d3e\u201d\u5efa\u7b51\u98ce\u683c\u6240\u9707\u64bc\uff0c\u7a7a\u8c03\u3001\u81ea\u52a8\u6276\u68af\u3001\u7535\u68af\u90fd\u88ab\u5efa\u5728\u5efa\u7b51\u7684\u5916\u9762\uff0c\u5185\u90e8\u5219\u662f\u7a7a\u524d\u7684\u81ea\u7531\u300220\u4e16\u7eaa90\u5e74\u4ee3\u540e\u671f\uff0c\u7ecf\u8fc7\u5927\u89c4\u6a21\u7684\u6574\u4fee\u4ee5\u540e\uff0c\u5728\u5176\u4e2d\u5fc3\u65b0\u5efa\u4e86\u56fd\u7acb\u73b0\u4ee3\u827a\u672f\u7f8e\u672f\u9986\u548c\u516c\u5171\u56fe\u4e66\u9986\u3001\u4e34\u65f6\u5c55\u89c8\u9986\u3001\u7535\u5f71\u9662\u4ee5\u53ca\u5176\u5b83\u8bbe\u65bd\u3002", "arriveMethod": "\u5730\u94c111\u53f7\u7ebfRambuteau\u7ad9\u4e0b", "address": "place Georges Pompidou,Paris, \u6cd5\u56fd", "tips": "\u4e94\u3001\u516d\u5c42\u662f\u53f7\u79f0\u6b27\u6d32\u85cf\u54c1\u6700\u591a\u7684\u73b0\u4ee3\u827a\u672f\u535a\u7269\u9986\uff0c\u4e0d\u540c\u7684\u6e38\u89c8\u666f\u70b9\u53c2\u89c2\u7684\u65f6\u95f4\u548c\u95e8\u7968\u7684\u4ef7\u683c\u662f\u4e0d\u540c\u7684\u3002"}');
INSERT INTO "city_picture" VALUES('4298a00f-1f53-11e2-b507-e4ce8f4b5244','centre_pompidou_1.jpg','/static/media/uploads/paris/centre_pompidou_1.jpg','','42979080-1f53-11e2-b420-e4ce8f4b5244','2012-10-26 09:55:23.456884+00:00');
INSERT INTO "city_picture" VALUES('42dc83d4-1f53-11e2-a165-e4ce8f4b5244','centre_pompidou_2.jpg','/static/media/uploads/paris/centre_pompidou_2.jpg','','42979080-1f53-11e2-b420-e4ce8f4b5244','2012-10-26 09:55:23.901799+00:00');
INSERT INTO "city_picture" VALUES('4326dfe3-1f53-11e2-8ede-e4ce8f4b5244','centre_pompidou_3.jpg','/static/media/uploads/paris/centre_pompidou_3.jpg','','42979080-1f53-11e2-b420-e4ce8f4b5244','2012-10-26 09:55:24.388925+00:00');
INSERT INTO "city_place" VALUES('4370088f-1f53-11e2-a4b6-e4ce8f4b5244','塞纳河','Seine',1,7,'2.304509','48.863649','塞纳河就像巴黎地图上的一条斜向上的抛物线，将整个巴黎一分为二，北边的巴黎叫右岸，南边的巴黎叫左岸。',8,'{"ticketInfo": "\u6e38\u8239\u95e8\u7968\u4e00\u822c\u4e3a 11EUR\u5de6\u53f3\u3002", "tips": "\u585e\u7eb3\u6cb3\u6e38\u8239\u8d44\u8baf\uff1a\u82cd\u8747\u8239 http://www.bateaux-mouches.fr/zh\uff1b\u5df4\u9ece\u4eba\u6e38\u8239 http://www.bateauxparisiens.com/", "description": "\u585e\u7eb3\u6cb3\u4f4d\u4e8e\u5df4\u9ece\u7684\u4e2d\u8f74\u7ebf\u4e0a\uff0c\u662f\u5df4\u9ece\u7248\u56fe\u4e0a\u4e0d\u53ef\u6216\u7f3a\u7684\u4e00\u90e8\u5206\u3002\u585e\u7eb3\u6cb3\u53f3\u5cb8\u662f\u5df4\u9ece\u7684\u5317\u90e8\u5730\u533a\uff0c\u800c\u5de6\u5cb8\u5219\u662f\u5357\u90e8\u5730\u533a\uff0c\u5cb8\u7684\u897f\u7aef\u5219\u662f\u5723\u65e5\u8033\u66fc\u5730\u533a\u3002\u6cb3\u4e0a\u5171\u670936\u9053\u6865\uff0c\u5176\u4e2d\u6700\u8d1f\u76db\u540d\u7684\u662f\u4e9a\u5386\u5c71\u5927\u4e09\u4e16\u6865\u3002\u585e\u7eb3\u6cb3\u5468\u8fb9\u6709\u8bb8\u591a\u8457\u540d\u7684\u5efa\u7b51\uff0c\u5c06\u5176\u8fde\u6210\u4e00\u7ebf\uff0c\u5305\u62ec\u5927\u5bab\u3001\u8363\u519b\u9662\u7b49\u3002\u60f3\u8981\u4e00\u7779\u585e\u7eb3\u6cb3\u7f8e\u4e3d\u7684\u98ce\u91c7\uff0c\u6700\u60ec\u610f\u6700\u72ec\u7279\u7684\u6e38\u89c8\u65b9\u5f0f\u4fbf\u662f\u4e58\u5750\u6cca\u9760\u5728\u963f\u5c14\u739b\u6865\u9644\u8fd1\u7684\u5c0f\u8239\uff0c\u4e00\u8fb9\u5212\u8239\uff0c\u4e00\u8fb9\u7ec6\u7ec6\u7684\u6b23\u8d4f\u7f8e\u4e3d\u7684\u98ce\u666f\u3002", "address": "La Seine, Paris, \u6cd5\u56fd"}');
INSERT INTO "city_picture" VALUES('43721be1-1f53-11e2-b871-e4ce8f4b5244','seine_1.jpg','/static/media/uploads/paris/seine_1.jpg','','4370088f-1f53-11e2-a4b6-e4ce8f4b5244','2012-10-26 09:55:24.882063+00:00');
INSERT INTO "city_picture" VALUES('43b1cc40-1f53-11e2-8e7a-e4ce8f4b5244','seine_2.jpg','/static/media/uploads/paris/seine_2.jpg','','4370088f-1f53-11e2-a4b6-e4ce8f4b5244','2012-10-26 09:55:25.299580+00:00');
INSERT INTO "city_picture" VALUES('43fb9657-1f53-11e2-84ec-e4ce8f4b5244','seine_3.jpg','/static/media/uploads/paris/seine_3.jpg','','4370088f-1f53-11e2-a4b6-e4ce8f4b5244','2012-10-26 09:55:25.782694+00:00');
INSERT INTO "city_place" VALUES('44471180-1f53-11e2-a242-e4ce8f4b5244','蒙马特高地','Montmartre',1,7,'2.338638','48.884466','一个拥有山城景致，艺术广场，圣洁教堂，闪烁霓虹，粉红橱窗，探夜流莺和柔软爱情的地方。',8,'{"website": "http://www.montmartre-paris-france.com/", "description": "\u8499\u9a6c\u7279\u5bf9\u4e8e\u5df4\u9ece\u5c31\u50cf\u66fc\u54c8\u987f\u5bf9\u4e8e\u7ebd\u7ea6\u4e00\u6837\uff0c\u53d7\u6b22\u8fce\u7a0b\u5ea6\u4ec5\u6b21\u4e8e\u57c3\u83f2\u5c14\u94c1\u5854\u3002\u5230\u8fd9\u4e2a\u6d6a\u6f2b\u4e4b\u90fd\u5982\u679c\u6ca1\u6709\u722c\u4e0a\u8fd9\u5ea7\u5947\u5f02\u7684\u5c0f\u5c71\u4e18\uff0c\u90a3\u4e48\u4f60\u7684\u65c5\u7a0b\u662f\u4e0d\u5b8c\u6574\u7684\u3002\u4f4d\u4e8e\u5176\u81f3\u9ad8\u70b9\u7684\u662f\u5723\u5fc3\u5927\u6559\u5802\uff0c\u5b83\u7684\u9ad8\u8d35\u548c\u58ee\u89c2\u8fde\u90a3\u4e9b\u65e0\u795e\u8bba\u8005\u90fd\u4e3a\u4e4b\u94a6\u4f69\u3002\u6500\u722c\u7684\u8fc7\u7a0b\u53ef\u80fd\u6709\u4e00\u70b9\u8f9b\u82e6\uff0c\u4f46\u662f\u5f53\u4e00\u4e2a\u5145\u6ee1\u6218\u4e89\u4e0e\u6d6a\u6f2b\u6c14\u606f\u7684\u57ce\u5e02\u7684\u5168\u666f\u5c55\u73b0\u5728\u4f60\u9762\u524d\u65f6\uff0c\u4f60\u4f1a\u89c9\u5f97\u8fd9\u662f\u5bf9\u4e8e\u60a8\u521a\u624d\u6500\u722c\u8270\u8f9b\u7684\u5956\u8d4f\u3002\u5728\u6cbf\u8def\u4e0a\u4f60\u4f1a\u770b\u5230\u53d8\u620f\u6cd5\u7684\u3001\u541e\u706b\u7684\u3001\u6a21\u4eff\u8868\u6f14\u7684\u548c\u4e00\u4e9b\u8457\u540d\u7684\u624b\u98ce\u7434\u6f14\u594f\u8005\uff0c\u8fd9\u4e9b\u4eba\u5c31\u662f\u5df4\u9ece\u7684\u4ee3\u540d\u8bcd\u3002\u5728\u4ee5\u524d\u8499\u9a6c\u7279\u662f\u4e00\u4e9b\u827a\u672f\u5bb6\u50cf\u83ab\u5948\u3001\u68b5\u9ad8\u7b49\u4eba\u7684\u5bb6\u4e61\uff0c\u5c3d\u7ba1\u5b83\u4eec\u5f88\u8d2b\u7a77\u4f46\u4ed6\u4eec\u90fd\u5728\u8fd9\u91cc\u5374\u521b\u4f5c\u4e86\u4ed6\u4eec\u6700\u8457\u540d\u7684\u4f5c\u54c1\u3002\u5373\u4f7f\u73b0\u5728\u4f60\u4e5f\u80fd\u53d1\u73b0\u4e00\u4e9b\u827a\u672f\u5bb6\u6cbf\u7740\u9e45\u5375\u77f3\u8def\u5e26\u7740\u4ed6\u4eec\u7684\u5e06\u5e03\u548c\u753b\u5237\uff0c\u968f\u7740\u65f6\u95f4\u7684\u53d8\u8fc1\uff0c\u63cf\u7ed8\u7740\u4e94\u5f69\u7f24\u7eb7\u7684\u4e16\u754c\u3002", "arriveMethod": "\u5730\u94c12\u53f7\u7ebfAnvers\u7ad9\uff0c12\u53f7\u7ebfAbbesses\u7ad9\uff0c\u6216\u5730\u94c12\u53f7\u7ebf\u300112\u53f7\u7ebfPigalle\u7ad9", "address": "21 Place Tertre, 75018 Paris, \u6cd5\u56fd"}');
INSERT INTO "city_picture" VALUES('4448590a-1f53-11e2-adc3-e4ce8f4b5244','montmartre_1.jpg','/static/media/uploads/paris/montmartre_1.jpg','','44471180-1f53-11e2-a242-e4ce8f4b5244','2012-10-26 09:55:26.285963+00:00');
INSERT INTO "city_picture" VALUES('4490172b-1f53-11e2-ac76-e4ce8f4b5244','montmartre_2.jpg','/static/media/uploads/paris/montmartre_2.jpg','','44471180-1f53-11e2-a242-e4ce8f4b5244','2012-10-26 09:55:26.756355+00:00');
INSERT INTO "city_picture" VALUES('44c275fa-1f53-11e2-9eb0-e4ce8f4b5244','montmartre_3.jpg','/static/media/uploads/paris/montmartre_3.jpg','','44471180-1f53-11e2-a242-e4ce8f4b5244','2012-10-26 09:55:27.086489+00:00');
INSERT INTO "city_place" VALUES('4508e86e-1f53-11e2-8dfe-e4ce8f4b5244','拉雪兹神父公墓','Cimetière du Père-Lachaise',1,7,'2.394247','48.861318','如果你厌倦了人潮和喧嚣，那就到拉雪兹神父公墓，安静的缅怀先人，看看王尔德墓前疯狂读者的香吻。',3,'{"website": "http://www.pere-lachaise.com", "phoneNumber": "0155258210", "description": "\u62c9\u96ea\u5179\u795e\u7236\u516c\u5893\u662f\u5df4\u9ece\u6700\u8457\u540d\u7684\u516c\u5893\uff0c\u5b83\u7684\u540d\u5b57\u6765\u6e90\u4e8e\u8def\u6613\u5341\u56db\u7684\u8654\u6094\u795e\u7236\uff0c\u4e5f\u662f\u8fd9\u4e2a\u62c9\u96ea\u5179\u539f\u6765\u7684\u6240\u6709\u8005\u30021840\u5e74\u3002\u5df4\u9ece\u5e02\u4e70\u4e0b\u4e86\u8fd9\u91cc\uff0c\u5e76\u5c06\u5176\u5efa\u4e3a\u516c\u5893\u3002\u8fd9\u91cc\u57cb\u846c\u7740\u5f88\u591a\u540d\u4eba\uff0c\u6709\u9a6c\u585e\u5c14\u2219\u5e03\u9c81\u65af\u7279\uff0c\u5965\u65af\u5361\u2219\u738b\u5c14\u5fb7\uff0c\u5df4\u5c14\u624e\u514b\uff0c\u6b4c\u5531\u5bb6\u4f0a\u8fea\u4e1d\u2219\u7435\u96c5\u592b\u4ee5\u53ca\u6447\u6eda\u8bd7\u4eba\u5409\u59c6\u2219\u83ab\u91cc\u68ee\uff08\u4ed6\u7684\u575f\u5893\u662f\u53c2\u89c2\u4eba\u6700\u591a\u7684\uff09\uff0c\u572819\u4e16\u7eaa\u4fee\u5efa\u7684\u5893\u7891\u4e2d\uff0c\u6709\u4e00\u5ea7\u88ab\u79f0\u4e3a\u5df4\u9ece\u516c\u793e\u793e\u5458\u5899\uff0c\u662f\u4e3a\u4e86\u7eaa\u5ff51871\u5e745\u670828\u65e5\u5df4\u9ece\u516c\u793e\u8fd0\u52a8\u4e2d\u88ab\u67aa\u6740\u7684147\u540d\u516c\u793e\u6218\u58eb\u800c\u5efa\u7684\u3002", "arriveMethod": "\u5730\u94c12\u53f7\u7ebf\u30013\u53f7\u7ebfPere Lachaise\u7ad9", "address": "Rue du Repos 16, Paris 75020 \u6cd5\u56fd", "tips": "\u5982\u679c\u6709\u5fc3\u5bfb\u627e\u540d\u4eba\u5893\u7891\uff0c\u4e00\u5b9a\u8981\u63d0\u524d\u4e0b\u8f7d\u6253\u5370\u5730\u56fe\uff0c\u73b0\u573a\u627e\u662f\u4e0d\u53ef\u80fd\u627e\u5230\u7684\u3002"}');
INSERT INTO "city_picture" VALUES('450a0adc-1f53-11e2-b4fd-e4ce8f4b5244','cimetiere_du_pere-lachaise_1.jpg','/static/media/uploads/paris/cimetiere_du_pere-lachaise_1.jpg','','4508e86e-1f53-11e2-8dfe-e4ce8f4b5244','2012-10-26 09:55:27.555212+00:00');
INSERT INTO "city_picture" VALUES('454e42cc-1f53-11e2-8478-e4ce8f4b5244','cimetiere_du_pere-lachaise_2.jpg','/static/media/uploads/paris/cimetiere_du_pere-lachaise_2.jpg','','4508e86e-1f53-11e2-8dfe-e4ce8f4b5244','2012-10-26 09:55:28.002754+00:00');
INSERT INTO "city_picture" VALUES('45b12c0f-1f53-11e2-aa48-e4ce8f4b5244','cimetiere_du_pere-lachaise_3.jpg','/static/media/uploads/paris/cimetiere_du_pere-lachaise_3.jpg','','4508e86e-1f53-11e2-8dfe-e4ce8f4b5244','2012-10-26 09:55:28.650090+00:00');
INSERT INTO "city_place" VALUES('45fe8075-1f53-11e2-9475-e4ce8f4b5244','莎士比亚书店','Shakespeare and Company',1,7,'2.347109','48.852590','黄色的招牌，深绿色的店面，杂乱却魅力十足，在这里不要冷漠地对待陌生人，因为他们可能是天使乔装的。',7,'{"website": "http://www.shakespeareandcompany.com/", "openTime": "\u6bcf\u592910:00~23:00\u8425\u4e1a\u3002", "description": "\u838e\u58eb\u6bd4\u4e9a\u4e66\u5e97\u8bde\u751f\u4e8e\u4e00\u6218\u4e4b\u540e\uff0c\u4e3b\u8981\u4ee5\u51fa\u552e\u82f1\u6587\u4e66\u7c4d\u4e3a\u4e3b\uff0c\u5f53\u65f6\u5728\u5df4\u9ece\u7684\u6d77\u660e\u5a01\u3001\u8d39\u5179\u6770\u62c9\u5fb7\u3001\u65af\u5766\u56e0\u7b49\u201c\u8ff7\u60d8\u7684\u4e00\u4ee3\u201d\u90fd\u662f\u4e66\u5e97\u4e3b\u4eba\u897f\u5c14\u7ef4\u4e9a\u00b7\u78a7\u5947(Sylvia Beach)\u7684\u5ea7\u4e0a\u5ba2\uff0c\u8fd9\u4e2a\u4e66\u5e97\u4e8c\u6218\u4e4b\u4e2d\u7531\u4e8e\u53d7\u5230\u7eb3\u7cb9\u7684\u9a9a\u6270\u800c\u5173\u95ed\u30021951\u5e74\uff0c\u4e00\u4e2a\u53eb\u4e54\u6cbb\u00b7\u60e0\u7279\u66fc\u7684\u7f8e\u56fd\u4eba\u5728\u5df4\u9ece\u5723\u6bcd\u9662\u5bf9\u9762\u7684BUCHERIE\u885737\u53f7\u5f00\u4e86\u4e00\u5bb6\u5356\u82f1\u6587\u4e66\u7c4d\u7684\u4e66\u5e97\uff0c\u50cf\u897f\u5c14\u7ef4\u4e9a\u4e00\u6837\uff0c\u4ed6\u628a\u4e66\u5e97\u7684\u4e8c\u5c42\u8f9f\u4e3a\u56fe\u4e66\u9986\uff0c\u4e66\u5806\u95f4\u8fd8\u6709\u5e8a\u94fa\uff0c\u6210\u4e86\u6587\u4eba\u805a\u4f1a\uff0c\u751a\u81f3\u4e34\u65f6\u6816\u5c45\u5730\u3002\u60e0\u7279\u66fc\u4e0e\u7f8e\u56fd\u4e1c\u6d77\u5cb8\u4f5c\u5bb6\u6765\u5f80\u5bc6\u5207\uff0c\u572850\u5e74\u4ee3\uff0c\u4e66\u5e97\u6210\u4e86\u57ae\u6d3e\u4f5c\u5bb6\u5728\u5df4\u9ece\u7684\u805a\u70b9\u3002\u540e\u6765\u65e7\u91d1\u5c71\u201c\u57ce\u5e02\u4e4b\u5149City light bookstore\u201d\u4e66\u5e97\u7684\u5e97\u4e3b\u5f53\u65f6\u4e5f\u7ecf\u5e38\u6ce1\u5728Shakspeare & Company\u300260\u5e74\u4ee3\uff0c\u60e0\u7279\u66fc\u5728\u5f97\u5230\u78a7\u5947\u5c0f\u59d0\u7684\u540c\u610f\u4e0b\uff0c\u6b63\u5f0f\u628a\u4e66\u5e97\u66f4\u540d\u4e3a\u838e\u58eb\u6bd4\u4e9a\u4e66\u5e97\u3002", "arriveMethod": "\u5730\u94c12\u53f7\u7ebfMaubert\u2014Mutualit\u00e9\u7ad9\uff0c\u6216RER C\u7ebfSaint-Michel-Notre-Dame\u7ad9", "address": "37 Rue de la Bucherie, 75005 Paris, \u6cd5\u56fd"}');
INSERT INTO "city_picture" VALUES('45ff8fd4-1f53-11e2-9a3e-e4ce8f4b5244','shakespeare_and_company_1.jpg','/static/media/uploads/paris/shakespeare_and_company_1.jpg','','45fe8075-1f53-11e2-9475-e4ce8f4b5244','2012-10-26 09:55:29.163961+00:00');
INSERT INTO "city_picture" VALUES('46430070-1f53-11e2-ada7-e4ce8f4b5244','shakespeare_and_company_2.jpg','/static/media/uploads/paris/shakespeare_and_company_2.jpg','','45fe8075-1f53-11e2-9475-e4ce8f4b5244','2012-10-26 09:55:29.606694+00:00');
INSERT INTO "city_picture" VALUES('465fd6f0-1f53-11e2-8784-e4ce8f4b5244','shakespeare_and_company_3.jpg','/static/media/uploads/paris/shakespeare_and_company_3.jpg','','45fe8075-1f53-11e2-9475-e4ce8f4b5244','2012-10-26 09:55:29.795665+00:00');
INSERT INTO "city_place" VALUES('46a98d99-1f53-11e2-9a36-e4ce8f4b5244','枫丹白露','Fontainebleau',1,7,'2.703225','48.401243','它的魅力不在于极致奢华，而在于年深日久的历史所沉淀下来的皇室风情，据说拿破仑也对这里念念不忘。',3,'{"ticketInfo": "\u95e8\u7968\u5927\u6bbf\u5efa\u7b51\u3001\u6b27\u4ec1\u59ae\u7687\u540e\u5ba2\u5385\u548c\u4e2d\u56fd\u9986\u5168\u79686.5EUR\uff0c\u534a\u79684.5EUR\uff0c18\u5c81\u4ee5\u4e0b\u514d\u8d39\uff1b\u5c0f\u6bbf\u5efa\u7b51\u548c\u62ff\u7834\u4ed1\u4e00\u4e16\u7eaa\u5ff5\u9986\u5168\u79683EUR\uff0c\u534a\u79682EUR\uff0c18\u5c81\u4ee5\u4e0b\u514d\u8d39\uff0c\u8bed\u97f3\u5bfc\u89c84.6EUR\uff08\u542b\u82f1\u3001\u6cd5\u3001\u65e5\u8bed\uff09\uff0c\u5e7f\u573a\u4e0e\u82b1\u56ed\u514d\u8d39\u3002\u9002\u7528\u535a\u7269\u9986\u5361\u3002", "openTime": "\u5927\u6bbf\u5efa\u7b51\u3001\u6b27\u4ec1\u59ae\u7687\u540e\u5ba2\u5385\u548c\u4e2d\u56fd\u998610\u6708~\u6b21\u5e745\u67089:30~17:00\uff0816:15\u524d\u6700\u540e\u5165\u573a\uff09\u30016~9\u67089:30~18:00\uff0817:15\u524d\u6700\u540e\u5165\u573a\uff09\uff1b\u5c0f\u6bbf\u5efa\u7b51\u548c\u62ff\u7834\u4ed1\u4e00\u4e16\u7eaa\u5ff5\u998610:15~15:00\uff0c\u5fc5\u987b\u8ddf\u968f\u5bfc\u6e38\u624d\u80fd\u5165\u5185\u53c2\u89c2\uff1b\u5e7f\u573a\u548c\u82b1\u56ed11\u670811\u6708~\u6b21\u5e742\u67089:00~17:00\u30013~4\u6708\u548c10\u67089:00~18:00\u30015~9\u67089:00~19:00\uff08\u82f1\u5f0f\u82b1\u56ed\u63d0\u65e91\u5c0f\u65f6\u5f00\u95e8\uff09\uff0c\u5468\u4e8c\u30011\u67081\u65e5\u30015\u67081\u65e5\u300112\u670825\u65e5\u4f11\u606f\u3002", "phoneNumber": "0160715060", "description": "\u67ab\u4e39\u767d\u9732\u662f\u6cd5\u56fd\u6700\u5927\u7684\u738b\u5bab\u4e4b\u4e00\uff0c\u6700\u7f8e\u7684\u662f\u5f17\u6717\u7d22\u74e6\u4e00\u4e16\u7684\u753b\u5eca\u3002\u5ba4\u5185\u6709\u4f17\u591a\u7684\u5bd3\u610f\u753b\u3001\u6c34\u679c\u88c5\u9970\u54c1\u3001\u82b1\u73af\u5f69\u5e26\u548c\u4e30\u5bcc\u7684\u77f3\u818f\u82b1\u9970\u3001\u96d5\u5851\u54c1\uff0c\u662f\u5e26\u610f\u5927\u5229\u98ce\u683c\u7684\u6cd5\u56fd\u6587\u827a\u590d\u5174\u827a\u672f\u7684\u5178\u8303\u3002\u8fd9\u5ea716\u4e16\u7eaa\u7684\u5bab\u6bbf\uff0c\u76f4\u523019\u4e16\u7eaa\u5b83\u7684\u4fee\u7f2e\u6269\u5efa\u90fd\u672a\u505c\u6b62\u8fc7\uff0c\u5404\u4e2a\u65f6\u671f\u7684\u5efa\u7b51\u98ce\u683c\u90fd\u5728\u8fd9\u91cc\u7559\u4e0b\u4e86\u75d5\u8ff9\uff0c\u4f17\u591a\u8457\u540d\u7684\u5efa\u7b51\u5bb6\u548c\u827a\u672f\u5bb6\u53c2\u4e0e\u4e86\u8fd9\u5ea7\u6cd5\u56fd\u5386\u4ee3\u5e1d\u738b\u884c\u5bab\u7684\u5efa\u8bbe\u3002", "arriveMethod": "\u4ece\u5df4\u9ece\u7684\u91cc\u6602\u706b\u8f66\u7ad9\uff08Gare due Lyon\uff09\u642d\u706b\u8f66\u5230Fontainebleau-Avon\u7ad9\u4e0b\uff0c\u7ea640\u5206\u949f\u53ef\u8fbe", "address": "Fontainebleau, \u6cd5\u56fd"}');
INSERT INTO "city_picture" VALUES('46aaac47-1f53-11e2-9b51-e4ce8f4b5244','fontainebleau_1.jpg','/static/media/uploads/paris/fontainebleau_1.jpg','','46a98d99-1f53-11e2-9a36-e4ce8f4b5244','2012-10-26 09:55:30.285406+00:00');
INSERT INTO "city_picture" VALUES('46eb4e23-1f53-11e2-a59c-e4ce8f4b5244','fontainebleau_2.jpg','/static/media/uploads/paris/fontainebleau_2.jpg','','46a98d99-1f53-11e2-9a36-e4ce8f4b5244','2012-10-26 09:55:30.709646+00:00');
INSERT INTO "city_picture" VALUES('472db24f-1f53-11e2-b3c6-e4ce8f4b5244','fontainebleau_3.jpg','/static/media/uploads/paris/fontainebleau_3.jpg','','46a98d99-1f53-11e2-9a36-e4ce8f4b5244','2012-10-26 09:55:31.144041+00:00');
INSERT INTO "city_place" VALUES('476a47eb-1f53-11e2-b01e-e4ce8f4b5244','亚历山大三世桥','Pont Alexandre-III',1,7,'2.313509','48.863852','塞纳河上最壮观的一座桥，也被称为世界上最美的大桥，据说天津的北安桥就是仿造了它。',8,'{"description": "\u5728\u5df4\u9ece\u6709\u4e00\u5ea7\u88ab\u79f0\u4e3a\u4e16\u754c\u4e0a\u6700\u7f8e\u7684\u5927\u6865\uff0c\u8fd9\u5c31\u662f\u4e9a\u5386\u5c71\u5927\u4e09\u4e16\u6865\u3002\u5927\u6865\u4e8e1900\u5e74\u5df4\u9ece\u535a\u89c8\u4f1a\u524d\u5efa\u6210\uff0c\u5168\u957f107\u7c73\uff0c\u662f\u4e00\u5ea7\u5355\u62f1\u94c1\u6865\u3002\u4e3a\u4e86\u4e0d\u5f71\u54cd\u4e24\u5cb8\u7684\u89c6\u91ce\uff0c\u6865\u8eab\u5efa\u9020\u5f97\u7279\u522b\u4f4e\u77ee\u3002\u5b83\u662f\u7531\u4fc4\u56fd\u6c99\u7687\u5c3c\u53e4\u62c9\u4e8c\u4e16\u4f5c\u4e3a\u6cd5\u4fc4\u4eb2\u5584\u7684\u793c\u7269\u9001\u7ed9\u6cd5\u56fd\u7684\uff0c\u5e76\u4ee5\u5c3c\u53e4\u62c9\u4e8c\u4e16\u7684\u7236\u4eb2\u4e9a\u5386\u5c71\u5927\u4e09\u4e16\u540d\u5b57\u547d\u540d\u3002\u5927\u6865\u5c06\u4e24\u5cb8\u7684\u9999\u69ad\u4e3d\u820d\u5927\u9053\u4e0e\u8363\u519b\u9662\u5e7f\u573a\u8fde\u63a5\u8d77\u6765\u3002\u6865\u7684\u4e24\u7aef\u5404\u6709\u4e00\u5bf9\u7acb\u67f1\uff0c\u67f1\u4e0a\u7684\u9752\u94dc\u9a91\u58eb\u96d5\u50cf\u9020\u578b\u751f\u52a8\u3002\u6865\u8eab\u88c5\u9970\u4ee5\u6c34\u751f\u52a8\u690d\u7269\u548c\u82b1\u73af\u4e3a\u4e3b\uff0c\u5c0f\u7231\u795e\u8def\u706f\u7cbe\u81f4\u53ef\u7231\u3002", "arriveMethod": "\u5730\u94c18\u53f7\u7ebf\u300113\u53f7\u7ebf\nInvalides\u7ad9\uff0c\u6216RER C\u7ebfInvalides\u7ad9", "address": "Pont Alexandre-III, Paris 75008 \u6cd5\u56fd"}');
INSERT INTO "city_picture" VALUES('476b799e-1f53-11e2-8474-e4ce8f4b5244','pont_alexandre-iii_1.jpg','/static/media/uploads/paris/pont_alexandre-iii_1.jpg','','476a47eb-1f53-11e2-b01e-e4ce8f4b5244','2012-10-26 09:55:31.548989+00:00');
INSERT INTO "city_picture" VALUES('47abd37d-1f53-11e2-9814-e4ce8f4b5244','pont_alexandre-iii_2.jpg','/static/media/uploads/paris/pont_alexandre-iii_2.jpg','','476a47eb-1f53-11e2-b01e-e4ce8f4b5244','2012-10-26 09:55:31.971363+00:00');
INSERT INTO "city_picture" VALUES('47dfd7c7-1f53-11e2-839d-e4ce8f4b5244','pont_alexandre-iii_3.jpg','/static/media/uploads/paris/pont_alexandre-iii_3.jpg','','476a47eb-1f53-11e2-b01e-e4ce8f4b5244','2012-10-26 09:55:32.312259+00:00');
INSERT INTO "city_place" VALUES('481c342b-1f53-11e2-98a8-e4ce8f4b5244','杜乐丽花园','Jardin des Tuileries',1,7,'2.327471','48.863501','优雅古典，无论是坐在池塘边，或是在露天咖啡座喝杯咖啡，都能感受到悠闲的巴黎。',7,'{"ticketInfo": "\u514d\u8d39", "openTime": "10\u6708\u81f3\u6b21\u5e743\u67087:30-19:30\uff0c4\u81f36\u6708\u548c9\u67087:30-21:00,7\u81f38\u6708\u5468\u4e00\u5230\u5468\u4e947:30-23:45\u3001\u5468\u516d\u3001\u5468\u65e57:30-24:45\u3002", "phoneNumber": "0140209043", "description": "\u675c\u4e50\u4e3d\u82b1\u56ed\u5750\u843d\u5728\u5df4\u9ece\u7684\u6b63\u4e2d\u5fc3\uff0c\u4f4d\u4e8e\u7f57\u6d6e\u5bab\u548c\u534f\u548c\u5e7f\u573a\u4e4b\u95f4\u30021564\u5e74\uff0c\u7687\u540e\u5361\u7279\u7433\u2219\u5fb7\u2219\u9ea6\u8fea\u5947\u4e0b\u65e8\u4fee\u5efa\u7684\uff0c\u540c\u4e00\u65f6\u95f4\u4fee\u5efa\u7684\u8fd8\u6709\u675c\u4e50\u4e3d\u5bab\u6bbf\uff08\u540e\u6765\u88ab\u7834\u574f\uff09\u30021664\u5e74\uff0c\u8457\u540d\u5efa\u7b51\u5e08\u5b89\u5fb7\u70c8\u2219\u52d2\u8bfa\u7279\u5bf9\u5176\u91cd\u65b0\u8bbe\u8ba1\u4fee\u5efa\uff0c\u5305\u62ec\u9053\u8def\u7684\u5e03\u5c40\uff0c\u5bf9\u79f0\u7684\u82b1\u5703\u4ee5\u53ca\u53ef\u4ee5\u89c2\u8d4f\u585e\u7eb3\u6cb3\u7f8e\u4e3d\u98ce\u666f\u7684\u9633\u53f0\u3002\u4e00\u76f4\u4ee5\u6765\uff0c\u8fd9\u91cc\u90fd\u662f\u4f11\u95f2\u6563\u6b65\u653e\u677e\u7684\u6700\u4f73\u5730\u70b9\uff0c\u8fd9\u91cc\u751a\u81f3\u6709\u9a91\u9a74\u6d3b\u52a8\u300221\u4e16\u7eaa\u4ee5\u6765\uff0c\u6bcf\u5e74\u76846\u6708\u52308\u670825\u65e5\uff0c\u675c\u4e50\u4e3d\u82b1\u56ed\u90fd\u4f1a\u4e3e\u529e\u4e00\u4e9b\u516c\u5e73\u6709\u8da3\u7684\u6d3b\u52a8\uff0c\u4f60\u53ef\u4ee5\u901a\u8fc7\u65cb\u8f6c\u7684\u6469\u5929\u8f6e\u89c2\u8d4f\u91cc\u6c83\u5229\u8857\u7f8e\u4e3d\u8ff7\u4eba\u7684\u666f\u8272\u3002\u8fd9\u4e2a\u82b1\u56ed\u4e5f\u662f\u6a58\u56ed\u548c\u56fd\u7acb\u7f8e\u672f\u9986\u6240\u5728\u5730\u3002", "arriveMethod": "\u5730\u94c11\u53f7\u7ebf\u30018\u53f7\u7ebf\u300112\u53f7\u7ebfConcorde\u7ad9\u4e0b\uff0c\u6216\u5730\u94c11\u53f7\u7ebfTuileries\u7ad9\u4e0b", "address": "rue de Rivoli, Paris 75001 \u6cd5\u56fd"}');
INSERT INTO "city_picture" VALUES('481d2e97-1f53-11e2-a9c7-e4ce8f4b5244','jardin_des_tuileries_1.jpg','/static/media/uploads/paris/jardin_des_tuileries_1.jpg','','481c342b-1f53-11e2-98a8-e4ce8f4b5244','2012-10-26 09:55:32.713666+00:00');
INSERT INTO "city_picture" VALUES('4862f240-1f53-11e2-8487-e4ce8f4b5244','jardin_des_tuileries_2.jpg','/static/media/uploads/paris/jardin_des_tuileries_2.jpg','','481c342b-1f53-11e2-98a8-e4ce8f4b5244','2012-10-26 09:55:33.171518+00:00');
INSERT INTO "city_picture" VALUES('48ab557d-1f53-11e2-bc2f-e4ce8f4b5244','jardin_des_tuileries_3.jpg','/static/media/uploads/paris/jardin_des_tuileries_3.jpg','','481c342b-1f53-11e2-98a8-e4ce8f4b5244','2012-10-26 09:55:33.645887+00:00');
INSERT INTO "city_picture" VALUES('48f848de-1f53-11e2-b757-e4ce8f4b5244','jardin_des_tuileries_4.jpg','/static/media/uploads/paris/jardin_des_tuileries_4.jpg','','481c342b-1f53-11e2-98a8-e4ce8f4b5244','2012-10-26 09:55:34.150114+00:00');
INSERT INTO "city_place" VALUES('4937df11-1f53-11e2-b3ca-e4ce8f4b5244','拉丁区','Quartier Latin',5,7,'2.349262','48.844959','拉丁区就像是一个漩涡，有精美的历史，也有纠结的情感往事，有趣的是，现实中正上演着历史中的种种。',8,'{"description": "\u62c9\u4e01\u533a\u7684\u540d\u5b57\u6765\u6e90\u4e8e\u65e9\u671f\u5c45\u4f4f\u5728\u90a3\u91cc\u8bf4\u62c9\u4e01\u8bed\u7684\u5b66\u751f\uff0c\u4e2d\u4e16\u7eaa\u65e9\u671f\u5c31\u6709\u4eba\u5c45\u4f4f\u5728\u90a3\u91cc\u3002\u5728\u90a3\u91cc\u4f60\u7ecf\u5e38\u53ef\u4ee5\u770b\u89c1\u827a\u672f\u5bb6\uff0c\u77e5\u8bc6\u5206\u5b50\uff0c\u8fd8\u6709\u4e00\u4e9b\u8fc7\u7740\u6ce2\u5e0c\u7c73\u4e9a\u5f0f\u751f\u6d3b\u7684\u4eba\u3002\u8fd9\u4e2a\u5730\u533a\u62e5\u6709\u5404\u5f0f\u5404\u6837\u7684\u5df4\u9ece\u98ce\u5473\u5efa\u7b51\uff0c\u50cf\u514b\u9c81\u5c3c\u7f8e\u672f\u9986\uff0c\u963f\u62c9\u4f2f\u4e16\u754c\u535a\u7269\u9986\uff0c\u56fd\u5bb6\u81ea\u7136\u5386\u53f2\u535a\u7269\u9986\u4ee5\u53ca\u690d\u7269\u56ed\u3002\u5728\u62c9\u4e01\u533a\u7684\u4e2d\u5fc3\uff0c\u4f5c\u4e3a\u5176\u6807\u5fd7\uff0c\u77d7\u7acb\u7740\u4e16\u754c\u8457\u540d\u7684\u7d22\u90a6\u5927\u5b66\u3002\u7d22\u90a6\u5927\u5b66\u65c1\u8fb9\u662f\u5145\u6ee1\u6d3b\u529b\u7684\u5386\u53f2\u6027\u5efa\u7b51\u548c\u9ad8\u7ea7\u5546\u5e97\u3002\u665a\u4e0a\uff0c\u8fd8\u53ef\u4ee5\u5728\u8fd9\u91cc\u4eab\u53d7\u70df\u96fe\u5f25\u6f2b\u7684\u9152\u5427\u548c\u7235\u58eb\u4e50\u4ff1\u4e50\u90e8\u3002", "address": "Le Quartier Latin,75005 Paris\uff0c\u6cd5\u56fd"}');
INSERT INTO "city_picture" VALUES('4938ee66-1f53-11e2-b3cb-e4ce8f4b5244','quartier_latin_1.jpg','/static/media/uploads/paris/quartier_latin_1.jpg','','4937df11-1f53-11e2-b3ca-e4ce8f4b5244','2012-10-26 09:55:34.573397+00:00');
INSERT INTO "city_picture" VALUES('497f4666-1f53-11e2-ab8f-e4ce8f4b5244','quartier_latin_2.jpg','/static/media/uploads/paris/quartier_latin_2.jpg','','4937df11-1f53-11e2-b3ca-e4ce8f4b5244','2012-10-26 09:55:35.034674+00:00');
INSERT INTO "city_picture" VALUES('49cc5af0-1f53-11e2-85c4-e4ce8f4b5244','quartier_latin_3.jpg','/static/media/uploads/paris/quartier_latin_3.jpg','','4937df11-1f53-11e2-b3ca-e4ce8f4b5244','2012-10-26 09:55:35.539999+00:00');
INSERT INTO "city_place" VALUES('4a0ef1bd-1f53-11e2-9c42-e4ce8f4b5244','红磨坊','Moulin Rouge',8,7,'2.332298','48.884117','绚丽的灯光，曼妙的歌声，那一片扭动，那一片摇摆，是香艳还是低俗，仁者见仁智者见智，看客请自解。',4,'{"ticketInfo": "\u8868\u6f1421:00\u4ef7\u683c99EUR\uff0c23:00\u4ef7\u683c89EUR\uff0c\u665a\u9910+\u8868\u6f14\u79c0145EUR\u8d77\u3002", "openTime": "21:00\u300123:00\u5404\u4e00\u573a\uff0c\u53e6\u6709\u665a\u9910+\u8868\u6f14\u79c019:00\u3002", "phoneNumber": "0153098282", "description": "\u7ea2\u78e8\u574a\u7684\u5386\u53f2\u53ef\u4ee5\u8ffd\u6eaf\u523019\u4e16\u7eaa\u4e0b\u534a\u53f6\u3002\u90a3\u65f6\u5019\uff0c\u6765\u81ea\u4e16\u754c\u5404\u5730\u7684\u6d41\u6d6a\u827a\u672f\u5bb6\uff0c\u5728\u8499\u9a6c\u7279\u9ad8\u5730\u4f5c\u753b\u5356\u827a\uff0c\u4f7f\u90a3\u4e00\u5e26\u5145\u6ee1\u827a\u672f\u6c14\u6c1b\uff0c\u6210\u4e3a\u5df4\u9ece\u6700\u522b\u81f4\u3001\u6700\u591a\u59ff\u591a\u5f69\u7684\u57ce\u533a\u4e4b\u4e00\u3002\u800c\u4eca\u7ea2\u78e8\u574a\u5df2\u6210\u4e3a\u4e00\u5bb6\u5927\u578b\u7684\u6b4c\u821e\u8868\u6f14\u5385\uff0c\u662f\u5df4\u9ece\u7684\u4e00\u4e2a\u65c5\u6e38\u666f\u70b9\u3002", "arriveMethod": "\u5730\u94c12\u53f7\u7ebfBlanche\u7ad9\u4e0b", "address": "82 Boulevard de Clichy, 75018 Paris, \u6cd5\u56fd"}');
INSERT INTO "city_picture" VALUES('4a109e38-1f53-11e2-976d-e4ce8f4b5244','moulin_rouge_1.jpg','/static/media/uploads/paris/moulin_rouge_1.jpg','','4a0ef1bd-1f53-11e2-9c42-e4ce8f4b5244','2012-10-26 09:55:35.987122+00:00');
INSERT INTO "city_picture" VALUES('4a59f678-1f53-11e2-a31c-e4ce8f4b5244','moulin_rouge_2.jpg','/static/media/uploads/paris/moulin_rouge_2.jpg','','4a0ef1bd-1f53-11e2-9c42-e4ce8f4b5244','2012-10-26 09:55:36.467196+00:00');
INSERT INTO "city_picture" VALUES('4af270c5-1f53-11e2-a46e-e4ce8f4b5244','moulin_rouge_3.jpg','/static/media/uploads/paris/moulin_rouge_3.jpg','','4a0ef1bd-1f53-11e2-9c42-e4ce8f4b5244','2012-10-26 09:55:37.467333+00:00');
INSERT INTO "city_place" VALUES('4b4e31f0-1f53-11e2-a356-e4ce8f4b5244','罗丹博物馆','Musee Rodin',1,7,'2.315873','48.855348','花草树丛中散落着罗丹的大型铜雕作品，独特而优雅，如果累了还可以在长椅上摆个《思想者》。',3,'{"website": "http://www.musee-rodin.fr/", "ticketInfo": "\u95e8\u7968\u535a\u7269\u9986\u5168\u79686EUR\u3001\u534a\u79684~5EUR\uff0c\u5361\u7c73\u8036\u5c55\u5168\u79687EUR\u3001\u534a\u79684~5EUR\uff0c\u4e24\u8005\u8054\u7968\uff08\u542b\u53c2\u89c2\u5ead\u9662\uff09\u5168\u796810EUR\u3001\u534a\u79687EUR\uff0c\u53ea\u53c2\u89c2\u5ead\u96621EUR\uff0c\u6bcf\u6708\u7b2c\u4e00\u4e2a\u5468\u65e5\u548c18\u5c81\u4ee5\u4e0b\u6e38\u4eba\u514d\u8d39\uff1b\u8bed\u97f3\u5bfc\u89c8\uff08\u542b\u82f1\u3001\u6cd5\u3001\u65e5\uff094EUR\u3002\u9002\u7528\u535a\u7269\u9986\u5361\u3002", "openTime": "4~9\u6708\u535a\u7269\u99869:30~17:45\uff0817:15\u524d\u6700\u540e\u5165\u573a\uff09\u3001\u5ead\u96629:30~18:45\uff0c10\u6708~\u6b21\u5e743\u6708\u535a\u7269\u99869:30~16:45\uff0816:15\u524d\u6700\u540e\u5165\u573a\uff09\u3001\u5ead\u96629:30~17:00\u3002", "phoneNumber": "0144186110", "description": "\u8fd9\u91cc\u66fe\u7ecf\u662f\u5965\u53e4\u65af\u7279\u2022\u7f57\u4e39\u5ea6\u8fc7\u4f59\u751f\u7684\u5730\u65b9\uff0c\u7f57\u4e39\u4ece1908\u5e74\u8d77\u5c31\u4f4f\u5728\u8fd9\u91cc\uff0c\u4e00\u76f4\u52301917\u5e74\u53bb\u4e16\uff0c\u4ece\u90a3\u65f6\u8d77\uff0c\u4ed6\u7684\u6770\u51fa\u96d5\u523b\u548c\u73cd\u8d35\u7684\u79c1\u4eba\u827a\u672f\u6536\u85cf\u54c1\u5c31\u88ab\u6536\u85cf\u5728\u4e86\u8fd9\u91cc\u3002\u6709\u5f88\u5927\u4e00\u90e8\u5206\u96d5\u523b\u7559\u5728\u4e86\u82b1\u56ed\u91cc\uff0c\u5176\u4e2d\u5c31\u5305\u62ec\u4ed6\u6700\u6709\u540d\u7684\u4e00\u4ef6\u4f5c\u54c1\u300a\u601d\u60f3\u8005\u300b \u3002\u82b1\u56ed\u91cc\uff0c\u6709\u90c1\u90c1\u8471\u8471\u7684\u6811\u6728\u4e3a\u4eba\u906e\u836b\uff0c\u6811\u4e0b\u8fd8\u6446\u653e\u4e86\u4f9b\u4eba\u4e58\u5750\u7eb3\u51c9\u7684\u957f\u6905\uff0c\u518d\u52a0\u4e0a\u56db\u5468\u5b81\u9759\u7684\u73af\u5883\uff0c\u4f7f\u8fd9\u91cc\u6210\u4e3a\u6700\u4f73\u51a5\u60f3\u548c\u653e\u677e\u7684\u5730\u65b9\u3002\u535a\u7269\u9986\u7684Villa des Brillants\u522b\u5885\uff0c\u662f\u7f57\u4e39\u4e8e1985\u5e74\u4e70\u4e0b\u7684\uff0c\u5750\u843d\u5728\u7a46\u4e1c\u3002\u5982\u679c\u4f60\u60f3\u6765\u7f57\u4e39\u535a\u7269\u9986\u53c2\u89c2\uff0c\u8bf7\u63d0\u524d\u6253\u7535\u8bdd\u6216\u8005\u67e5\u770b\u7f51\u7ad9\u4fe1\u606f\uff0c\u4ee5\u786e\u5b9a\u535a\u7269\u9986\u7684\u5f00\u9986\u65f6\u95f4\u3002", "arriveMethod": "\u5730\u94c113\u53f7\u7ebfVarenne\u7ad9\u4e0b", "address": "79 Rue de Varenne, Paris 75007 \u6cd5\u56fd"}');
INSERT INTO "city_picture" VALUES('4b4f422b-1f53-11e2-a0ae-e4ce8f4b5244','musee_rodin_1.jpg','/static/media/uploads/paris/musee_rodin_1.jpg','','4b4e31f0-1f53-11e2-a356-e4ce8f4b5244','2012-10-26 09:55:38.074837+00:00');
INSERT INTO "city_picture" VALUES('4b6487e8-1f53-11e2-91f9-e4ce8f4b5244','musee_rodin_2.jpg','/static/media/uploads/paris/musee_rodin_2.jpg','','4b4e31f0-1f53-11e2-a356-e4ce8f4b5244','2012-10-26 09:55:38.214170+00:00');
INSERT INTO "city_picture" VALUES('4c3b9c3a-1f53-11e2-9ab0-e4ce8f4b5244','musee_rodin_3.jpg','/static/media/uploads/paris/musee_rodin_3.jpg','','4b4e31f0-1f53-11e2-a356-e4ce8f4b5244','2012-10-26 09:55:39.623678+00:00');
INSERT INTO "city_picture" VALUES('4c84eade-1f53-11e2-af86-e4ce8f4b5244','musee_rodin_4.jpg','/static/media/uploads/paris/musee_rodin_4.jpg','','4b4e31f0-1f53-11e2-a356-e4ce8f4b5244','2012-10-26 09:55:40.105037+00:00');
INSERT INTO "city_place" VALUES('4cced49e-1f53-11e2-9647-e4ce8f4b5244','巴黎歌剧院','Opéra de Garnier',9,7,'2.331789','48.872044','巴黎歌剧院本身就是一款经典之作，华丽的大厅和楼梯，让人不禁遥想起过去的奢华年代。',7,'{"website": "http://www.opera-de-paris.fr", "ticketInfo": "\u53c2\u89c2\u95e8\u7968\u5168\u7968: 8EUR; \u534a\u7968: 4EUR\uff1b\u8868\u6f14\u7968\u4ef7\u8bf7\u67e5\u8be2\u5b98\u7f51\u3002", "openTime": "10:00-17:00\uff0816:30\u524d\u6700\u540e\u5165\u573a\uff09\uff0c1\u67081\u65e5\u30015\u67081\u65e5\u4f11\u606f\u3002", "phoneNumber": "0172293535", "description": "\u5df4\u9ece\u6b4c\u5267\u9662\uff0c\u4e5f\u5c31\u662f\u52a0\u5c3c\u53f6\u6b4c\u5267\u9662\uff0c\u662f\u4ee5\u8bbe\u8ba1\u5b83\u7684\u5efa\u7b51\u5e08\u6c99\u5c14\u52d2\u2219\u52a0\u5c3c\u53f6\u7684\u59d3\u6c0f\u547d\u540d\u7684\uff0c\u540e\u56e0\u4f5c\u5bb6\u52a0\u65af\u987f\u2219\u52d2\u9c81\u5199\u4e0b\u7684\u300a\u6b4c\u5267\u9b45\u5f71\u300b\u800c\u95fb\u540d\u4e8e\u4e16\u3002\u8fd9\u6240\u5efa\u7b51\u5c06\u5df4\u6d1b\u514b\u5f0f\u7684\u3001\u53e4\u5178\u7684\u3001\u5e0c\u814a\u7684\u4ee5\u53ca\u62ff\u7834\u4ed1\u4e09\u4e16\u65f6\u671f\u7684\u5efa\u7b51\u98ce\u683c\u5b8c\u7f8e\u7684\u7ed3\u5408\u5728\u4e00\u8d77\uff0c\u89c4\u6a21\u5b8f\u5927\uff0c\u7cbe\u7f8e\u7ec6\u81f4\uff0c\u91d1\u78a7\u8f89\u714c\u3002\u8fdb\u5165\u6b4c\u5267\u9662\uff0c\u7f8e\u4e3d\u7684\u9a6c\u8d5b\u514b\u56fe\u50cf\u5e84\u4e25\u8083\u7a46\uff0c\u5927\u5385\u91cc\u6709\u4e00\u4e2a\u5706\u5c4b\u9876\uff0c\u662f\u753b\u5bb6\u9a6c\u514b\u2219\u590f\u5361\u5c14\u8bbe\u8ba1\u88c5\u9970\u7684\uff0c\u975e\u5e38\u7cbe\u7f8e\uff0c\u65c1\u8fb9\u8fd8\u6709\u4e00\u4e2a\u8ba9\u4eba\u6c38\u751f\u96be\u5fd8\u7684\u6d1b\u53ef\u53ef\u5f0f\u697c\u68af\uff0c\u53ef\u4ee5\u76f4\u63a5\u901a\u5f80\u5267\u9662\u534e\u4e3d\u7684\u4f1a\u5ba2\u5ba4\u3002\u5267\u9662\u5916\u9762\uff0c\u4fee\u5efa\u4e86\u56db\u5ea7\u5b8f\u4f1f\u7684\u77f3\u5934\u96d5\u50cf\uff0c\u5206\u522b\u4ee3\u8868\u4e86\u97f3\u4e50\u3001\u6292\u60c5\u8bd7\u3001\u6292\u60c5\u5267\u3001\u821e\u8e48\u7b49\u5bd3\u610f\u3002\u4e0d\u8fc7\uff0c\u81ea\u4ece\u5df4\u58eb\u5e95\u6b4c\u5267\u9662\u5f00\u653e\u540e\uff0c\u5df4\u9ece\u6b4c\u5267\u9662\u4e3b\u8981\u96c6\u4e2d\u5728\u821e\u8e48\u5267\u7684\u8868\u6f14\u3002", "arriveMethod": "\u5730\u94c13\u53f7\u7ebf\u30017\u53f7\u7ebf\u30018\u53f7\u7ebfOp\u00e9ra\u7ad9\u4e0b", "address": "1 Place de l''Op\u00e9ra, Paris, \u6cd5\u56fd"}');
INSERT INTO "city_picture" VALUES('4ccfdb8c-1f53-11e2-9f46-e4ce8f4b5244','opera_de_garnier_1.jpg','/static/media/uploads/paris/opera_de_garnier_1.jpg','','4cced49e-1f53-11e2-9647-e4ce8f4b5244','2012-10-26 09:55:40.596111+00:00');
INSERT INTO "city_picture" VALUES('4d10ff40-1f53-11e2-8310-e4ce8f4b5244','opera_de_garnier_2.jpg','/static/media/uploads/paris/opera_de_garnier_2.jpg','','4cced49e-1f53-11e2-9647-e4ce8f4b5244','2012-10-26 09:55:41.022984+00:00');
INSERT INTO "city_picture" VALUES('4d3de480-1f53-11e2-b83e-e4ce8f4b5244','opera_de_garnier_3.jpg','/static/media/uploads/paris/opera_de_garnier_3.jpg','','4cced49e-1f53-11e2-9647-e4ce8f4b5244','2012-10-26 09:55:41.317293+00:00');
INSERT INTO "city_place" VALUES('4d6f41a6-1f53-11e2-a5ca-e4ce8f4b5244','花神咖啡馆','Café de flore',3,7,'2.332778','48.85398','萨特在这消磨了无数时光，即使在获得诺贝尔文学奖的那一刻，仍坐在那张惯常坐的椅子上喝着惯常喝的咖啡。',7,'{"website": "http://www.cafedeflore.fr/", "openTime": "\u6bcf\u5929\u65e9\u4e0a7:30-\u51cc\u66681:30\u5f00\u653e\u3002", "phoneNumber": "0145485526", "description": "\u82b1\u795e\u5496\u5561\u9986\uff0c\u662f\u5df4\u9ece\u8457\u540d\u4e09\u5927\u5496\u5561\u9986\u4e4b\u4e00\uff0c1865\u5e74\u5f00\u59cb\u8425\u4e1a\uff0c\u5b83\u4ee5\u63a5\u5f85\u6587\u5316\u827a\u672f\u754c\u4eba\u58eb\u800c\u95fb\u540d\u4e8e\u4e16\uff0c\u81f3\u4eca\u5df2\u6709\u4e00\u767e\u591a\u5e74\u7684\u5386\u53f2\u3002\u6bd5\u52a0\u7d22\u3001\u8428\u7279\u3001\u5e03\u96f7\u4e1c\u8fd8\u6709\u653f\u6cbb\u4eba\u7269\u6258\u6d1b\u65af\u57fa\u90fd\u5728\u90a3\u91cc\u559d\u8fc7\u5496\u5561\u3002\u82b1\u795e\u5496\u5561\u9986\uff0c\u73b0\u5728\u662f\u5c5e\u4e8e\u5df4\u9ece\u6587\u5316\u9057\u5740\u4fdd\u62a4\u5355\u4f4d\u3002", "arriveMethod": "\u5730\u94c14\u53f7\u7ebfSaint-Germain-des-Pr\u00e9s\u7ad9\u4e0b", "address": "172 Boulevard Saint-Germain, 75006 Paris, \u6cd5\u56fd"}');
INSERT INTO "city_picture" VALUES('4d70cda1-1f53-11e2-891f-e4ce8f4b5244','cafe_de_flore_1.jpg','/static/media/uploads/paris/cafe_de_flore_1.jpg','','4d6f41a6-1f53-11e2-a5ca-e4ce8f4b5244','2012-10-26 09:55:41.650969+00:00');
INSERT INTO "city_picture" VALUES('4db9b7fd-1f53-11e2-bd74-e4ce8f4b5244','cafe_de_flore_2.jpg','/static/media/uploads/paris/cafe_de_flore_2.jpg','','4d6f41a6-1f53-11e2-a5ca-e4ce8f4b5244','2012-10-26 09:55:42.128576+00:00');
INSERT INTO "city_picture" VALUES('4dfb7cfa-1f53-11e2-8cd9-e4ce8f4b5244','cafe_de_flore_3.jpg','/static/media/uploads/paris/cafe_de_flore_3.jpg','','4d6f41a6-1f53-11e2-a5ca-e4ce8f4b5244','2012-10-26 09:55:42.559620+00:00');
INSERT INTO "city_place" VALUES('4e155654-1f53-11e2-bb27-e4ce8f4b5244','双叟咖啡馆','Les Deux Magots',3,7,'2.333044','48.854026','海明威、萨特、毕加索……都曾把这里当做根据地，在露台的柳条椅上，在深绿色遮阳篷下，来一杯咖啡吧。',7,'{"website": "http://www.lesdeuxmagots.fr/", "openTime": "\u6bcf\u5929\u65e9\u4e0a7:00-\u51cc\u66681:00\u5f00\u653e\u3002", "phoneNumber": "0145485525", "description": "\u53cc\u53df\u5496\u5561\u9986\uff0c\u53c8\u8bd1\u201c\u53cc\u5076\u5496\u5561\u9986\u201d\u662f\u6cd5\u56fd\u5df4\u9ece\u7684\u4e00\u4e2a\u8457\u540d\u5496\u5561\u9986, \u4f4d\u4e8e\u5de6\u5cb8\u7684\u5723\u65e5\u8033\u66fc\u5fb7\u4f69\u533a\u3002\u5b83\u66fe\u7ecf\u62e5\u6709\u5df4\u9ece\u6587\u5b66\u548c\u77e5\u8bc6\u7cbe\u82f1\u805a\u96c6\u5730\u7684\u58f0\u8a89\u3002\u8fd9\u58f0\u8a89\u6765\u81ea\u4e8e\u6765\u6b64\u5149\u987e\u7684\u8d85\u73b0\u5b9e\u4e3b\u4e49\u827a\u672f\u5bb6\uff0c\u897f\u8499\u00b7\u6ce2\u5a03\u548c\u8428\u7279\u7b49\u77e5\u8bc6\u5206\u5b50\uff0c\u548c\u6b27\u5185\u65af\u7279\u00b7\u6d77\u660e\u5a01\u7b49\u5e74\u8f7b\u4f5c\u5bb6\u3002\u52a0\u7f2a\u548c\u6bd5\u52a0\u7d22\u4e5f\u662f\u8fd9\u91cc\u7684\u5e38\u5ba2\u3002", "arriveMethod": "\u5730\u94c14\u53f7\u7ebfSaint-Germain-des-Pr\u00e9s\u7ad9\u4e0b", "address": "6 Place St Germain des Pr\u00e9s, 75006 Paris, \u6cd5\u56fd"}');
INSERT INTO "city_picture" VALUES('4e16dc8f-1f53-11e2-8cc1-e4ce8f4b5244','les_deux_magots_1.jpg','/static/media/uploads/paris/les_deux_magots_1.jpg','','4e155654-1f53-11e2-bb27-e4ce8f4b5244','2012-10-26 09:55:42.738921+00:00');
INSERT INTO "city_picture" VALUES('4e54fe75-1f53-11e2-aef5-e4ce8f4b5244','les_deux_magots_2.jpg','/static/media/uploads/paris/les_deux_magots_2.jpg','','4e155654-1f53-11e2-bb27-e4ce8f4b5244','2012-10-26 09:55:43.146213+00:00');
INSERT INTO "city_picture" VALUES('4e64c40a-1f53-11e2-813a-e4ce8f4b5244','les_deux_magots_3.jpg','/static/media/uploads/paris/les_deux_magots_3.jpg','','4e155654-1f53-11e2-bb27-e4ce8f4b5244','2012-10-26 09:55:43.248571+00:00');
INSERT INTO "city_place" VALUES('4ea49ccc-1f53-11e2-ba89-e4ce8f4b5244','橘园美术馆','Musee de l''Orangerie',1,7,'2.3222','48.863947','纯白的墙面，柔和的光线透过天窗洒落进来，那些粉红色、浅紫色、东青色的睡莲似乎都漂浮在画布之上。',3,'{"website": "http://www.musee-orangerie.fr", "ticketInfo": "\u95e8\u7968\u5168\u4ef77.5EUR\uff0c\u534a\u79685.5EUR\uff0c\u7279\u5c55\u9644\u52a02EUR\uff0c\u6bcf\u6708\u7b2c\u4e00\u4e2a\u5468\u65e5\u548c18\u5c81\u4ee5\u4e0b\u514d\u8d39\uff0c\u8bed\u97f3\u5bfc\u89c8\uff08\u542b\u4e2d\u3001\u82f1\u3001\u6cd5\u3001\u65e5\uff095EUR\u3002\u9002\u7528\u535a\u7269\u9986\u5361\u3002", "openTime": "\u7f8e\u672f\u99869:00-18:00\uff0817:45\u524d\u6700\u540e\u5165\u573a\uff09\u3001\u4e66\u5e979:00-17:30\uff0c\u5468\u4e8c\u300112\u670825\u65e5\u4f11\u606f\u3002", "phoneNumber": "0144778007", "description": "\u53bb\u7f8e\u4e3d\u7684\u675c\u4e50\u4e3d\u82b1\u56ed\u65c5\u884c\u5427\uff0c\u6a58\u56ed\u7f8e\u672f\u9986\u5c31\u4f4d\u4e8e\u8fd9\u91cc\u3002\u8fd9\u4e2a\u535a\u7269\u9986\u85cf\u6709\u8bb8\u591a\u8457\u540d\u7684\u6781\u597d\u7684\u827a\u672f\u5bb6\u7684\u4f5c\u54c1\uff0c\u50cf\u585e\u5c1a\uff0c\u9a6c\u8482\u65af\uff0c\u6bd5\u52a0\u7d22\u548c\u4ea8\u5229\u5362\u68ad\u7b49\u5927\u5bb6\u7684\u4f5c\u54c1\u90fd\u6709\u6536\u96c6\u3002\u5728\u672c\u9986\u4e2d\u7684\u6240\u6709\u7684\u4f5c\u54c1\u90fd\u4ea4\u7ed9Jean Walter \u548c Paul Guillaume\u4fdd\u7ba1\u3002\u8fd9\u4e24\u4e2a\u827a\u672f\u72c2\u70ed\u5206\u5b50\u786e\u4fdd\u6240\u6709\u7684\u4f5c\u54c1\u4e00\u8d77\u5c55\u73b0\uff0c\u4ee5\u4fbf\u516c\u4f17\u80fd\u6b23\u8d4f\u5230\u5b83\u4eec\u7684\u6240\u6709\u5149\u8f89\u3002\u5728\u5730\u4e0b\u5ba4\u91cc\u6709\u4e00\u4e2a\u5947\u89c2\uff0c\u5728\u8fd9\u4e2a\u692d\u5706\u5f62\u7684\u623f\u5b50\u91cc\uff0c\u4e00\u4e9b\u83ab\u5948\u7684\u6c34\u767e\u5408\u753b\u6c38\u4e45\u5c55\u51fa\u3002\u53e6\u4e00\u4e2a\u7b49\u5f85\u7740\u4f60\u7684\u5947\u89c2\u662f\uff0c\u56fd\u7acb\u753b\u5eca\u7684\u9999\u683c\u91cc\u62c9\uff0c\u8fd9\u662f\u4e00\u4e2a\u6a58\u56ed\u53cc\u5b50\u5854\u3002", "arriveMethod": "\u5730\u94c11\u53f7\u7ebf\u30018\u53f7\u7ebf\u300112\u53f7\u7ebfConcorde\u7ad9\u4e0b", "address": "Jardin Tuileries, 75001 Paris, \u6cd5\u56fd"}');
INSERT INTO "city_picture" VALUES('4ea5d9ca-1f53-11e2-823f-e4ce8f4b5244','musee_de_l''orangerie_1.jpg','/static/media/uploads/paris/musee_de_l''orangerie_1.jpg','','4ea49ccc-1f53-11e2-ba89-e4ce8f4b5244','2012-10-26 09:55:43.675311+00:00');
INSERT INTO "city_picture" VALUES('4eea8747-1f53-11e2-8892-e4ce8f4b5244','musee_de_l''orangerie_2.jpg','/static/media/uploads/paris/musee_de_l''orangerie_2.jpg','','4ea49ccc-1f53-11e2-ba89-e4ce8f4b5244','2012-10-26 09:55:44.126231+00:00');
INSERT INTO "city_picture" VALUES('521bf280-1f53-11e2-9e3d-e4ce8f4b5244','musee_de_l''orangerie_3.jpg','/static/media/uploads/paris/musee_de_l''orangerie_3.jpg','','4ea49ccc-1f53-11e2-ba89-e4ce8f4b5244','2012-10-26 09:55:49.483406+00:00');
INSERT INTO "city_place" VALUES('525945ae-1f53-11e2-b1f5-e4ce8f4b5244','卢森堡公园','Jardin du Luxembourg',1,7,'2.337274','48.846947','据说许多巴黎人童年时都在这里的八角形池塘里用长棍子划过小木船，而现在他们的孩子又在这里做这些。',3,'{"ticketInfo": "\u516c\u56ed\u514d\u8d39\uff0c\u535a\u7269\u9986\u5168\u796811EUR\uff0c\u534a\u79686~9EUR\uff1b10\u5c81\u4ee5\u4e0b\u514d\u8d39\u3002", "openTime": "\u516c\u56ed24\u5c0f\u65f6\u5f00\u653e\uff0c\u535a\u7269\u9986\u5468\u4e00\u3001\u4e94\u3001\u516d10:30-22\uff1a00\uff0c\u5468\u4e8c~\u5468\u56db10:30-19:00\uff0c\u5468\u65e59:00-19:00\u3002", "phoneNumber": "0142342595", "description": "\u5362\u68ee\u5821\u516c\u56ed\u548c\u5362\u68ee\u5821\u5bab\u6bbf\u6240\u5904\u7684\u4f4d\u7f6e\u662f\u539f\u6765\u7f57\u9a6c\u519b\u961f\u624e\u8425\u7684\u5730\u65b9\u30021257\u5e74\uff0c\u590f\u7279\u5c14\u732b\u4fee\u9053\u7ec4\u7ec7\u4e70\u4e0b\u8fd9\u91cc\u5e76\u5728\u6b64\u4fee\u5efa\u4e86\u4e00\u5ea7\u4fee\u9053\u9662\uff0c\u76f4\u52301615\u5e74\uff0c\u5973\u6444\u653f\u738b\u739b\u5229\u4e9a\u2219\u51af\u2219\u6885\u8fea\u5947\u5728\u6b64\u4fee\u5efa\u4e86\u5362\u68ee\u5821\u5bab\u6bbf\u3002\u5362\u68ee\u5821\u516c\u56ed\u662f\u5df4\u9ece\u4eba\u6c11\u6700\u559c\u6b22\u7684\u516c\u56ed\u4e4b\u4e00\uff0c\u5c24\u5176\u662f\u5b83\u5de7\u5999\u7cbe\u7f8e\u6070\u5982\u5176\u5206\u7684\u5e03\u5c40\u3002\u8fd9\u91cc\u4e5f\u662f\u6700\u53d7\u5df4\u9ece\u62c9\u4e01\u533a\u5b66\u751f\u548c\u5c45\u6c11\u6b22\u8fce\u7684\u5730\u65b9\uff0c\u5b69\u5b50\u4eec\u53ef\u4ee5\u5728\u8fd9\u91cc\u5c3d\u60c5\u7684\u73a9\u800d\uff0c\u9a91\u77ee\u77ee\u7684\u5c0f\u9a6c\u9a79\uff0c\u8361\u79cb\u5343\uff0c\u5728\u516b\u89d2\u5f62\u7684\u6c60\u5858\u4e86\u5f00\u73a9\u5177\u8239\u3002\u5f53\u7136\u8fd9\u91cc\u4e5f\u662f\u6df1\u53d7\u4eba\u4eec\u9752\u7750\u7684\u96c6\u4f1a\u7ea6\u4f1a\u7684\u5730\u65b9\u3002\u5362\u68ee\u5821\u516c\u56ed\u6bcf\u5929\u65e9\u66687\u70b9\u534a\u5f00\u59cb\u5c06\u5bf9\u5916\u5f00\u653e\u3002", "arriveMethod": "\u5730\u94c112\u53f7\u7ebfRennes\u7ad9\u4e0b\uff0c\u6216RER B\u7ebfLuxembourg\u7ad9\u4e0b", "address": "19 Rue de Vaugirard, Paris, \u6cd5\u56fd"}');
INSERT INTO "city_picture" VALUES('525a4170-1f53-11e2-8a61-e4ce8f4b5244','jardin_du_luxembourg_1.jpg','/static/media/uploads/paris/jardin_du_luxembourg_1.jpg','','525945ae-1f53-11e2-b1f5-e4ce8f4b5244','2012-10-26 09:55:49.891391+00:00');
INSERT INTO "city_picture" VALUES('5299c12e-1f53-11e2-923e-e4ce8f4b5244','jardin_du_luxembourg_2.jpg','/static/media/uploads/paris/jardin_du_luxembourg_2.jpg','','525945ae-1f53-11e2-b1f5-e4ce8f4b5244','2012-10-26 09:55:50.307761+00:00');
INSERT INTO "city_picture" VALUES('52e41d8c-1f53-11e2-ad9a-e4ce8f4b5244','jardin_du_luxembourg_3.jpg','/static/media/uploads/paris/jardin_du_luxembourg_3.jpg','','525945ae-1f53-11e2-b1f5-e4ce8f4b5244','2012-10-26 09:55:50.795205+00:00');
INSERT INTO "city_place" VALUES('52fffb38-1f53-11e2-ab42-e4ce8f4b5244','巴黎爱墙','The love Wall Of Paris',1,7,'2.338725','48.884764','“就使有一天霹雳震翻了宇宙，也震不翻你我‘爱墙’内的自由！”徐志摩应该没想到，巴黎真的有了“爱墙”吧！',8,'{"ticketInfo": "\u514d\u8d39", "openTime": "24\u5c0f\u65f6", "description": "\u5df4\u9ece\u7231\u5899\u5750\u843d\u4e8e\u5df4\u9ece\u5e02\u5317\u8499\u9a6c\u7279\u9ad8\u5730\u534a\u5c71\u8170\u4e0a\u7684\u4e00\u4e2a\u5c0f\u516c\u56ed\u91cc\u3002\u8499\u9a6c\u7279\u9ad8\u5730\u662f\u5df4\u9ece\u6587\u4eba\u805a\u5c45\u7684\u5730\u65b9\uff0c\u8fd9\u91cc\u6709\u8457\u540d\u7684\u5723\u5fc3\u5723\u6bbf\u3001\u7ea2\u78e8\u574a\u3002\u7231\u5899\u9762\u79ef\u7ea6\u4e3a40\u5e73\u65b9\u7c73\uff0c\u7531511\u5757\u6df1\u84dd\u8272\u7684\u957f\u65b9\u5f62\u77f3\u7816\u7ec4\u6210\uff0c\u5899\u4e0a\u5199\u6ee1\u4e86\u201c\u6211\u7231\u4f60\u201d\uff0c\u636e\u8bf4\u5305\u62ec311\u79cd\u5b57\u4f53\u548c280\u79cd\u8bed\u8a00\u3002\u5899\u58c1\u5de6\u4fa7\u53ef\u4ee5\u627e\u5230\u4e09\u4e2a\u7ad6\u6392\u7684\u4e2d\u6587\u201c\u7231\u201d\u5b57\u3002\u5728\u5899\u7684\u4e0a\u65b9\u6709\u4e00\u5e45\u753b\uff0c\u753b\u4e2d\u662f\u4e00\u4f4d\u8eab\u7a7f\u6df1\u84dd\u8272\u540a\u5e26\u88d9\u7684\u5973\u5b69\uff0c\u659c\u501a\u5728\u4e00\u5f20\u5c0f\u684c\u65c1\uff0c\u753b\u65c1\u8fb9\u6709\u4e00\u884c\u5c0f\u5b57\uff1a\u201c\u4fdd\u6301\u7406\u667a\uff0c\u52ff\u8981\u5f3a\u6c42\uff08soyons raisonnable, exigeons l''impossible\uff09\u201d\u3002", "arriveMethod": "\u5730\u94c112\u53f7\u7ebfAbbesses\u7ad9", "address": "Square Jean Rictus 75018 Paris, \u6cd5\u56fd"}');
INSERT INTO "city_picture" VALUES('53010923-1f53-11e2-804b-e4ce8f4b5244','the_love_wall_of_paris_1.jpg','/static/media/uploads/paris/the_love_wall_of_paris_1.jpg','','52fffb38-1f53-11e2-ab42-e4ce8f4b5244','2012-10-26 09:55:50.984456+00:00');
INSERT INTO "city_picture" VALUES('5344d97d-1f53-11e2-b178-e4ce8f4b5244','the_love_wall_of_paris_2.jpg','/static/media/uploads/paris/the_love_wall_of_paris_2.jpg','','52fffb38-1f53-11e2-ab42-e4ce8f4b5244','2012-10-26 09:55:51.429145+00:00');
INSERT INTO "city_picture" VALUES('5356d7a1-1f53-11e2-8ae7-e4ce8f4b5244','the_love_wall_of_paris_3.jpg','/static/media/uploads/paris/the_love_wall_of_paris_3.jpg','','52fffb38-1f53-11e2-ab42-e4ce8f4b5244','2012-10-26 09:55:51.547099+00:00');
INSERT INTO "city_place" VALUES('539640e8-1f53-11e2-95f7-e4ce8f4b5244','艺术桥','Pont des Arts',1,7,'2.337746','48.858793','这座铁桥是巴黎黑白明信片上最常出现的风景，除了古色古香的木椅和桥灯，还有那大大小小的爱情锁。',8,'{"ticketInfo": "\u514d\u8d39", "openTime": "24\u5c0f\u65f6", "description": "\u5728\u6a2a\u8de8\u585e\u7eb3\u6cb3\u768436\u5ea7\u6865\u4e2d\u827a\u672f\u6865\u65e0\u7591\u662f\u6700\u6709\u6d6a\u6f2b\u7279\u8272\u7684\uff0c\u5b83\u7684\u5168\u91d1\u5c5e\u6865\u8eab\u5c06\u5362\u6d6e\u5bab\u548c\u6cd5\u56fd\u5b66\u9662\u8fde\u63a5\u5728\u4e00\u8d77\u3002\u8fd9\u4e2a\u5efa\u4e8e18\u4e16\u7eaa\u7684\u4ee4\u4eba\u5174\u594b\u7684\u5c0f\u5929\u6865\u66fe\u7ecf\u4e00\u5ea6\u662f\u4e00\u5ea7\u6b65\u884c\u6865\u3002\u8d77\u521d\uff0c\u5728\u6865\u7684\u6bcf\u4e00\u7aef\u90fd\u5efa\u6709\u4e00\u4e2a\u6536\u8d39\u7ad9\uff0c\u786e\u4fdd\u53ea\u6709\u4e0a\u5c42\u9636\u7ea7\u53ef\u4ee5\u5728\u6865\u4e0a\u884c\u8d70\u3002", "arriveMethod": "\u5730\u94c17\u53f7\u7ebfPont Neuf\u7ad9\u4e0b", "address": "Place de l''Institut, 75006 Paris, \u6cd5\u56fd"}');
INSERT INTO "city_picture" VALUES('53976433-1f53-11e2-9306-e4ce8f4b5244','pont_des_arts_1.jpg','/static/media/uploads/paris/pont_des_arts_1.jpg','','539640e8-1f53-11e2-95f7-e4ce8f4b5244','2012-10-26 09:55:51.969668+00:00');
INSERT INTO "city_picture" VALUES('53df4da6-1f53-11e2-a742-e4ce8f4b5244','pont_des_arts_2.jpg','/static/media/uploads/paris/pont_des_arts_2.jpg','','539640e8-1f53-11e2-95f7-e4ce8f4b5244','2012-10-26 09:55:52.441202+00:00');
INSERT INTO "city_picture" VALUES('5406f2de-1f53-11e2-b827-e4ce8f4b5244','pont_des_arts_3.jpg','/static/media/uploads/paris/pont_des_arts_3.jpg','','539640e8-1f53-11e2-95f7-e4ce8f4b5244','2012-10-26 09:55:52.700762+00:00');
INSERT INTO "city_place" VALUES('5447ab75-1f53-11e2-b460-e4ce8f4b5244','圣礼拜堂','Sainte Chapelle',1,7,'2.345162','48.855323','美轮美奂的彩绘玻璃窗与巴黎圣母院的玫瑰玻璃窗齐名，16面彩色玻璃窗却诉说了千余个圣经故事。',3,'{"ticketInfo": "\u5168\u79687.5EUR\uff0c\u534a\u79684.8EUR\uff0c10\u6708~\u6b21\u5e743\u6708\u7b2c\u4e00\u4e2a\u5468\u65e5\u548c18\u5c81\u4ee5\u4e0b\u514d\u8d39\u3002\u9002\u7528\u535a\u7269\u9986\u5361\u3002", "openTime": "\u96641\u67081\u65e5, 5\u67081\u65e5, 12\u670825\u65e5\u95ed\u9986\u5916, \u6bcf\u5e743\u6708\u81f310\u67089:30~18:00\uff0817:30\u524d\u6700\u540e\u5165\u573a\uff09\uff0c11\u6708~\u6b21\u5e742\u67089:00~17:00\uff0816:30\u524d\u6700\u540e\u5165\u573a\uff09\u3002", "phoneNumber": "0153406097", "description": "\u5723\u793c\u62dc\u5802\u4e0e\u90bb\u8fd1\u7684\u53f8\u6cd5\u5bab\u6bbf\u540c\u4f4d\u4e8e\u5df4\u9ece\u5e02\u4e2d\u5fc3\u7684\u897f\u5824\u5c9b\u4e0a\uff0c\u5b83\u662f\u4e00\u4e2a\u5178\u578b\u7684\u54e5\u7279\u5f0f\u8f90\u5c04\u98ce\u683c\u5c0f\u6559\u5802\uff0c1238\u5e74\u81f31244\u5e74\u8def\u6613\u4e5d\u4e16\u56fd\u738b\u4e0b\u4ee4\u4fee\u5efa\u3002\u8fd9\u91cc\u4e3b\u8981\u7528\u6765\u4fdd\u5b58\u4e00\u4e9b\u8036\u7a23\u53d7\u96be\u65f6\u8346\u51a0\u6b8b\u7247\u7b49\u5723\u54c1\u3002\u8fd9\u4e9b\u5723\u54c1\u662f1239\u5e74\u62dc\u5360\u5ead\u7687\u5e1d\u9c8d\u5fb7\u6e29\u4e8c\u4e16\u82b1\u4e86135000\u5229\u5f17\uff08\u4fee\u5efa\u8be5\u6559\u5802\u53ea\u82b1\u8d39\u4e8640000\u5229\u5f17\uff09\u7684\u5929\u4ef7\u8d2d\u4e70\u7684\uff0c\u4e3b\u8981\u662f\u4e3a\u4e86\u63d0\u5347\u5df4\u9ece\u4f5c\u4e3a\u897f\u65b9\u57fa\u7763\u6559\u9886\u5bfc\u8005\u7684\u5730\u4f4d\u3002\u5723\u793c\u62dc\u5802\u7ed9\u53c2\u89c2\u8005\u4e00\u79cd\u4e0e\u4f17\u4e0d\u540c\u7684\u58ee\u4e3d\u89c6\u89c9\u4f53\u9a8c\uff0c\u56e0\u4e3a\u6574\u4e2a\u6559\u5802\u7684\u4e0a\u5c42\u662f\u7528\u5de8\u578b\u7684\u5f69\u8272\u73bb\u7483\u7a97\u56f4\u6210\u7684\u3002", "arriveMethod": "\u5730\u94c14\u53f7\u7ebfCit\u00e9\u7ad9\u4e0b", "address": "4 Boulevard du Palais, Paris 75001 \u6cd5\u56fd"}');
INSERT INTO "city_picture" VALUES('5448b1a6-1f53-11e2-b350-e4ce8f4b5244','sainte_chapelle_1.jpg','/static/media/uploads/paris/sainte_chapelle_1.jpg','','5447ab75-1f53-11e2-b460-e4ce8f4b5244','2012-10-26 09:55:53.131719+00:00');
INSERT INTO "city_picture" VALUES('549266a1-1f53-11e2-bead-e4ce8f4b5244','sainte_chapelle_2.jpg','/static/media/uploads/paris/sainte_chapelle_2.jpg','','5447ab75-1f53-11e2-b460-e4ce8f4b5244','2012-10-26 09:55:53.615162+00:00');
INSERT INTO "city_picture" VALUES('54dfd52b-1f53-11e2-8224-e4ce8f4b5244','sainte_chapelle_3.jpg','/static/media/uploads/paris/sainte_chapelle_3.jpg','','5447ab75-1f53-11e2-b460-e4ce8f4b5244','2012-10-26 09:55:54.121730+00:00');
INSERT INTO "city_place" VALUES('54fd519c-1f53-11e2-8a80-e4ce8f4b5244','先贤祠','Pantheon',1,7,'2.346171','48.846308','法国名人和伟人的安息之地，有趣的是，启蒙运动中的死对头卢梭和伏尔泰却在这里相互为伴，待了两个多世纪。',3,'{"ticketInfo": "\u95e8\u7968\u5168\u79687.5EUR\u3001\u534a\u7968\uff1a4.8EUR\uff0c10\u6708~\u6b21\u5e743\u6708\u7b2c\u4e00\u4e2a\u5468\u65e5\u548c18\u5c81\u4ee5\u4e0b\u514d\u8d39\u3002\u9002\u7528\u535a\u7269\u9986\u5361\u3002", "openTime": "4~9\u670810:00~18:30\u300110\u6708~\u6b21\u5e743\u670810:00~18:00\uff1b\u9876\u5c424~10\u670810:15\u300111:00\u300114:30\u300115:30\u300116:30\u300117:15\u5f00\u653e\u53c2\u89c2\uff0c1\u67081\u65e5\u30015\u67081\u65e5\u300112\u670825\u65e5\u4f11\u606f\u3002", "phoneNumber": "0144321800", "description": "\u8fd9\u5ea7\u5b8f\u4f1f\u7684\u5efa\u7b51\u5efa\u4e8e1764\u5e74\u81f31790\u5e74\uff0c\u662f\u56fd\u738b\u8def\u6613\u5341\u4e94\u4e3a\u53ca\u7eaa\u5ff5\u66fe\u6cbb\u6108\u4ed6\u7684\u75be\u75c5\u7684\u5df4\u9ece\u5b88\u62a4\u795e\u5723\u5409\u7eb3\u2219\u7ef4\u8299\u66fe\u800c\u4e0b\u4ee4\u4fee\u5efa\u7684\uff0c\u8be5\u5de5\u7a0b\u521a\u597d\u5728\u6cd5\u56fd\u5927\u9769\u547d\u7206\u53d1\u4e4b\u524d\u7ae3\u5de5\uff0c\u540e\u5728\u6cd5\u56fd\u5927\u9769\u547d\u671f\u95f4\u53c8\u5c06\u5176\u4f5c\u4e3a\u4e00\u4e9b\u6cd5\u56fd\u8457\u540d\u4eba\u7269\u7684\u957f\u671f\u9675\u5893\u3002\u53bb\u8fd9\u91cc\u53c2\u89c2\u7684\u6e38\u5ba2\u5bf9\u8fd9\u5ea7\u65b0\u53e4\u5178\u4e3b\u4e49\u98ce\u683c\u7684\u65e9\u524d\u5178\u8303\u5145\u6ee1\u4e86\u94a6\u4f69\u548c\u8d5e\u7f8e\u4e4b\u60c5\uff0c\u8fd9\u91cc\u57cb\u846c\u7740\u8457\u540d\u7684\u4f5c\u5bb6\u3001\u54f2\u5b66\u5bb6\u6709\u57c3\u7c73\u5c14\u3001\u5de6\u62c9\u3001\u7ef4\u514b\u591a\u2219\u96e8\u679c\u3001\u8ba9\u2219\u96c5\u514b\u3001\u5362\u68ad\u3001\u4f0f\u5c14\u6cf0\uff0c\u79d1\u5b66\u5bb6\u76ae\u57c3\u5c14\u548c\u739b\u4e3d\u5c45\u91cc\u592b\u5987\u4ee5\u53ca\u66fe\u662f\u590f\u5c14\u2219\u6234\u9ad8\u4e50\u90e8\u957f\u7684\u5b89\u5fb7\u70c8\u2219\u9a6c\u5c14\u7f57\u3002\u5148\u8d24\u7960\u7684\u6b63\u9762\u5916\u89c2\u663e\u8457\u5730\u53d7\u5230\u7f57\u9a6c\u4e07\u795e\u6bbf\u7684\u542f\u53d1\uff0c\u800c\u5176\u9ad8\u8fbe83\u7c73\uff08272\u82f1\u5c3a\uff09\u7684\u5706\u5c4b\u9876\u5219\u4e0e\u4f26\u6566\u5723\u4fdd\u7f57\u5927\u6559\u5802\u4ee5\u53ca\u6cd5\u56fd\u53e6\u4e00\u6559\u5802\u8363\u519b\u9662\u76f8\u4f3c\u3002", "arriveMethod": "\u5730\u94c110\u53f7\u7ebfCardinal Lemoine\u7ad9\u4e0b\uff0c\u706b\u8f66RER B\u7ebfLuxembourg\u7ad9\u4e0b", "address": "Place du Panth\u00e9on, Paris, \u6cd5\u56fd"}');
INSERT INTO "city_picture" VALUES('54fe5ba1-1f53-11e2-a243-e4ce8f4b5244','pantheon_1.jpg','/static/media/uploads/paris/pantheon_1.jpg','','54fd519c-1f53-11e2-8a80-e4ce8f4b5244','2012-10-26 09:55:54.322130+00:00');
INSERT INTO "city_picture" VALUES('553ca111-1f53-11e2-80c5-e4ce8f4b5244','pantheon_2.jpg','/static/media/uploads/paris/pantheon_2.jpg','','54fd519c-1f53-11e2-8a80-e4ce8f4b5244','2012-10-26 09:55:54.730766+00:00');
INSERT INTO "city_picture" VALUES('557f18d9-1f53-11e2-ab3f-e4ce8f4b5244','pantheon_3.jpg','/static/media/uploads/paris/pantheon_3.jpg','','54fd519c-1f53-11e2-8a80-e4ce8f4b5244','2012-10-26 09:55:55.166385+00:00');
INSERT INTO "city_place" VALUES('55c0c245-1f53-11e2-896a-e4ce8f4b5244','巴黎春天百货','Printemps',4,7,'2.328192','48.873766','巴黎购物必到之处，不过它的存在已经超过了一般意义上的购物圣地，成了法国巴黎不可或缺的坐标之一。',3,'{"website": "http://departmentstoreparis.printemps.com/", "openTime": "\u5468\u4e00~\u5468\u516d9:35~19:00\uff08\u5468\u56db\u5ef6\u957f\u81f322:00\uff09\uff0c\u5468\u65e5\u4f11\u606f\u3002", "phoneNumber": "0142825787", "description": "\u5df4\u9ece\u6625\u5929\u767e\u8d27\u516c\u53f8\u4f4d\u4e8e\u9057\u4ea7\u7eaa\u5ff5\u5854\u5185\u53f3\u4fa7\uff0c\u8fd9\u91cc\u6536\u85cf\u7684\u670d\u9970\u3001\u73e0\u5b9d\u4ee5\u53ca\u5176\u4ed6\u5c55\u51fa\u7684\u914d\u4ef6\u90fd\u4f1a\u8ba9\u5973\u58eb\u4eec\u75af\u72c2\u3002\u6700\u8457\u540d\u6700\u65f6\u9ae6\u7684\u54c1\u724c\u5360\u636e\u4e86\u6625\u5929\u767e\u8d27\u7684\u4e00\u89d2\uff1a\u9999\u5948\u513f\u3001\u8fea\u5965\u3001\u53e4\u7426\u3001\u5723\u7f57\u5170\u3001\u4e9a\u5386\u5c71\u5927\u2022\u9ea6\u6606\u3001\u65af\u7279\u62c9\u2022\u9ea6\u5361\u7279\u5c3c\u548c\u8def\u6613\u5a01\u767b\u7b49\u3002\u5df4\u9ece\u6625\u5929\u767e\u8d27\u7f8e\u98df\u5bb6\u4e5f\u4e3a\u7f8e\u98df\u7231\u597d\u8005\u63d0\u4f9b\u4e86\u8bb8\u591a\u7f8e\u5473\u4f73\u80b4\uff0c\u4e5f\u53ef\u4ee5\u5728\u8fd9\u91cc\u7684\u9910\u9986\u6216\u8005\u5496\u5561\u9986\u4f11\u606f\u4e00\u4e0b\uff0c\u7136\u540e\u518d\u7ee7\u7eed\u9886\u7565\u5df4\u9ece\u7684\u65f6\u5c1a\u98ce\u60c5\u3002", "arriveMethod": "\u5730\u94c13\u53f7\u7ebf\u30019\u53f7\u7ebfHavre\u2014Caumartin\u7ad9\u4e0b", "address": "64 Boulevard Haussmann, 75009 Paris, \u6cd5\u56fd"}');
INSERT INTO "city_picture" VALUES('55c1e4f8-1f53-11e2-ba86-e4ce8f4b5244','printemps_1.jpg','/static/media/uploads/paris/printemps_1.jpg','','55c0c245-1f53-11e2-896a-e4ce8f4b5244','2012-10-26 09:55:55.604104+00:00');
INSERT INTO "city_picture" VALUES('560e7066-1f53-11e2-8554-e4ce8f4b5244','printemps_2.jpg','/static/media/uploads/paris/printemps_2.jpg','','55c0c245-1f53-11e2-896a-e4ce8f4b5244','2012-10-26 09:55:56.105632+00:00');
INSERT INTO "city_picture" VALUES('5657f921-1f53-11e2-b4c3-e4ce8f4b5244','printemps_3.jpg','/static/media/uploads/paris/printemps_3.jpg','','55c0c245-1f53-11e2-896a-e4ce8f4b5244','2012-10-26 09:55:56.587576+00:00');
INSERT INTO "city_place" VALUES('569dfddc-1f53-11e2-9df7-e4ce8f4b5244','拉德芳斯区新凯旋门','Grand Arche',1,7,'2.236232','48.892677','新凯旋门就像一道通向现代巴黎的大门，白色大理石墙面，钢筋玻璃侧墙，在阳光下特别耀眼。',3,'{"website": "http://www.grandearche.com/", "ticketInfo": "\u77ad\u671b\u53f0\u5168\u79689EUR\uff0c\u534a\u79687.5EUR\u3002", "openTime": "\u77ad\u671b\u53f04~9\u670810:00~20:00\u300110~3\u670810:00~19:00\u3002", "phoneNumber": "0149072727", "description": "\u5728\u5362\u6d6e\u5bab\u7ecf\u9999\u69ad\u4e3d\u820d\u5927\u8857\u901a\u5f80\u6234\u9ad8\u4e50\u5e7f\u573a\u4e0a\u51ef\u65cb\u95e8\u7684\u5ef6\u957f\u7ebf\u4e0a\uff0c\u5efa\u6709\u4e00\u5ea7\u5de8\u5927\u7684\u7eaa\u5ff5\u7891\u5f0f\u7684\u5efa\u7b51\u7269\uff0c\u8fd9\u5c31\u662f20\u4e16\u7eaa\u7684\u51ef\u65cb\u95e8\u3002\u867d\u7136\u79f0\u4e4b\u4e3a\u201c\u95e8\u201d\uff0c\u4f46\u5b9e\u9645\u4e0a\u5b83\u662f\u4e00\u5e62\u5f88\u6469\u767b\u7684\u73b0\u4ee3\u5316\u5927\u697c\u3002\u8fd9\u91cc\u5730\u5904\u5df4\u9ece\u7684\u65b0\u533a\uff0c\u5468\u56f4\u90fd\u662f\u73b0\u4ee3\u5316\u7684\u8bbe\u65bd\u3002", "arriveMethod": "\u5730\u94c11\u53f7\u7ebf\u6216RER A\u7ebfLa D\u00e9fense Grand Arche\u7ad9\u4e0b", "address": "1 Parvis de la Defense, 92044 Paris La D\u00e9fense\u6cd5\u56fd"}');
INSERT INTO "city_picture" VALUES('569f0a35-1f53-11e2-984e-e4ce8f4b5244','grand_arche_1.jpg','/static/media/uploads/paris/grand_arche_1.jpg','','569dfddc-1f53-11e2-9df7-e4ce8f4b5244','2012-10-26 09:55:57.052892+00:00');
INSERT INTO "city_picture" VALUES('56e777cf-1f53-11e2-90da-e4ce8f4b5244','grand_arche_2.jpg','/static/media/uploads/paris/grand_arche_2.jpg','','569dfddc-1f53-11e2-9df7-e4ce8f4b5244','2012-10-26 09:55:57.528049+00:00');
INSERT INTO "city_place" VALUES('572d6c21-1f53-11e2-8c28-e4ce8f4b5244','拉德芳斯','La Défense',1,7,'2.241219','48.890219','这里就像建筑师们的竞技场，各种奇形怪状的建筑比比皆是，大圆球状的，倒扣着的贝壳状的，三角形丝巾状的……',8,'{"description": "\u62c9\u5fb7\u82b3\u65af\u533a\u4f4d\u4e8e\u5df4\u9ece\u5e02\u7684\u897f\u5317\u90e8\uff0c\u5df4\u9ece\u57ce\u5e02\u4e3b\u8f74\u7ebf\u7684\u897f\u7aef\uff0c\u4e8e\u4e0a\u4e16\u7eaa\u4e94\u5341\u5e74\u4ee3\u5f00\u59cb\u5efa\u8bbe\u5f00\u53d1,\u62c9\u5fb7\u82b3\u65af\u7684\u540d\u79f0\u6765\u81ea\u8be5\u5730\u7684\u4e00\u5ea7\u96d5\u50cf\u201cLa D\u00e9fense de Paris\u201d\u3002\u4f5c\u4e3a\u6b27\u6d32\u6700\u5b8c\u5584\u7684\u5546\u52a1\u533a\uff0c\u62c9\u5fb7\u82b3\u65af\u662f\u6cd5\u56fd\u7ecf\u6d4e\u7e41\u8363\u7684\u8c61\u5f81\uff0c\u62e5\u6709\u5df4\u9ece\u90fd\u4f1a\u533a\u4e2d\u6700\u591a\u7684\u6469\u5929\u5927\u53a6\uff0c\u9664\u6b64\u4e4b\u5916\u5730\u6807\u5efa\u7b51\u65b0\u51ef\u65cb\u95e8\u4e5f\u5ea7\u843d\u4e8e\u6b64\uff0c\u529e\u516c\u573a\u5730\u7ea6300\u4e07\u5e73\u65b9\u7c73\uff0c\u5404\u7c7b\u4f01\u4e1a1500\u5bb6\u3002\u5efa\u533a50\u5e74\u4ee5\u6765\uff0c\u62c9\u5fb7\u82b3\u65af\u4e0d\u518d\u5c40\u9650\u4e8e\u5546\u52a1\u9886\u57df\u7684\u5f00\u62d3\uff0c\u800c\u662f\u5c06\u5de5\u4f5c\u5c45\u4f4f\u4f11\u95f2\u4e09\u8005\u878d\u5408\uff0c\u73af\u5883\u4f18\u5148\u7684\u62c9\u5fb7\u82b3\u65af\u4e5f\u6b63\u5728\u6210\u4e3a\u4e00\u4e2a\u5b9c\u5c45\u533a\u57df\u3002", "arriveMethod": "\u5730\u94c11\u53f7\u7ebf\u6216RER A\u7ebfLa D\u00e9fense Grand Arche\u7ad9\u4e0b", "address": "1 Parvis de la D\u00e9fense, 92800\u6cd5\u56fd"}');
INSERT INTO "city_picture" VALUES('572f2e5e-1f53-11e2-a768-e4ce8f4b5244','la_defense_1.jpg','/static/media/uploads/paris/la_defense_1.jpg','','572d6c21-1f53-11e2-8c28-e4ce8f4b5244','2012-10-26 09:55:57.998078+00:00');
INSERT INTO "city_picture" VALUES('576f3063-1f53-11e2-885f-e4ce8f4b5244','la_defense_2.jpg','/static/media/uploads/paris/la_defense_2.jpg','','572d6c21-1f53-11e2-8c28-e4ce8f4b5244','2012-10-26 09:55:58.416860+00:00');
INSERT INTO "city_picture" VALUES('57b14c05-1f53-11e2-9cb1-e4ce8f4b5244','la_defense_3.jpg','/static/media/uploads/paris/la_defense_3.jpg','','572d6c21-1f53-11e2-8c28-e4ce8f4b5244','2012-10-26 09:55:58.850729+00:00');
INSERT INTO "city_place" VALUES('57f1c214-1f53-11e2-8dc1-e4ce8f4b5244','荣军院','Invalides',1,7,'2.313778','48.855604','拿破仑，这位叱咤风云人物的骨灰，终于在运回巴黎21年后在荣军院的圆顶教堂得以真正的安息。',3,'{"ticketInfo": "\u95e8\u7968\u5168\u7968\uff1a8EUR\uff0c\u534a\u7968\uff1a6EUR\uff0c18\u5c81\u4ee5\u4e0b\u514d\u8d39\u3002", "openTime": "10\u6708~\u6b21\u5e743\u6708\u5468\u4e09~\u6b21\u5468\u5468\u4e0010:00~17:00\uff0816:30\u524d\u6700\u540e\u5165\u573a\uff09\u3001\u5468\u4e8c10:00~21:00\uff0820:30\u524d\u6700\u540e\u5165\u573a\uff09\u30014~9\u6708\u5468\u4e09~\u6b21\u5468\u5468\u4e0010:00~18:00\uff0817:30\u524d\u6700\u540e\u5165\u573a\uff09\u3001\u5468\u4e8c10:00~21:00\uff0820:30\u524d\u6700\u540e\u5165\u573a\uff09\u3002\u6bcf\u6708\u7b2c\u4e00\u4e2a\u5468\u4e00\u30011\u67081\u65e5\u30015\u67081\u65e5\u300111\u67081\u65e5\u300112\u670825\u65e5\u4f11\u606f\u3002", "phoneNumber": "0144423877", "description": "\u5df4\u9ece\u8363\u519b\u9662\u53c8\u540d\u201c\u5df4\u9ece\u6b8b\u8001\u519b\u4eba\u9662\u201d\u3002\u5b83\u662f\u6cd5\u5170\u897f\u201c\u592a\u9633\u738b\u201d\u8def\u6613\u5341\u56db\u65f6\u671f\u7684\u5efa\u7b51\u30021670\u5e742\u670824\u65e5\u8def\u6613\u5341\u56db\u4e0b\u4ee4\u5174\u5efa\u4e00\u5ea7\u7528\u6765\u5b89\u7f6e\u4ed6\u7684\u519b\u961f\u4e2d\u4f24\u6b8b\u519b\u4eba\u7684\u5efa\u7b51\uff0c\u4ece\u6b64\u8363\u519b\u9662\u201c\u5e94\u65e8\u800c\u751f\u201d\u3002\u73b0\u5982\u4eca\uff0c\u8fd9\u5ea7\u8363\u519b\u9662\u4f9d\u65e7\u884c\u4f7f\u7740\u5b83\u521d\u5efa\u65f6\u6536\u5bb9\u5b89\u7f6e\u4f24\u6b8b\u519b\u4eba\u7684\u529f\u80fd\u3002\u5b83\u540c\u65f6\u4e5f\u662f\u591a\u4e2a\u535a\u7269\u9986\u7684\u6240\u5728\u4e4b\u5730\u3002\u6cd5\u5170\u897f\u5e1d\u56fd\u7684\u59cb\u7687\u5e1d\u62ff\u7834\u4ed1\u4e00\u4e16\u4e5f\u5728\u8363\u519b\u9662\u7684\u5706\u9876\u6559\u5802\u5185\u5b89\u606f\uff0c\u5730\u9762\u90e8\u5206\u7684\u5899\u4e0a\u603b\u7ed3\u4e86\u4ed6\u7684\u6218\u529f\u548c\u653f\u7ee9\u3002", "arriveMethod": "\u5730\u94c18\u53f7\u7ebfLa Tour-Maubourg\u7ad9\u4e0b\uff0c\u6216\u5730\u94c113\u53f7\u7ebfVarenne\u7ad9\u4e0b\uff0c\u6216\u5730\u94c18\u53f7\u7ebf\u300113\u53f7\u7ebf\u3001RER C\u7ebfInvalides\u7ad9\u4e0b", "address": "129 Rue de Grenelle, 75007 Paris, \u6cd5\u56fd", "tips": "\u4ece\u4f24\u5175\u5927\u9053\u8fdb\u5165\u53ef\u4ee5\u6b23\u8d4f\u5230\u6574\u4e2a\u8363\u519b\u9662\u7684\u5168\u8c8c\uff0c\u7279\u522b\u662f\u653e\u7f6e\u62ff\u7834\u4ed1\u5893\u7684\u5706\u9876\u6559\u5802\uff0c\u5176\u91d1\u8272\u7684\u5927\u9876\u95ea\u95ea\u53d1\u4eae\uff0c\u6c14\u52bf\u903c\u4eba\uff0c\u662f\u7559\u5f71\u62cd\u7167\u7684\u7edd\u4f73\u80cc\u666f\u3002"}');
INSERT INTO "city_picture" VALUES('57f304f0-1f53-11e2-b927-e4ce8f4b5244','invalides_1.jpg','/static/media/uploads/paris/invalides_1.jpg','','57f1c214-1f53-11e2-8dc1-e4ce8f4b5244','2012-10-26 09:55:59.281015+00:00');
INSERT INTO "city_picture" VALUES('5833a968-1f53-11e2-bd81-e4ce8f4b5244','invalides_2.jpg','/static/media/uploads/paris/invalides_2.jpg','','57f1c214-1f53-11e2-8dc1-e4ce8f4b5244','2012-10-26 09:55:59.705114+00:00');
INSERT INTO "city_picture" VALUES('58863342-1f53-11e2-b45f-e4ce8f4b5244','invalides_3.jpg','/static/media/uploads/paris/invalides_3.jpg','','57f1c214-1f53-11e2-8dc1-e4ce8f4b5244','2012-10-26 09:56:00.244655+00:00');
INSERT INTO "city_place" VALUES('58c6eb75-1f53-11e2-8dfe-e4ce8f4b5244','圣路易岛','île Saint-Louis',1,7,'2.356524','48.851917','拿一筒贝蒂咏蛋卷冰淇林，逛逛精致的小店，看看街头的表演，宁静安详的圣路易岛绝对是暂时远离喧嚣的好去处。',8,'{"description": "\u5723\u8def\u6613\u5c9b\u4e0a\u7684\u98ce\u8c8c\u591a\u5f52\u529f\u4e8e17\u4e16\u7eaa\u8def\u6613\u5341\u56db\u7684\u5bab\u5ef7\u5efa\u7b51\u5e08\u52d2\u6c83\uff0c\u5982\u4eca\u5c9b\u4e0a\u8fd8\u4fdd\u7559\u7740\u8bb8\u591a\u52d2\u6c83\u7684\u7ecf\u5178\u540d\u4f5c\u3002\u6bd4\u8f83\u6709\u770b\u5934\u7684\u6709\u97f3\u4e50\u5bb6\u74e6\u683c\u7eb3\u66fe\u7ecf\u6682\u5c45\u8fc7\u7684\u6d1b\u8d5e\u522b\u5885\uff0c\u8fd8\u6709\u5170\u8d1d\u5c14\u522b\u9986\u3002", "arriveMethod": "\u5730\u94c17\u53f7\u7ebfPont Marie\u7ad9\u4e0b", "address": "\u5723\u8def\u6613\u5c9b\uff0c75004 \u5df4\u9ece \u6cd5\u56fd"}');
INSERT INTO "city_picture" VALUES('58c8272b-1f53-11e2-a8d2-e4ce8f4b5244','ile_saint-louis_1.jpg','/static/media/uploads/paris/ile_saint-louis_1.jpg','','58c6eb75-1f53-11e2-8dfe-e4ce8f4b5244','2012-10-26 09:56:00.677162+00:00');
INSERT INTO "city_picture" VALUES('590ed9f3-1f53-11e2-bf53-e4ce8f4b5244','ile_saint-louis_2.jpg','/static/media/uploads/paris/ile_saint-louis_2.jpg','','58c6eb75-1f53-11e2-8dfe-e4ce8f4b5244','2012-10-26 09:56:01.141386+00:00');
INSERT INTO "city_place" VALUES('594ff48f-1f53-11e2-88af-e4ce8f4b5244','老佛爷百货公司','Galeries Lafayette',4,7,'2.332942','48.873187','在拜占庭式的巨型镂金雕花圆顶下，来往的人影绰约，就像是在赴一场中世纪的聚会。',3,'{"website": "http://www.galerieslafayette.com/", "openTime": "\u5468\u4e00~\u5468\u516d9:30~20:00\uff08\u5468\u56db\u5ef6\u957f\u81f321:00\uff09\uff0c\u5468\u65e5\u4f11\u606f\u3002", "phoneNumber": "0142823722", "description": "\u5c3d\u7ba1\u906d\u53d7\u4e86Gap\u3001Zara\u3001H&M\u7b49\u8bb8\u591a\u77e5\u540d\u54c1\u724c\u516c\u53f8\u7684\u5165\u4fb5\uff0c\u5728\u6b4c\u5267\u9662\u4e00\u5e26\u533a\u57df\uff0c\u8001\u4f5b\u7237\u767e\u8d27\u516c\u53f8\uff0c\u4ee5\u53ca\u9644\u8fd1\u7684\u5df4\u9ece\u6625\u5929\u767e\u8d27\u516c\u53f8\u4f9d\u7136\u662f\u5df4\u9ece\u6700\u522b\u81f4\u7684\u6700\u540e\u5821\u5792\u4e4b\u4e00\u3002\u8001\u4f5b\u7237\u767e\u8d27\u5efa\u4e8e1894\u5e74\uff0c\u8fd9\u4e2a\u8d2d\u7269\u8005\u7684\u5929\u5802\u901a\u8fc7\u4e0d\u65ad\u7684\u6539\u9020\u548c\u5b8c\u5584\u6765\u5438\u5f15\u6765\u6765\u56de\u56de\u7684\u987e\u5ba2\u3002\u534e\u4e3d\u7684\u4e3b\u5385\u9648\u5217\u7740\u4e00\u5217\u9999\u6c34\u3001\u914d\u4ef6\u4ee5\u53ca\u5176\u4ed6\u5546\u54c1\u3002\u8fd9\u91cc\u4e0d\u4ec5\u8bbe\u6709\u6240\u6709\u4eab\u8a89\u4e16\u754c\u7684\u54c1\u724c\u4e13\u67dc\uff0c\u800c\u4e14\u8fd8\u6709\u5b83\u81ea\u5df1\u7684\u7cbe\u7f8e\u5962\u534e\u7684\u767e\u8d27\u67dc\u53f0\uff0c\u516d\u5bb6\u9910\u5385\uff0c\u4e00\u5bb6\u65c5\u884c\u793e\uff0c\u65f6\u88c5\u79c0\u4ee5\u53ca\u4e92\u8054\u7f51\u63a5\u5165\u7b49\u3002\u6bcf\u5e74\u5728\u8fd9\u91cc\u4e3e\u884c\u7684\u58f0\u52bf\u6d69\u5927\u7684\u5723\u8bde\u8282\u6a71\u7a97\u5c55\u793a\u5df2\u7ecf\u6210\u4e3a\u5df4\u9ece\u7684\u4e00\u79cd\u4e60\u4fd7\u3002", "arriveMethod": "\u5730\u94c17\u53f7\u7ebf\u30019\u53f7\u7ebfChauss\u00e9e d''Antin\u2014La Fayette\u7ad9\u4e0b\u3002", "address": "40 Boulevard Haussmann, Paris 75008 \u6cd5\u56fd"}');
INSERT INTO "city_picture" VALUES('59511026-1f53-11e2-a1e0-e4ce8f4b5244','galeries_lafayette_1.jpg','/static/media/uploads/paris/galeries_lafayette_1.jpg','','594ff48f-1f53-11e2-88af-e4ce8f4b5244','2012-10-26 09:56:01.574831+00:00');
INSERT INTO "city_picture" VALUES('599d0859-1f53-11e2-af80-e4ce8f4b5244','galeries_lafayette_2.jpg','/static/media/uploads/paris/galeries_lafayette_2.jpg','','594ff48f-1f53-11e2-88af-e4ce8f4b5244','2012-10-26 09:56:02.073401+00:00');
INSERT INTO "city_picture" VALUES('59e3b1d7-1f53-11e2-bfc0-e4ce8f4b5244','galeries_lafayette_3.jpg','/static/media/uploads/paris/galeries_lafayette_3.jpg','','594ff48f-1f53-11e2-88af-e4ce8f4b5244','2012-10-26 09:56:02.536512+00:00');
INSERT INTO "city_place" VALUES('5a2b1461-1f53-11e2-8c6b-e4ce8f4b5244','山谷购物村','La Vallée Village',4,7,'2.783151','48.853892','巴黎购物的不二选择，超过95家的名牌折扣店，够逛上一天了。',3,'{"website": "http://www.lavalleevillage.com/", "openTime": "\u5468\u4e00\u81f3\u5468\u65e510:00\u201319:00", "phoneNumber": "0160423500", "description": "\u5c71\u8c37\u8d2d\u7269\u6751\u5750\u843d\u4e8e\u65f6\u5c1a\u5c16\u7aef\u4e4b\u90fd\uff0c\u81ea\u7136\u4e5f\u5c31\u6210\u4e3a\u201c\u5fc5\u5230\u7684\u8d2d\u7269\u666f\u70b9\u201d\u3002\u5c71\u8c37\u8d2d\u7269\u6751\u8bbe\u6709\u8d85\u8fc790\u5bb6\u77e5\u540d\u54c1\u724c\u4e13\u5356\u5e97\uff0c\u6240\u6709\u5546\u54c1\u5168\u5e74\u5747\u6309\u5efa\u8bae\u96f6\u552e\u4ef7\u7684\u8d85\u4f4e\u6298\u6263\u51fa\u552e\u3002Bonpoint\u3001Celine\u3001Givenchy\u3001Lancel\uff0c\u4ee5\u53caAntik Batik\u3001Agn\u00e8s b.\u548cLalique\u5728\u5168\u7403\u552f\u4e00\u7684\u4e13\u5356\u5e97\uff0c\u66f4\u663e\u793a\u4e86\u8d2d\u7269\u6751\u7684\u4e0e\u4f17\u4e0d\u540c\u3002\u4e0e\u4e4b\u76f8\u4f34\u7684\u5bcc\u6709\u4f20\u5947\u8272\u5f69\u7684\u56fd\u9645\u77e5\u540d\u54c1\u724c\u8fd8\u5305\u62ec\uff1aArmani\u3001Diane von Furstenber\u3001Jimmy Choo\u3001Joseph\u3001Marni\u3001Moncler\u3001Paul Smith\u3001Polo Ralph Lauren\u3001Valentino\u3001Salvatore Ferragamo\u4ee5\u53ca\u4e16\u754c\u77e5\u540d\u5e97\u94fa Dsquared2 \u548c Maison Martin Margiela\u3002", "arriveMethod": "RER A\u7ebfVal d''Europe\u7ad9\u4e0b\u3002", "address": "3, Cours de la Garonne, 77700 Serris, \u6cd5\u56fd"}');
INSERT INTO "city_picture" VALUES('5a2c114f-1f53-11e2-874d-e4ce8f4b5244','la_vallee_village_1.jpg','/static/media/uploads/paris/la_vallee_village_1.jpg','','5a2b1461-1f53-11e2-8c6b-e4ce8f4b5244','2012-10-26 09:56:03.010431+00:00');
INSERT INTO "city_picture" VALUES('5a65e342-1f53-11e2-acd0-e4ce8f4b5244','la_vallee_village_2.jpg','/static/media/uploads/paris/la_vallee_village_2.jpg','','5a2b1461-1f53-11e2-8c6b-e4ce8f4b5244','2012-10-26 09:56:03.388220+00:00');
INSERT INTO "city_place" VALUES('5a9e79f0-1f53-11e2-9413-e4ce8f4b5244','乔治五世大道','Avenue George V',4,7,'2.300968','48.868531','乔治五世大道，巴黎奢侈品金三角的一条边，它的安静与香榭丽舍大道的熙来攘往形成了反差。',3,'{"openTime": "10:00-19:00\uff0c\u5404\u5e97\u4e0d\u4e00\uff0c\u5468\u65e5\u4f11\u606f", "description": "\u4e54\u6cbb\u4e94\u4e16\u5927\u8857\u548c\u9999\u69ad\u4e3d\u820d\u5927\u9053\u662f\u5782\u76f4\u65b9\u5411\u7684\u4e24\u6761\u5927\u8857\uff0c\u5728\u9999\u8857\u7684\u4e2d\u90e8\u5730\u6bb5\u4ea4\u6c47\u3002\u76f8\u6bd4\u4e8e\u9999\u8857\u7684\u95e8\u5ead\u82e5\u5e02\uff0c\u4e54\u6cbb\u4e94\u4e16\u5927\u8857\u800c\u663e\u5f97\u8f83\u4e3a\u51b7\u6e05\uff0c\u5e97\u94fa\u5206\u5e03\u4e5f\u4e0d\u662f\u5f88\u5bc6\u96c6\uff0c\u786e\u5b9e\u4e00\u4e2a\u60a0\u95f2\u8d2d\u7269\u7684\u597d\u53bb\u5904\u3002", "arriveMethod": "\u5730\u94c11\u53f7\u7ebfGeorge V\u7ad9\u4e0b\u3002", "address": "Avenue George V, Paris, \u6cd5\u56fd"}');
INSERT INTO "city_picture" VALUES('5a9f7b3d-1f53-11e2-93fc-e4ce8f4b5244','avenue_george_v_1.jpg','/static/media/uploads/paris/avenue_george_v_1.jpg','','5a9e79f0-1f53-11e2-9413-e4ce8f4b5244','2012-10-26 09:56:03.766939+00:00');
INSERT INTO "city_picture" VALUES('5aea6ffd-1f53-11e2-a7df-e4ce8f4b5244','avenue_george_v_2.jpg','/static/media/uploads/paris/avenue_george_v_2.jpg','','5a9e79f0-1f53-11e2-9413-e4ce8f4b5244','2012-10-26 09:56:04.258366+00:00');
INSERT INTO "city_place" VALUES('5b358fa1-1f53-11e2-b302-e4ce8f4b5244','蒙田大道','Avenue Montaigne',4,7,'2.306412','48.866800','蒙田大道也是巴黎奢侈品世界的地标之一，老远就能嗅到时尚之中的贵族气息。',3,'{"openTime": "10:00-19:00\uff0c\u5404\u5e97\u4e0d\u4e00\uff0c\u5468\u65e5\u4f11\u606f", "description": "\u5df4\u9ece\u8499\u7530\u5927\u9053\u6c47\u805a\u4e86\u4f17\u591a\u4e16\u754c\u9876\u7ea7\u5962\u4f88\u54c1\u54c1\u724c\uff0c\u5982Ungaro Prada\uff082\u53f7\uff09\u3001Valentino \uff0817\u53f7\uff09\u3001LV\uff0822\u53f7\uff09\u3001Dior\uff0830\u53f7\uff09\u3001Chanel\uff0840-42\u53f7\uff09\u3001Calvin Klein\uff0853\u53f7\uff09\u548cGucci\uff0860\u53f7\uff09\u3002 \u8499\u7530\u5927\u9053\u4e8e1723\u5e74\u5f97\u540d\uff0c\u6b64\u524d\u5927\u8857\u4e0a\u7f24\u7eb7\u7684\u6811\u5f71\uff0c\u66fe\u7ecf\u5f15\u5f97\u4e0d\u5c11\u6028\u5987\u4eec\u6765\u6b64\u6563\u5fc3\u4f11\u95f2\u300220\u4e16\u7eaa\u4e0b\u534a\u53f6\uff0c\u968f\u7740Christian Dior (30\u53f7), Valentino (17-19\u53f7), Chanel (42\u53f7)\u7b49\u4e00\u6279\u9ad8\u6863\u5962\u4f88\u54c1\u54c1\u724c\u5165\u9a7b\uff0c\u8499\u7530\u5927\u9053\u5962\u4f88\u54c1\u5f62\u8c61\u5f97\u4ee5\u9aa4\u7136\u63d0\u5347\u3002\u6b64\u5916\uff0c\u4f4d\u4e8e\u8499\u7530\u5927\u9053\u7684Plaza Athene hotel\u9152\u5e97\u4e5f\u662f\u8bb8\u591a\u6b27\u7f8e\u8d35\u65cf\u4eba\u58eb\u3001\u4ebf\u4e07\u5bcc\u7fc1\u3001\u6f14\u827a\u660e\u661f\u548c\u653f\u5e9c\u8981\u4eba\u9a7b\u8db3\u4e4b\u5730\u3002", "arriveMethod": "\u5730\u94c11\u53f7\u7ebf\u30019\u53f7\u7ebfFranklin D. Roosevelt\u7ad9\u4e0b\u3002", "address": "Avenue Montaigne 75008 Paris, \u6cd5\u56fd"}');
INSERT INTO "city_picture" VALUES('5b369f00-1f53-11e2-bc93-e4ce8f4b5244','avenue_montaigne_1.jpg','/static/media/uploads/paris/avenue_montaigne_1.jpg','','5b358fa1-1f53-11e2-b302-e4ce8f4b5244','2012-10-26 09:56:04.757116+00:00');
INSERT INTO "city_picture" VALUES('5b80cb7a-1f53-11e2-b3dc-e4ce8f4b5244','avenue_montaigne_2.jpg','/static/media/uploads/paris/avenue_montaigne_2.jpg','','5b358fa1-1f53-11e2-b302-e4ce8f4b5244','2012-10-26 09:56:05.242869+00:00');
INSERT INTO "city_picture" VALUES('5bc9d7a1-1f53-11e2-be4a-e4ce8f4b5244','avenue_montaigne_3.jpg','/static/media/uploads/paris/avenue_montaigne_3.jpg','','5b358fa1-1f53-11e2-b302-e4ce8f4b5244','2012-10-26 09:56:05.722372+00:00');
INSERT INTO "city_picture" VALUES('5c15ad9c-1f53-11e2-a087-e4ce8f4b5244','avenue_montaigne_4.jpg','/static/media/uploads/paris/avenue_montaigne_4.jpg','','5b358fa1-1f53-11e2-b302-e4ce8f4b5244','2012-10-26 09:56:06.219425+00:00');
INSERT INTO "city_place" VALUES('5c5945de-1f53-11e2-a698-e4ce8f4b5244','乐蓬马歇百货公司','Le Bon Marché',4,7,'2.324617','48.850597','据说法国大文豪Zola很喜欢来这里流连，以寻求创作灵感。',3,'{"website": "http://www.bonmarche.fr", "openTime": "09:30-19:00", "description": "\u4e50\u84ec\u9a6c\u6b47\u767e\u8d27\u516c\u53f8\u662f\u4e16\u754c\u4e0a\u6700\u53e4\u8001\u7684\u767e\u8d27\u516c\u53f8\uff0c\u662f\u4e2d\u4e0a\u9636\u7ea7\u7684\u5df4\u9ece\u4eba\u8840\u62fc\u65f6\u6700\u7231\u7684\u767e\u8d27\u516c\u53f8\uff0c\u4e5f\u662f\u6cd5\u56fd\u7535\u5f71\u7ecf\u5e38\u501f\u7528\u7684\u62cd\u6444\u573a\u666f\u3002\u8fd9\u91cc\u7684\u9762\u79ef\u5e76\u4e0d\u6bd4\u5176\u4ed6\u767e\u8d27\u516c\u53f8\u5927\uff0c\u4f46\u7531\u4e8e\u5730\u5904\u5bf8\u571f\u5bf8\u91d1\u7684\u5de6\u5cb8\u5e02\u4e2d\u5fc3\uff0c\u5927\u578b\u6e38\u89c8\u8f66\u5f88\u96be\u5728\u6b64\u505c\u7559\u6216\u627e\u5230\u505c\u8f66\u4f4d\uff0c\u5916\u56fd\u65c5\u6e38\u8f83\u5c11\uff0c\u6240\u4ee5\u4e0d\u4f1a\u4eba\u4eba\u6469\u80a9\u63a5\u8e35\u3002\u8fd9\u91cc\u7684\u6446\u8bbe\u4e5f\u5f88\u7528\u5fc3\u3002\u4e09\u697c\u7ecf\u5e38\u4e3e\u529e\u827a\u672f\u4f5c\u54c1\u5c55\u53ca\u6d3b\u52a8\uff0c\u8840\u62fc\u8fc7\u540e\u5728\u6b64\u5c0f\u61a9\uff0c\u987a\u4fbf\u5438\u6536\u4e9b\u827a\u672f\u6db5\u517b\u3002", "arriveMethod": "\u5730\u94c112\u53f7\u7ebfS\u00e8vres Babylone\u7ad9\u4e0b\u3002", "address": "24, rue de S\u00e8vres, 75007 Paris, \u6cd5\u56fd"}');
INSERT INTO "city_picture" VALUES('5c5a4828-1f53-11e2-b307-e4ce8f4b5244','le_bon_marche_1.jpg','/static/media/uploads/paris/le_bon_marche_1.jpg','','5c5945de-1f53-11e2-a698-e4ce8f4b5244','2012-10-26 09:56:06.668704+00:00');
INSERT INTO "city_picture" VALUES('5ca4ecfd-1f53-11e2-aef5-e4ce8f4b5244','le_bon_marche_2.jpg','/static/media/uploads/paris/le_bon_marche_2.jpg','','5c5945de-1f53-11e2-a698-e4ce8f4b5244','2012-10-26 09:56:07.157915+00:00');
INSERT INTO "city_picture" VALUES('5ce781de-1f53-11e2-a405-e4ce8f4b5244','le_bon_marche_3.jpg','/static/media/uploads/paris/le_bon_marche_3.jpg','','5c5945de-1f53-11e2-a698-e4ce8f4b5244','2012-10-26 09:56:07.593601+00:00');
INSERT INTO "city_place" VALUES('5cfdc002-1f53-11e2-8fef-e4ce8f4b5244','圣马丁运河','Canal St-Martin',1,7,'2.36426','48.876511','巴黎最美的景色之一，但也是最不为人所知的。在运河边漫步时，不妨去找一下法国著名电影《Amelie》的拍摄点。',3,'{"description": "\u5723\u9a6c\u4e01\u8fd0\u6cb3\u4ece\u5171\u548c\u56fd\u603b\u90e8\u9644\u8fd1\u7684\u5f17\u96f7\u5fb7\u91cc\u514b\u52d2\u6885\u7279\u5e7f\u573a\u5ef6\u4f38\u81f3\u62c9\u6590\u7279\u8857\u53ca\u62c9\u7ef4\u83b1\u7279\u516c\u56ed\u7684\u8ff7\u4eba\u7684\u5c0f\u6c60\u5858\u3002\u8fd9\u6761\u8fd0\u6cb3\u662f\u6e38\u8239\u7a7f\u8fc7\u7b2c\u5341\u90e1\u6cbf\u7740\u585e\u7eb3\u6cb3\u73af\u7ed5\u7684\u957f\u7ebf\u7684\u6377\u5f84\uff0c\u81ea1825\u5e74\u4fee\u5efa\u4ee5\u540e\uff0c\u5723\u9a6c\u4e01\u8fd0\u6cb3\u9887\u53d7\u8bb8\u591a\u8457\u540d\u7684\u827a\u672f\u5bb6\u548c\u7535\u5f71\u5bfc\u6f14\u7684\u559c\u7231\u548c\u9752\u7750\u3002\u5c24\u5176\u8457\u540d\u7684\u662f\u9887\u53d7\u5e74\u8f7b\u4eba\u559c\u7231\u7684\u7535\u5f71\u300a\u5929\u4f7f\u7231\u7f8e\u4e3d\u300b\u3002\u53bb\u5df4\u9ece\u65c5\u6e38\u7684\u4eba\u4eec\uff0c\u90fd\u559c\u6b22\u6cbf\u7740\u5723\u9a6c\u4e01\u8fd0\u6cb3\u957f\u957f\u7684\u6cb3\u5cb8\u6f2b\u6b65\uff0c\u770b\u7740\u9a73\u8239\u4ece\u8eab\u8fb9\u9a76\u8fc7\uff0c\u6cbf\u7740\u957f\u5ea6\u4e5d\u9501\u7684\u8fd0\u6cb3\u5411\u8fdc\u65b9\u9a76\u53bb\u3002\u6e38\u5ba2\u4eec\u8fd8\u53ef\u4ee5\u5728\u8bfa\u5fb7\u9152\u5e97\u8f7b\u914c\u4e00\u676f\u70ed\u8336\uff0c\u8ffd\u5fc6\u5728\u8fd9\u91cc\u5ea6\u8fc7\u7684\u7f8e\u597d\u65f6\u5149\u3002", "arriveMethod": "\u5730\u94c12\u53f7\u7ebf\u30015\u53f7\u7ebf\u30017\u53f7\u7ebfJaur\u7ad9\u4e0b\u3002", "address": "Quai de Valmy, 75010 Paris, \u6cd5\u56fd"}');
INSERT INTO "city_picture" VALUES('5cfeba85-1f53-11e2-9f8e-e4ce8f4b5244','canal_st-martin_1.jpg','/static/media/uploads/paris/canal_st-martin_1.jpg','','5cfdc002-1f53-11e2-8fef-e4ce8f4b5244','2012-10-26 09:56:07.746920+00:00');
INSERT INTO "city_picture" VALUES('5d429417-1f53-11e2-8d3f-e4ce8f4b5244','canal_st-martin_2.jpg','/static/media/uploads/paris/canal_st-martin_2.jpg','','5cfdc002-1f53-11e2-8fef-e4ce8f4b5244','2012-10-26 09:56:08.191167+00:00');
INSERT INTO "city_picture" VALUES('5d6c8957-1f53-11e2-be99-e4ce8f4b5244','canal_st-martin_3.jpg','/static/media/uploads/paris/canal_st-martin_3.jpg','','5cfdc002-1f53-11e2-8fef-e4ce8f4b5244','2012-10-26 09:56:08.466454+00:00');
INSERT INTO "city_place" VALUES('5db4cd61-1f53-11e2-b5f4-e4ce8f4b5244','圣图安跳蚤市场','Puces de Montreuil',4,7,'2.412470','48.854129','巴黎最大的跳蚤市场，有各式各样的“古董”，不过要往远处走，往深处钻。',3,'{"openTime": "\u5468\u516d9:00-18:00\uff0c\u5468\u65e510:00-18:00\uff0c\u5468\u4e0011:00-19:00\uff0c\u5468\u4e8c\u81f3\u5468\u4e94\u4f11\u606f\u3002", "phoneNumber": "0143630110", "description": "\u8df3\u86a4\u5e02\u573a\uff08Marche aux Puces\uff09\uff0c\u8fd9\u4e2a\u662f\u6cd5\u56fd\u6700\u5927\u7684\u65e7\u8d27\u5e02\u573a\u3002\u53ea\u8981\u4e58\u5750\u5730\u94c14\u53f7\u7ebf\uff0c\u7ec8\u70b9Porte de Clignancourt\u4e0b\u8f66\uff0c\u6b65\u884c\u51e0\u5206\u949f\u4fbf\u5230\u3002\u8fd9\u4e2a\u5e02\u573a\u8db3\u8db3\u6a2a\u8de8\u51e0\u6761\u8857\uff0c\u5f53\u4e2d\u8fd8\u7ec6\u5206\u51e0\u4e2a\u5c0f\u5e02\u573a\uff0c\u597d\u50cfMarche Michelet\u3001Marche Vernaison\u3001Marche Paul Bert\u3001Marche Biron\u3001Marche Malassis\u3001Marche Dauphine\u3001Marche des Rosiers\u7b49\uff0c\u6709\u4e9b\u662f\u9732\u5929\u6863\u53e3\uff0c\u6709\u4e9b\u662f\u7b80\u964b\u5730\u644a\uff0c\u4ea6\u6709\u4e9b\u522b\u81f4\u5c0f\u5e97\u3002\u8fd9\u91cc\u8d27\u54c1\u79cd\u7c7b\u7e41\u591a\uff0c\u73b0\u4ee3\u65e5\u5e38\u7528\u54c1\uff0c\u65b0\u6f6e\u8863\u670d\u978b\u889c\uff0c\u8fd8\u6709\u5404\u5f0f\u5404\u6837\u7684\u53e4\u8463\u73cd\u85cf\uff0c\u6742\u8d27\u65e7\u7269\u2026\u2026\u582a\u79f0\u5168\u7403\u8df3\u86a4\u5e02\u573a\u8001\u5927\u3002", "arriveMethod": "\u5730\u94c19\u53f7\u7ebfRobespierre\u7ad9\u4e0b\u3002", "address": "261 Rue de Paris, 93100 Montreuil, \u6cd5\u56fd"}');
INSERT INTO "city_picture" VALUES('5db61330-1f53-11e2-bbe7-e4ce8f4b5244','puces_de_montreuil_1.jpg','/static/media/uploads/paris/puces_de_montreuil_1.jpg','','5db4cd61-1f53-11e2-b5f4-e4ce8f4b5244','2012-10-26 09:56:08.947471+00:00');
INSERT INTO "city_picture" VALUES('5dfb2d8a-1f53-11e2-9673-e4ce8f4b5244','puces_de_montreuil_2.jpg','/static/media/uploads/paris/puces_de_montreuil_2.jpg','','5db4cd61-1f53-11e2-b5f4-e4ce8f4b5244','2012-10-26 09:56:09.401260+00:00');
INSERT INTO "city_picture" VALUES('5e3f1aeb-1f53-11e2-b842-e4ce8f4b5244','puces_de_montreuil_3.jpg','/static/media/uploads/paris/puces_de_montreuil_3.jpg','','5db4cd61-1f53-11e2-b5f4-e4ce8f4b5244','2012-10-26 09:56:09.846073+00:00');
INSERT INTO "city_place" VALUES('5e8268f5-1f53-11e2-bc80-e4ce8f4b5244','索邦大学','Sorbonne',1,7,'2.343454','48.848380','宏伟的建筑、穹顶礼拜堂、酸橙树遍布的广场，拜访索邦大学请务必怀着崇敬的心情。',8,'{"website": "http://www.sorbonne.fr", "phoneNumber": "0140462211", "description": "\u7531\u7f57\u4f2f\u7279\u5fb7\u7d22\u90a6\u548c\u56fd\u738b\u5723\u8def\u6613\u7684\u7267\u5e08\u5efa\u4e8e1257\u7684\u7d22\u90a6\u5927\u5b66\u662f\u4e16\u754c\u8457\u540d\u7684\u4e00\u6d41\u5927\u5b66\u3002\u5b83\u6709\u4e00\u4e2a\u5f88\u4e0d\u8d77\u773c\u7684\u5f00\u59cb\uff0c\u8d77\u521d\u53ea\u670916\u4e2a\u5b66\u4e60\u79d1\u6280\u7684\u5b66\u751f\u5728\u8fd9\u91cc\u5b66\u4e60\u3002\u73b0\u5728\u6709\u6570\u4ee5\u5343\u8ba1\u7684\u5b66\u751f\u5728\u5404\u4e2a\u7814\u7a76\u9886\u57df\u529b\u6c42\u5b8c\u5584\u4ed6\u4eec\u7684\u4e13\u4e1a\u77e5\u8bc6\u548c\u4e13\u4e1a\u6280\u80fd\u3002\u6559\u5802\u662f\u552f\u4e00\u5b58\u6709\u7ea2\u8863\u4e3b\u6559\u9ece\u585e\u7559\u5efa\u7acb\u7684\u5404\u9879\u6cd5\u4ee4\u7684\u5730\u65b9\uff0c\u5927\u5b66\u6821\u957f\u4e5f\u4e8e1626\u5e74\u846c\u4e8e\u8fd9\u4e2a\u6559\u5802\u30021791\u5e74\u5728\u6cd5\u56fd\u9769\u547d\u671f\u95f4\uff0c\u9881\u5e03\u4e86\u4e00\u9879\u6291\u5236\u5927\u5b66\u6d3b\u52a8\u7684\u6cd5\u4ee4\uff0c\u540e\u57281806\u5e74\u62ff\u7834\u4ed1\u53c8\u91cd\u65b0\u6062\u590d\u4e86\u5927\u5b66\u6d3b\u52a8\u3002\u81ea19\u4e16\u7eaa\u672b\u8d77\uff0c\u4e00\u4e2a\u65b0\u7684\u91cd\u5efa\u7d22\u90a6\u5927\u5b66\u7684\u5927\u9879\u76ee\u9879\u76ee\u4e2d\u88ab\u542f\u52a8\uff0c\u5728\u8fd9\u91cc\u65b0\u589e\u52a0\u4e86\u5bab\u6bbfAcademique\uff0c\u5927\u5267\u573a\u548c\u5de8\u5927\u7684Biblioth\u00e8que\u3002\u4eca\u5929\uff0c\u7d22\u90a6\u5927\u5b66\u7ee7\u7eed\u6b22\u8fce\u6765\u81ea\u6cd5\u56fd\u548c\u4e16\u754c\u5404\u5730\u7684\u4f18\u79c0\u5b66\u751f\u548c\u7814\u7a76\u4eba\u5458\u6765\u8fd9\u91cc\u4e00\u8d77\u5de5\u4f5c\u548c\u5b66\u4e60\u3002\u53c2\u89c2\u5927\u5b66\u662f\u514d\u8d39\u7684\u3002", "arriveMethod": "\u5730\u94c110\u53f7\u7ebfCluny\u2014La Sorbonne\u7ad9\u4e0b\u3002", "address": "1 Rue Victor Cousin, 75005 Paris, \u6cd5\u56fd"}');
INSERT INTO "city_picture" VALUES('5e837dde-1f53-11e2-922e-e4ce8f4b5244','sorbonne_1.jpg','/static/media/uploads/paris/sorbonne_1.jpg','','5e8268f5-1f53-11e2-bc80-e4ce8f4b5244','2012-10-26 09:56:10.293784+00:00');
INSERT INTO "city_picture" VALUES('5eca6461-1f53-11e2-b60d-e4ce8f4b5244','sorbonne_2.jpg','/static/media/uploads/paris/sorbonne_2.jpg','','5e8268f5-1f53-11e2-bc80-e4ce8f4b5244','2012-10-26 09:56:10.759260+00:00');
INSERT INTO "city_picture" VALUES('5f13f64a-1f53-11e2-b69c-e4ce8f4b5244','sorbonne_3.jpg','/static/media/uploads/paris/sorbonne_3.jpg','','5e8268f5-1f53-11e2-bc80-e4ce8f4b5244','2012-10-26 09:56:11.241477+00:00');
INSERT INTO "city_place" VALUES('5f556f30-1f53-11e2-8c9f-e4ce8f4b5244','圣日耳曼德佩区','Saint Germain des Prés',5,7,'2.332190','48.854095','香街的浮华，圣奥诺雷街的奢华，玛黑区的新锐，都只是巴黎精神的外围，这里才是巴黎的精华所在。',8,'{"description": "\u5723\u65e5\u8033\u66fc\u5fb7\u4f69\u533a\u4f4d\u4e8e\u585e\u7eb3\u6cb3\u7684\u5de6\u5cb8\uff0c\u6db5\u76d6\u4e86\u5df4\u9ece\u516d\u3001\u4e03\u4e24\u4e2a\u884c\u653f\u533a\uff0c\u662f\u8c61\u5f81\u5df4\u9ece\u7684\u4e00\u4e2a\u795e\u79d8\u5730\u65b9\u3002\u8be5\u8857\u533a\u81ea\u4ece\u5341\u4e03\u4e16\u7eaa\u4ee5\u6765\uff0c\u5c31\u4e00\u76f4\u662f\u5df4\u9ece\u7684\u7cbe\u795e\u4e2d\u5fc3\u3002\u6f2b\u6b65\u5728\u8fd9\u4e2a\u8857\u533a\uff0c\u968f\u5904\u4fbf\u53ef\u4ee5\u627e\u5230\u6587\u5316\u7684\u5370\u8bb0\u548c\u5386\u53f2\u7684\u70d9\u5370\u3002\u5341\u516b\u4e16\u7eaa\u6cd5\u56fd\u4e00\u90e8\u5206\u8457\u540d\u7684\u542f\u8499\u601d\u60f3\u5bb6\u72c4\u5fb7\u7f57\u3001\u9b41\u5948\u3001\u4f0f\u5c14\u6cf0\u3001\u5362\u68ad\u7b49\uff0c\u4ed6\u4eec\u7ecf\u5e38\u805a\u96c6\u5728\u6717\u6234\u4e50\u5496\u5561\u9986 caf\u00e9 Landelle\uff0c\u5e03\u897f\u8857 rue de Buci \u6216\u662f\u666e\u5bc7\u5496\u5561\u9986 Procope\uff0c\u4ed6\u4eec\u5728\u8fd9\u91cc\u5171\u540c\u7f16\u7e82\u4e86\u4e16\u754c\u4e0a\u7b2c\u4e00\u90e8\u300a\u767e\u79d1\u5168\u4e66\u300b \u3002\u6cd5\u56fd\u5927\u9769\u547d\u540e\u671f\u7684\u9886\u5bfc\u4eba\u7269\uff0c\u9a6c\u62c9 Marat\uff0c\u4e39\u4e1c Danton\u5c31\u66fe\u4f4f\u5728\u8fd9\u4e2a\u8857\u533a\u3002", "address": "Saint-Germain des Pr\u00e9s, 75006 Paris, \u6cd5\u56fd"}');
INSERT INTO "city_picture" VALUES('5f5732e8-1f53-11e2-97b1-e4ce8f4b5244','saint_germain_des_pres_1.jpg','/static/media/uploads/paris/saint_germain_des_pres_1.jpg','','5f556f30-1f53-11e2-8c9f-e4ce8f4b5244','2012-10-26 09:56:11.682055+00:00');
INSERT INTO "city_picture" VALUES('5f9bf694-1f53-11e2-90be-e4ce8f4b5244','saint_germain_des_pres_2.jpg','/static/media/uploads/paris/saint_germain_des_pres_2.jpg','','5f556f30-1f53-11e2-8c9f-e4ce8f4b5244','2012-10-26 09:56:12.132500+00:00');
INSERT INTO "city_picture" VALUES('5fddfd30-1f53-11e2-9fd0-e4ce8f4b5244','saint_germain_des_pres_3.jpg','/static/media/uploads/paris/saint_germain_des_pres_3.jpg','','5f556f30-1f53-11e2-8c9f-e4ce8f4b5244','2012-10-26 09:56:12.565046+00:00');
INSERT INTO "city_place" VALUES('60241702-1f53-11e2-a03c-e4ce8f4b5244','小丘广场','Place du Tertre',1,7,'2.340659','48.886515','小丘广场影映在一片楼宇和绿树环抱中，就是这样一个不起眼的广场，却被称为落魄文人的天堂。',8,'{"description": "\u4f4d\u4e8e\u5df4\u9ece\u5e02\u4e2d\u5fc3\u4e0d\u8fdc\u5904\u6709\u4e00\u4e2a\u5e7f\u573a\uff0c\u540d\u53eb\u5c0f\u4e18\u5e7f\u573a\u3002\u5c0f\u4e18\u5e7f\u573a\u5f71\u6620\u5728\u4e00\u7247\u697c\u5b87\u548c\u7eff\u6811\u73af\u62b1\u4e2d\uff0c\u5c31\u662f\u8fd9\u6837\u4e00\u4e2a\u4e0d\u8d77\u773c\u7684\u5e7f\u573a\uff0c\u5374\u88ab\u79f0\u4f5c\u662f\u843d\u9b44\u6587\u4eba\u7684\u5929\u5802\u3002\u4ece19\u4e16\u7eaa\u5f00\u59cb\uff0c\u8fd9\u91cc\u5c31\u805a\u96c6\u4e86\u5404\u79cd\u4e0d\u5f97\u5fd7\u3001\u7a77\u56f0\u6f66\u5012\u7684\u843d\u9b44\u6587\u4eba\uff0c\u4ed6\u4eec\u5728\u8fd9\u91cc\u4ee5\u4f5c\u753b\u4e3a\u751f,\u6216\u51fa\u552e\u81ea\u5df1\u7684\u753b\u4f5c\uff0c\u6216\u4e3a\u6e38\u5ba2\u753b\u753b\u3002\u8457\u540d\u753b\u5bb6\u5362\u68ad\u3001\u9ad8\u66f4\u3001\u96f7\u8bfa\u74e6\u3001\u6bd5\u52a0\u7d22\u3001\u68b5\u9ad8\u3001\u5e03\u62c9\u514b\u7b49\u90fd\u66fe\u5728\u6b64\u4ee5\u4f5c\u753b\u4e3a\u751f\uff0c\u7559\u4e0b\u4e86\u4e00\u4e2a\u4e2a\u51c4\u7f8e\u7684\u6545\u4e8b\u548c\u4f20\u8bf4\u3002", "arriveMethod": "\u5730\u94c112\u53f7\u7ebfAbbesses\u7ad9\u4e0b\u3002", "address": "Place du Tertre, 75018 Paris, \u6cd5\u56fd"}');
INSERT INTO "city_picture" VALUES('6025362b-1f53-11e2-8fe7-e4ce8f4b5244','place_du_tertre_1.jpg','/static/media/uploads/paris/place_du_tertre_1.jpg','','60241702-1f53-11e2-a03c-e4ce8f4b5244','2012-10-26 09:56:13.031298+00:00');
INSERT INTO "city_picture" VALUES('6063d5ba-1f53-11e2-bf90-e4ce8f4b5244','place_du_tertre_2.jpg','/static/media/uploads/paris/place_du_tertre_2.jpg','','60241702-1f53-11e2-a03c-e4ce8f4b5244','2012-10-26 09:56:13.442438+00:00');
INSERT INTO "city_picture" VALUES('60a8e09c-1f53-11e2-a0fa-e4ce8f4b5244','place_du_tertre_3.jpg','/static/media/uploads/paris/place_du_tertre_3.jpg','','60241702-1f53-11e2-a03c-e4ce8f4b5244','2012-10-26 09:56:13.894978+00:00');
INSERT INTO "city_place" VALUES('60f78c54-1f53-11e2-bbf5-e4ce8f4b5244','巴士底歌剧院','Opéra Bastille',9,7,'2.370496','48.852117','巴黎人曾称这座建筑为世界上最大的公共厕所，不知道在公共厕所看文艺表演会是什么感觉。',4,'{"website": "http://www.operadeparis.fr/", "ticketInfo": "\u95e8\u7968\u5168\u796811EUR\uff0c\u534a\u79686~9EUR\u3002", "phoneNumber": "0140011970", "description": "\u5df4\u58eb\u5e95\u6b4c\u5267\u9662\u662f\u6cd5\u56fd\u7b2c\u4e8c\u5927\u6b4c\u5267\u9662\uff0c\u4e5f\u662f\u6b27\u6d32\u6700\u5927\u7684\u6b4c\u5267\u9662\u4e4b\u4e00\u3002\u5ea7\u843d\u5728\u5df4\u9ece\u5341\u4e8c\u533a\u7684\u5df4\u58eb\u5e95\u5e7f\u573a\uff0c\u7531\u5361\u6d1b\u65af\u00b7\u5965\u7279\u8bbe\u8ba1\uff0c\u4e8e1989\u5e74\u843d\u6210\u3002\u5df4\u58eb\u5e95\u6b4c\u5267\u9662\u548c\u52a0\u5c3c\u53f6\u6b4c\u5267\u9662\u662f\u6cd5\u56fd\u56fd\u5bb6\u6b4c\u5267\u9662\u6307\u5b9a\u7684\u4e24\u4e2a\u6b4c\u5267\u6f14\u51fa\u573a\u6240\u3002", "arriveMethod": "\u5730\u94c11\u53f7\u7ebf\u30015\u53f7\u7ebf\u30018\u53f7\u7ebfBastille\u7ad9\u4e0b\u3002", "address": "120 Rue de Lyon, 75012 Paris, \u6cd5\u56fd"}');
INSERT INTO "city_picture" VALUES('60f8fc11-1f53-11e2-b610-e4ce8f4b5244','opera_bastille_1.jpg','/static/media/uploads/paris/opera_bastille_1.jpg','','60f78c54-1f53-11e2-bbf5-e4ce8f4b5244','2012-10-26 09:56:14.419775+00:00');
INSERT INTO "city_picture" VALUES('61383594-1f53-11e2-a8c3-e4ce8f4b5244','opera_bastille_2.jpg','/static/media/uploads/paris/opera_bastille_2.jpg','','60f78c54-1f53-11e2-bbf5-e4ce8f4b5244','2012-10-26 09:56:14.834365+00:00');
INSERT INTO "city_picture" VALUES('6183db3d-1f53-11e2-86ed-e4ce8f4b5244','opera_bastille_3.jpg','/static/media/uploads/paris/opera_bastille_3.jpg','','60f78c54-1f53-11e2-bbf5-e4ce8f4b5244','2012-10-26 09:56:15.330216+00:00');
INSERT INTO "city_place" VALUES('61ccf8b5-1f53-11e2-b145-e4ce8f4b5244','孚日广场','Place des Vosges',1,7,'2.365654','48.855692','四方形广场在巴黎很少见，临街骑楼的设计更是稀有，整齐排列的高窗，立面的四方砖饰更是增添了音乐般的韵律感。',8,'{"ticketInfo": "\u514d\u8d39", "openTime": "24\u5c0f\u65f6", "description": "\u5b5a\u65e5\u5e7f\u573a\u662f\u739b\u9ed1\u533a\u7684\u7cbe\u534e\uff0c\u8fd9\u662f\u4e00\u4e2a\u5b8c\u5168\u5bf9\u79f0\u7684\u56db\u65b9\u5e7f\u573a\uff0c\u5e7f\u573a\u4e0a\u6240\u6709\u7684\u77f3\u5934\u548c\u7816\u623f\u662f\u5b8c\u5168\u76f8\u540c\u7684\uff0c\u5899\u9762\u4e0a\u65b9\u90fd\u662f\u9661\u5ced\u7684\u77f3\u677f\u623f\u9876\uff0c\u5916\u5899\u5219\u662f\u7c7b\u4f3c\u77e9\u5f62\u7684\u7816\u5757\u5806\u780c\u800c\u6210\u7684\uff0c\u5341\u5206\u6574\u9f50\u5300\u79f0\uff0c\u662f\u6e38\u89c8\u5df4\u9ece\u4e0d\u53ef\u9519\u8fc7\u7684\u540d\u80dc\u4e4b\u4e00\uff0c\u8fd9\u91cc\u7684\u6bcf\u4e00\u5e62\u623f\u5b50\u51e0\u4e4e\u90fd\u548c\u4e00\u4e2a\u663e\u8d6b\u7684\u540d\u5b57\u76f8\u8fde\uff0c2\u53f7\u662f\u8457\u540d\u7684\u6587\u5b66\u6c99\u9f99\u592b\u4eba\u82cf\u7ef4\u59ae\u4faf\u7235\u592b\u4eba\u51fa\u751f\u5730\uff0c\u83ab\u91cc\u54c0\u7684\u6210\u540d\u5267\u672c\u5c31\u662f\u5728\u8fd9\u91cc\u88ab\u9996\u6b21\u6717\u8bf5\uff0c\u7531\u6b64\u63ed\u5f00\u4e86\u6cd5\u56fd\u559c\u5267\u7684\u65b0\u7bc7\uff1b11\u53f7\u662f\u4e00\u4ee3\u540d\u5993Marion Delorme\u7684\u5c45\u6240\uff0c21\u53f7\u4f4f\u8fc7\u9ece\u80e5\u7559\u7ea2\u8863\u5927\u4e3b\u6559\uff1b6\u53f7\u96e8\u679c\u6545\u5c45\uff0c\u5982\u4eca\u6210\u4e3a\u96e8\u679c\u535a\u7269\u9986\u3002\u56db\u5468\u73af\u7ed5\u7740\u6210\u836b\u7684\u62f1\u5f62\u8d70\u5eca\u91cc\uff0c\u5f00\u6ee1\u4e86\u5404\u79cd\u5404\u6837\u7684\u65f6\u5c1a\u7cbe\u54c1\u5e97\u3002", "arriveMethod": "\u5730\u94c11\u53f7\u7ebf\u30015\u53f7\u7ebf\u30018\u53f7\u7ebfBastille\u7ad9\u4e0b\uff0c\u6216\u5730\u94c18\u53f7\u7ebfChemin Vert\u7ad9\u4e0b\u3002", "address": "Place des Vosges 75004 Paris, \u6cd5\u56fd"}');
INSERT INTO "city_picture" VALUES('61ce1b17-1f53-11e2-a0f3-e4ce8f4b5244','place_des_vosges_1.jpg','/static/media/uploads/paris/place_des_vosges_1.jpg','','61ccf8b5-1f53-11e2-b145-e4ce8f4b5244','2012-10-26 09:56:15.816194+00:00');
INSERT INTO "city_picture" VALUES('621e538a-1f53-11e2-8fd5-e4ce8f4b5244','place_des_vosges_2.jpg','/static/media/uploads/paris/place_des_vosges_2.jpg','','61ccf8b5-1f53-11e2-b145-e4ce8f4b5244','2012-10-26 09:56:16.341979+00:00');
INSERT INTO "city_picture" VALUES('626b9bf3-1f53-11e2-be30-e4ce8f4b5244','place_des_vosges_3.jpg','/static/media/uploads/paris/place_des_vosges_3.jpg','','61ccf8b5-1f53-11e2-b145-e4ce8f4b5244','2012-10-26 09:56:16.849018+00:00');
INSERT INTO "city_place" VALUES('62a4b417-1f53-11e2-a06f-e4ce8f4b5244','夏约宫','Palais de Chaillot',1,7,'2.288509','48.862770','拍摄埃菲尔铁塔的最佳位置，值得一去。',3,'{"website": "http://www.citechaillot.fr/en/", "phoneNumber": "0158515200", "description": "\u590f\u7ea6\u5bab\u4f4d\u4e8e\u57c3\u83f2\u5c14\u94c1\u5854\u5e95\u90e8\uff0c\u662f1937\u5e74\u5efa\u7b51\u5e08\u963f\u6cfd\u739b\u3001\u8def\u6613\u65af\u2219\u5965\u53e4\u65af\u7279\u2219\u5e03\u74e6\u6d1b\u548c\u96c5\u514b\u2219\u5361\u5415\u4e3a\u5df4\u9ece\u4e07\u56fd\u535a\u89c8\u4f1a\u4fee\u5efa\u7684\u5bab\u6bbf\uff0c\u4f4d\u4e8e\u590f\u7ea6\u5c71\u4e0a\u3002\u8fd9\u5ea7\u65b0\u53e4\u5178\u4e3b\u4e49\u7684\u7eaa\u5ff5\u5854\uff0c\u5176\u5916\u5f62\u72b9\u5982\u9999\u8549\u4e00\u6837\u5448\u4e24\u7ffc\u5f20\u5f00\u72b6\uff0c\u7531\u56db\u5927\u535a\u7269\u9986\u548c\u957f\u5ea6\u5747\u4e3a195\u7c73\uff08639\u82f1\u5c3a\uff09\u7684\u4e24\u7ffc\u7ec4\u6210\u3002\u5176\u4e0a\u662f\u752830\u5e74\u4ee3\u7684\u96d5\u5851\u548c\u6d45\u6d6e\u96d5\u88c5\u9970\u800c\u6210\uff0c\u4e0a\u9762\u8fd8\u523b\u7740\u8bd7\u4eba\u74e6\u83b1\u5229\u7684\u91d1\u8272\u94ed\u6587\u3002\u590f\u7ea6\u5bab\u5185\u4e3b\u8981\u5305\u62ec\u4eba\u7c7b\u535a\u7269\u9986\u3001\u6d77\u6d0b\u535a\u7269\u9986\u3001\u4ea8\u5229\u2219\u6717\u683c\u6d1b\u74e6\u7535\u5f71\u535a\u7269\u9986\u3001\u6cd5\u5170\u897f\u6587\u732e\u535a\u7269\u9986\u3001\u897f\u5824\u5c9b\u5b97\u6559\u56e2\u4f53\u5efa\u7b51\u3001\u590f\u6d1b\u7279\u56fd\u5bb6\u5267\u9662\u4ee5\u53ca\u6cd5\u56fd\u7535\u5f71\u535a\u7269\u9986\u7b49\u3002\u590f\u7ea6\u5bab\u7684\u524d\u9762\u662f\u7279\u6d1b\u5361\u5fb7\u7f57\u5ead\u9662\u3002", "arriveMethod": "\u5730\u94c16\u53f7\u7ebf\u30019\u53f7\u7ebfTrocad\u00e9ro\u7ad9\u4e0b\u3002", "address": "1 Place du Trocad\u00e9ro et du 11 Novembre, 75116 Paris, \u6cd5\u56fd"}');
INSERT INTO "city_picture" VALUES('62a5f068-1f53-11e2-9bbc-e4ce8f4b5244','palais_de_chaillot_1.jpg','/static/media/uploads/paris/palais_de_chaillot_1.jpg','','62a4b417-1f53-11e2-a06f-e4ce8f4b5244','2012-10-26 09:56:17.231327+00:00');
INSERT INTO "city_place" VALUES('62dc8773-1f53-11e2-aabf-e4ce8f4b5244','大皇宫','Grand Palais',1,7,'2.315532','48.866204','精致的柱廊，华丽的雕刻，透明的玻璃圆顶，在夜晚，在灯光的照射下尤其绚烂。',3,'{"openTime": "10:00-20:00\uff0c\u5468\u4e09\u5ef6\u957f\u81f322:00\u3002", "description": "\u5df4\u9ece\u5927\u7687\u5bab\uff08Grand Palais\uff09\u4f4d\u4e8e\u5df4\u9ece\u9999\u69ad\u4e3d\u820d\u5927\u9053\uff0c\u662f\u4e3a\u4e86\u4e3e\u529e1900\u5e74\u4e16\u754c\u535a\u89c8\u4f1a\u6240\u5174\u5efa\u7684\u3002\u4e16\u535a\u4f1a\u540e\uff0c\u5176\u4ed6\u5efa\u7b51\u62c6\u9664\uff0c\u72ec\u7559\u4e0b\u5df4\u9ece\u5927\u7687\u5bab\u548c\u57c3\u83f2\u5c14\u94c1\u5854\u8fd9\u4e24\u5ea7\u5efa\u7b51\u4f5c\u4e3a\u6cd5\u56fd\u53ca\u5df4\u9ece\u5e02\u7684\u8c61\u5f81\u3002\u8fd9\u5ea7\u5df2\u7ecf\u6709\u8d85\u8fc7100\u5e74\u5386\u53f2\u7684\u5efa\u7b51\uff0c\u73b0\u5728\u662f\u4e00\u4e2a\u516c\u5171\u5c55\u89c8\u5385\uff0c\u4e3e\u529e\u8fc7\u65f6\u5c1a\u540d\u4eba\u4f0a\u592b\u00b7\u5723\u7f57\u5170\u7684\u62cd\u5356\u4f1a\uff0c\u4e5f\u5f00\u8fc7\u514b\u91cc\u65af\u8482\u5b89\u00b7\u535a\u5c14\u5766\u65af\u57fa\u7684\u4e2a\u5c55\uff0c\u5e76\u4e14\u8fd8\u4f1a\u4e3e\u884c\u5404\u5f0f\u5404\u6837\u7684\u5927\u578b\u8282\u5e86\u6d3b\u52a8\u3002\u5df4\u9ece\u5927\u7687\u5bab\u72ec\u7acb\u827a\u672f\u5bb6\u4f5c\u54c1\u5c55\u4e8e1884\u5e74\u5728\u5df4\u9ece\u521b\u529e\uff0c\u6bcf\u5e74\u5728\u5df4\u9ece\u5927\u7687\u5bab\u4e3e\u884c\uff0c\u662f\u6cd5\u56fd\u6700\u5177\u5386\u53f2\u610f\u4e49\u7684\u827a\u672f\u5c55\u4e4b\u4e00\u3002\u4f17\u591a\u624d\u534e\u6a2a\u6ea2\u7684\u827a\u672f\u5bb6\u5e74\u8f7b\u65f6\u90fd\u66fe\u5728\u8fd9\u91cc\u5c55\u51fa\u81ea\u5df1\u7684\u4f5c\u54c1\uff0c\u5305\u62ec\u68b5\u9ad8\u3001\u585e\u5c1a\u3001\u96f7\u8bfa\u963f\u3001\u9a6c\u8482\u65af\u3001\u8fbe\u5229\u3001\u6bd5\u52a0\u7d22\uff0c\u4ed6\u4eec\u5f53\u65f6\u8fd8\u5c1a\u672a\u95fb\u540d\u4e8e\u4e16\u3002", "arriveMethod": "\u5730\u94c11\u53f7\u7ebf\u300113\u53f7\u7ebfChamps-\u00c9lys\u00e9es - Clemenceau\u7ad9\u4e0b\u3002", "address": "1 Avenue G\u00e9neral Eisenhower, 75008 Paris, \u6cd5\u56fd"}');
INSERT INTO "city_picture" VALUES('62ddaeb8-1f53-11e2-b821-e4ce8f4b5244','grand_palais_1.jpg','/static/media/uploads/paris/grand_palais_1.jpg','','62dc8773-1f53-11e2-aabf-e4ce8f4b5244','2012-10-26 09:56:17.596292+00:00');
INSERT INTO "city_picture" VALUES('63170797-1f53-11e2-a259-e4ce8f4b5244','grand_palais_2.jpg','/static/media/uploads/paris/grand_palais_2.jpg','','62dc8773-1f53-11e2-aabf-e4ce8f4b5244','2012-10-26 09:56:17.972402+00:00');
INSERT INTO "city_place" VALUES('63543291-1f53-11e2-a00d-e4ce8f4b5244','圆顶咖啡馆','La Coupole',2,7,'2.328005','48.842335','这家咖啡馆如今已不再只是咖啡馆了，而更是高级餐厅、时尚酒吧和欢乐舞厅，吸引着来自世界各地的名流雅士。',7,'{"website": "http://www.lacoupoleparis.com", "openTime": "\u5468\u4e00~\u5468\u4e09\u3001\u5468\u65e5\uff1a8:30\u20130:00\uff1b\u5468\u56db~\u5468\u516d\uff1a8:30\u20131:00\u3002", "phoneNumber": "0143201420", "description": "\u8fd9\u662f\u4e00\u5bb6\u7efc\u5408\u5496\u5561\u9986\uff0c\u98ce\u683c\u5f88\u5de6\u5cb8\uff0c\u4e5f\u5f88\u8499\u5e15\u7eb3\u65af\u3002\u8499\u5e15\u7eb3\u65af\u66fe\u662f\u827a\u672f\u5bb6\u5bc6\u96c6\u7684\u5730\u533a\uff0c\u800cLa Coupole\u5219\u662f\u5bc6\u5ea6\u66f4\u9ad8\u7684\u573a\u6240\u3002\u6d77\u660e\u5a01\u3001\u4e54\u54c0\u601d\u3001\u6c99\u7279\u3001\u897f\u8499\uff0e\u6ce2\u5a03\u90fd\u66fe\u7ecf\u6d41\u8fde\u5728\u6b64\u3002\u5b83\u4e0d\u53ea\u662f\u5496\u5561\u9986\uff0c\u4e5f\u53ef\u4ee5\u56e0\u5e94\u9700\u8981\u5229\u7528\u9694\u5c4f\u6539\u6210\u9152\u9986\u3001\u821e\u5385\u3002\u5706\u9876\u7684\u88c5\u6f62\uff0c\u6e05\u4e3d\u800c\u4e0d\u534e\uff0c\u4e00\u8fdb\u95e8\u5c31\u7ed9\u4eba\u4e00\u79cd\u4eb2\u5207\u7684\u611f\u89c9\u3002\u751a\u81f3\u4e8e\u53ef\u80fd\u8fd8\u6709\u4eba\u8bef\u4f1a\u5b83\u662f\u4e00\u4e2a\u753b\u5eca\uff0c\u800c\u4e0d\u662f\u9910\u9986\u3002\u5b83\u56db\u58c1\u7684\u5899\u4e0a\uff0c\u6302\u6ee1\u4e86\u5de8\u5927\u7684\u6cb9\u753b\uff0c\u8fd9\u4e9b\u753b\u4e0d\u662f\u4e00\u4e2a\u4eba\u7684\u4f5c\u54c1\uff0c\u800c\u662f\u7ecf\u5e38\u66f4\u6362\uff0c\u5305\u62ec\u590f\u5361\u5c14\uff08Chagall\uff09\u53ca\u5e03\u6717\u5e93\u897f\uff08Brancuci\uff09\u7684\u4f5c\u54c1\u3002\u6d77\u660e\u5a01\u5f53\u5e74\u6765\u5df4\u9ece\u65f6\u4e00\u6587\u4e0d\u540d\uff0c\u9760\u7740\u6bd4\u81ea\u5df1\u5927\u4e868\u5c81\u7684\u8001\u5a46\u6253\u5de5\u6323\u6765\u7684\u94b1\u6df7\u8ff9\u5df4\u9ece\u3002\u5f53\u5e74\u4e0e\u6d77\u660e\u5a01\u4e3a\u4f0d\u7684\u516c\u5b50\u54e5\u513f\u4eec\u8fd8\u6709\u4e00\u6279\u753b\u5bb6\uff0c\u56e0\u4ed8\u4e0d\u8d77\u6b20\u5706\u9876\u5496\u5561\u9986\u7684\u996d\u94b1\uff0c\u4fbf\u548c\u8001\u677f\u5b9a\u4e0b\u4e86\u541b\u5b50\u534f\u8bae\uff0c\u4e3a\u5706\u9876\u5496\u5561\u9986\u753b\u4e9b\u88c5\u9970\u58c1\u753b\u3002\u4eca\u5929\u8fd9\u4e9b\u88c5\u9970\u58c1\u753b\u5df2\u7ecf\u4ef7\u503c\u8fde\u57ce\u3002", "arriveMethod": "\u5730\u94c14\u53f7\u7ebfVavin\u7ad9\u4e0b\u3002", "address": "102 Boulevard du Montparnasse, 75014 Paris, \u6cd5\u56fd"}');
INSERT INTO "city_picture" VALUES('6355cc23-1f53-11e2-895b-e4ce8f4b5244','la_coupole_1.jpg','/static/media/uploads/paris/la_coupole_1.jpg','','63543291-1f53-11e2-a00d-e4ce8f4b5244','2012-10-26 09:56:18.383810+00:00');
INSERT INTO "city_picture" VALUES('638f79eb-1f53-11e2-a456-e4ce8f4b5244','la_coupole_2.jpg','/static/media/uploads/paris/la_coupole_2.jpg','','63543291-1f53-11e2-a00d-e4ce8f4b5244','2012-10-26 09:56:18.761587+00:00');
INSERT INTO "city_picture" VALUES('63d52938-1f53-11e2-951b-e4ce8f4b5244','la_coupole_3.jpg','/static/media/uploads/paris/la_coupole_3.jpg','','63543291-1f53-11e2-a00d-e4ce8f4b5244','2012-10-26 09:56:19.218475+00:00');
INSERT INTO "city_place" VALUES('641cd4ca-1f53-11e2-b6e1-e4ce8f4b5244','丁香园咖啡馆','La Closerie des Lilas',2,7,'2.336002','48.840043','如果你是海明威的书迷，记得找找“海明威之椅”，或许你无法文思泉涌，但绝对能拥有难忘的咖啡馆时光。',6,'{"website": "http://www.closeriedeslilas.fr", "openTime": "\u5468\u4e00~\u5468\u516d11:00\u201323:30\uff1b\u5468\u65e511:00\u201323:00\u3002", "phoneNumber": "0140513450", "description": "\u73b0\u5728\u7684\u4e01\u9999\u56ed\u5496\u5561\u9986\u5916\u56f4\u6709\u7740\u9ad8\u9ad8\u7684\u4e00\u5c42\u7eff\u8272\u690d\u7269\u91cd\u91cd\u5305\u56f4\u7740\uff0c\u7a0d\u4e0d\u7559\u795e\u5c31\u4f1a\u9519\u8fc7\u4ed6\u7684\u5165\u53e3\uff0c\u8fd9\u548c\u5df4\u9ece\u5176\u4ed6\u5496\u5561\u9986\u901a\u900f\u7684\u843d\u5730\u73bb\u7483\u7a97\u98ce\u683c\u622a\u7136\u4e0d\u540c\uff0c\u5ba2\u4eba\u53ef\u4ee5\u5750\u5728\u73bb\u7483\u7a97\u540e\u6b23\u8d4f\u82b1\u56ed\u7684\u7f8e\u666f\uff0c\u8fd8\u53ef\u4ee5\u9009\u62e9\u5728\u82b1\u56ed\u91cc\u7528\u9910\uff0c\u82b1\u56ed\u4e2d\u95f4\u8fd8\u6709\u5c0f\u578b\u7684\u821e\u53f0\uff0c\u7ecf\u5e38\u6709\u8457\u540d\u7684\u620f\u5267\u6f14\u5458\u5728\u8fd9\u91cc\u7528\u9910\u5e76\u5373\u5174\u8868\u6f14\u3002\u5f53\u4f60\u770b\u5230\u8fd9\u91cc\u7684\u9732\u5929\u9633\u53f0\uff0c\u80af\u5b9a\u4f1a\u4e3a\u5b83\u7684\u7eff\u800c\u611f\u52a8\uff1a\u5373\u4f7f\u5728\u9686\u51ac\u65f6\u8282\uff0c\u4e5f\u7eff\u5f97\u8ba9\u4eba\u6ee1\u5fc3\u4e30\u76c8\uff1b\u800c\u590f\u5929\u66f4\u662f\u5982\u5904\u4e8e\u7eff\u6797\u4e4b\u4e2d\uff0c\u82b1\u9999\u8349\u7eff\uff0c\u6e05\u51c9\u5b9c\u4eba\u3002\u76db\u540d\u6240\u7d2f\u3001\u4eca\u65e5\u6587\u4eba\u3001\u827a\u672f\u5bb6\u5c11\u4e86\uff0c\u591a\u7684\u662f\u5bcc\u54e5\u8c6a\u5a46\u3002\u4e01\u9999\u56ed\u5496\u5561\u9986\u7684\u4e00\u4e2a\u89d2\u843d\uff0c\u81f3\u4eca\u8fd8\u4fdd\u7559\u7740\u4e00\u5f20\u201c\u6d77\u660e\u5a01\u4e4b\u6905\u201d\u2014\u6905\u80cc\u7684\u94dc\u724c\u4e0a\u523b\u7740\u6d77\u660e\u5a01\u7684\u540d\u5b57\uff0c\u5496\u5561\u9986\u8fd8\u6709\u4e00\u9053\u540d\u53eb\u201c\u6d77\u660e\u5a01\u80e1\u6912\u725b\u6392\u201d\u7684\u62db\u724c\u83dc\u3002", "arriveMethod": "\u642dRER B\u53f7\u7ebf\u4e8ePort-Royal\u7ad9\u4e0b\uff0c\u51fa\u7ad9\u5373\u8fbe\u3002", "address": "171 Boulevard du Montparnasse, 75006 Paris, \u6cd5\u56fd"}');
INSERT INTO "city_picture" VALUES('641e8057-1f53-11e2-9ae7-e4ce8f4b5244','la_closerie_des_lilas_1.jpg','/static/media/uploads/paris/la_closerie_des_lilas_1.jpg','','641cd4ca-1f53-11e2-b6e1-e4ce8f4b5244','2012-10-26 09:56:19.698544+00:00');
INSERT INTO "city_picture" VALUES('646874c2-1f53-11e2-871c-e4ce8f4b5244','la_closerie_des_lilas_2.jpg','/static/media/uploads/paris/la_closerie_des_lilas_2.jpg','','641cd4ca-1f53-11e2-b6e1-e4ce8f4b5244','2012-10-26 09:56:20.183721+00:00');
INSERT INTO "city_picture" VALUES('64b12eeb-1f53-11e2-9ca2-e4ce8f4b5244','la_closerie_des_lilas_3.jpg','/static/media/uploads/paris/la_closerie_des_lilas_3.jpg','','641cd4ca-1f53-11e2-b6e1-e4ce8f4b5244','2012-10-26 09:56:20.660086+00:00');
INSERT INTO "city_picture" VALUES('64f216fa-1f53-11e2-80f3-e4ce8f4b5244','la_closerie_des_lilas_4.jpg','/static/media/uploads/paris/la_closerie_des_lilas_4.jpg','','641cd4ca-1f53-11e2-b6e1-e4ce8f4b5244','2012-10-26 09:56:21.085748+00:00');
INSERT INTO "city_place" VALUES('653abe45-1f53-11e2-8efe-e4ce8f4b5244','狡兔酒馆','Le Lapin Agile',2,7,'2.339972','48.88893','如同它斑驳而鲜艳的外观一般，狡兔酒馆的历史故事总是为人所称道。',4,'{"website": "http://www.au-lapin-agile.com/", "ticketInfo": "\u5165\u573a\u8d39\u6210\u4eba\u20ac24(\u542b1\u676f\u996e\u6599)\u3001\u5b66\u751f\u20ac17(\u542b1\u676f\u996e\u6599)\uff0c\u52a0\u70b9\u542b\u9152\u7cbe\u996e\u6599\u20ac7\u3001\u4e0d\u542b\u9152\u7cbe\u996e\u6599\u20ac6\u3002", "openTime": "\u5468\u4e8c\uff5e\u5468\u65e521:00~2:00", "phoneNumber": "0146068587", "description": "\u72e1\u5154\u9152\u9986\u7684\u5386\u53f2\u4ece1860\u5e74\u5c55\u5f00\uff0c\u6700\u521d\u662f\u4ee5\u6740\u624b\u9152\u9986(Cabaretdes Assassins)\u4e3a\u540d\uff0c\u76f4\u52301880\u5e74\uff0c\u753b\u5bb6\u5409\u52d2(Andr\u00e9 Gillh)\u5728\u6b64\u753b\u4e0b\u4e86\u4e00\u5e45\u624b\u6301\u9152\u74f6\u8df3\u51fa\u714e\u9505\u7684\u753b\u4f5c\uff0c\u7531\u4e8e\u6cd5\u6587\u91cc\u201c\u5409\u52d2\u7684\u5154\u5b50\u201d(Le Lapin \u00e0 Gill)\u4e0e\u201c\u72e1\u5154\u201d(Lapin Agile)\u8c10\u97f3\uff0c\u8ba9\u8fd9\u91cc\u4ece\u6b64\u6539\u540d\u4e3a\u72e1\u5154\u9152\u9986\u3002\u76f4\u5230\u4eca\u5929\uff0c\u9152\u9986\u8fd8\u662f\u7ef4\u6301\u4e00\u8d2f\u4f20\u7edf\uff0c\u6bcf\u5929(\u5468\u4e00\u9664\u5916)\u4e0a\u6f14\u7cbe\u91c7\u7684\u97f3\u4e50\u8868\u6f14\uff0c\u6210\u4e86\u4f53\u9a8c\u65e7\u65e5\u7f8e\u597d\u6c14\u6c1b\u7684\u6700\u4f73\u53bb\u5904\u3002", "arriveMethod": "\u5730\u94c112\u53f7\u7ebfLamarck-Caulaincourt\u7ad9\u4e0b\u3002", "address": "22 Rue des Saules, 75018 Paris, \u6cd5\u56fd"}');
INSERT INTO "city_picture" VALUES('653c7861-1f53-11e2-9d3f-e4ce8f4b5244','le_lapin_agile_1.jpg','/static/media/uploads/paris/le_lapin_agile_1.jpg','','653abe45-1f53-11e2-8efe-e4ce8f4b5244','2012-10-26 09:56:21.573259+00:00');
INSERT INTO "city_picture" VALUES('65813091-1f53-11e2-b43a-e4ce8f4b5244','le_lapin_agile_2.jpg','/static/media/uploads/paris/le_lapin_agile_2.jpg','','653abe45-1f53-11e2-8efe-e4ce8f4b5244','2012-10-26 09:56:22.023633+00:00');
INSERT INTO "city_picture" VALUES('65d4818c-1f53-11e2-8f02-e4ce8f4b5244','le_lapin_agile_3.jpg','/static/media/uploads/paris/le_lapin_agile_3.jpg','','653abe45-1f53-11e2-8efe-e4ce8f4b5244','2012-10-26 09:56:22.568911+00:00');
INSERT INTO "city_picture" VALUES('6624f4f0-1f53-11e2-a7c7-e4ce8f4b5244','le_lapin_agile_4.jpg','/static/media/uploads/paris/le_lapin_agile_4.jpg','','653abe45-1f53-11e2-8efe-e4ce8f4b5244','2012-10-26 09:56:23.096798+00:00');
INSERT INTO "city_place" VALUES('66752666-1f53-11e2-b38b-e4ce8f4b5244','多摩咖啡館','Le Dôme',2,7,'2.329042','48.841955','列宁在其流亡生涯中，就经常在多摩咖啡馆与托洛茨基构思和争论着俄国的革命。',7,'{"website": "http://papeteriedudome.fr/index.htm", "openTime": "\u5468\u4e00~\u5468\u65e5:8:00\u201323:30", "phoneNumber": "0143352581", "description": "20\u4e16\u7eaa\u521d\uff0c\u968f\u7740\u62c9\u4e01\u533a\u4e0e\u8499\u5e15\u7eb3\u65af\u533a\u7684\u84ec\u52c3\u53d1\u5c55\uff0c\u827a\u672f\u5bb6\u3001\u8bb0\u8005\u3001\u9003\u4ea1\u7684\u4fc4\u7f57\u65af\u8d35\u65cf\u3001\u65e0\u653f\u5e9c\u4e3b\u4e49\u8005\u3001\u5192\u9669\u5bb6\u3001\u89c2\u5149\u5ba2\u2026\u2026\u90fd\u5411\u8fd9\u4e00\u5e26\u6d8c\u6765\uff0cDome\u4fbf\u6210\u4e86\u4f17\u4eba\u4ea4\u6362\u4fe1\u606f\u3001\u6253\u53d1\u65f6\u5149\u7684\u805a\u96c6\u5730\u3002\u8fd9\u5bb6\u5496\u5561\u9986\u5728\u4e09\u3001\u56db\u5341\u5e74\u4ee3\u521a\u6210\u7acb\u65f6\uff0c\u5176\u5b9e\u53ea\u662f\u4e00\u5bb6\u5356\u5feb\u9910\u548c\u5496\u5561\u7684\u5c0f\u5e97\uff0c\u73b0\u4eca\u6574\u4e2a\u5e97\u9762\u5bcc\u4e3d\u5802\u7687\uff0c\u751a\u81f3\uff0c\u4e0d\u5c11\u4eba\u8ba4\u4e3aDome\u7684\u88c5\u9970\u534e\u4e3d\u4fd7\u6c14\uff0c\u7167\u7406\u4e0d\u662f\u827a\u6587\u96c5\u58eb\u6240\u6b23\u8d4f\u7684\uff0c\u4f46\u56e0\u5b83\u7684\u5899\u4e0a\u8d34\u6ee1\u4e86\u6bd5\u52a0\u7d22\u3001\u9a6c\u8482\u65af\u3001\u8fbe\u5229\u7b49\u4f17\u591a\u73b0\u4ee3\u6d3e\u753b\u5bb6\u7684\u7167\u7247\uff0c\u4e0d\u96be\u60f3\u89c1\u5f53\u5e74\u827a\u672f\u98ce\u6d41\u7684\u76db\u51b5\u3002\u66f4\u5438\u5f15\u4eba\u76ee\u5149\u7684\uff0c\u8fd8\u662f\u8e0f\u8fdb\u5496\u5561\u9986\u6620\u5165\u773c\u5e18\u7684\u90a3\u5e45\u4f5c\u54c1\uff0c\u8fd9\u5e45\u7b7e\u7740\u4f5c\u8005Carzoo\u7684\u540d\u5b57\u7684\u5927\u753b\uff0c\u7279\u522b\u663e\u773c\u3002\u8fd8\u6709\u5e03\u62c9\u585e(BRASSAI)\uff0c\u4ed6\u7231\u715e\u4e86\u4ed6\u79f0\u4f5c\u201c\u6ce2\u897f\u7c73\u4e9a\u4eba(BOHEMIAN)\u201d\u7684\u8fd9\u4e00\u5e2e\uff0c\u4ed6\u7528\u76f8\u673a\u548c\u6587\u5b57\u63cf\u8ff0\u4e86\u8fd9\u4e9b\u6574\u591c\u6ce1\u5728LE DOME\u91cc\u4e0d\u5b89\u5206\u7684\u4eba\u3002", "arriveMethod": "\u5730\u94c14\u53f7\u7ebfVavin\u7ad9\u4e0b\u3002", "address": "108, boulevard du Montparnasse, 75014 Paris, \u6cd5\u56fd"}');
INSERT INTO "city_picture" VALUES('1942b7b3-1f5a-11e2-ad3e-e4ce8f4b5244','le_dome_1.jpg','http://10.0.0.27/static/media/uploads/paris/le_dome_1.jpg','','66752666-1f53-11e2-b38b-e4ce8f4b5244','2012-10-26 10:44:20.577553+00:00');
INSERT INTO "city_picture" VALUES('33809766-1f5a-11e2-a810-e4ce8f4b5244','le_dome_2.jpg','http://10.0.0.27/static/media/uploads/paris/le_dome_2.jpg','','66752666-1f53-11e2-b38b-e4ce8f4b5244','2012-10-26 10:45:04.606756+00:00');
INSERT INTO "city_place" VALUES('6676569e-1f53-11e2-b270-e4ce8f4b5244','旺多姆广场','Place Vendôme',5,7,'2.329595','48.867533','旺多姆广场号称“巴黎珠宝箱”，世界级的珠宝商、名表店都在广场边拥有店面，来到此地绝对让人眼前一亮。',8,'{"website": "http://www.place-vendome.net", "description": "\u6cbf\u7740Castiglione\u8857\u548cde la Paix\u9152\u5e97\u5c31\u53ef\u4ee5\u5230\u8fbe\u5df4\u9ece\u6700\u8457\u540d\u7684\u5e7f\u573a\u4e4b\u4e00\u65fa\u591a\u59c6\u5e7f\u573a\u3002\u8fd9\u4e2a\u5efa\u7b51\u4e2d\u7684\u6770\u4f5c\u521b\u5efa\u4e8e 1685\u5e74\uff0c\u53d7\u56fd\u738b\u8def\u6613\u5341\u56db\u59d4\u6258\u5e76\u7531Jules- Hardouin Mansart\u8bbe\u8ba1\u7684\uff0c\u4e0e\u6cd5\u56fd\u7684\u5386\u53f2\u4e00\u8109\u76f8\u8fde\u3002\u73af\u7ed5\u5e7f\u573a\u7684\u5927\u53a6\u62f1\u5eca\u5728\u9996\u90fd\u7684\u4e2d\u5fc3\u5f62\u6210\u4e86\u7d27\u5bc6\u7684\u6c99\u9f99\u3002\u6beb\u65e0\u7591\u95ee\uff0c\u5b83\u662f\u7531\u5df4\u9ece\u7684\u8d35\u65cf\u63d0\u8bae\u5efa\u9020\u7684\u3002\u5728\u62ff\u7834\u4ed1\u5efa\u7acb\u7684\u5965\u65af\u7279\u5229\u8328\u5706\u67f1\u5468\u56f4\u662f\u8bb8\u591a\u4eab\u6709\u76db\u8a89\u7684\u94f6\u884c\u548c\u6cd5\u56fd\u5178\u96c5\u7684\u8c61\u5f81\u3002\u5962\u4f88\u54c1\u724c\u5982\u7ef0\u7f8e\uff0c\u5b9d\u8bd7\u9f99\uff0c\u68b5\u514b\u96c5\u5b9d\uff0c\u5361\u5730\u4e9a\uff0c\u5a07\u5170\uff0c\u9999\u5948\u513f\u6bd4\u6bd4\u7686\u662f\u3002\u5f53\u4f60\u9a7b\u8db3\u8fd9\u91cc\uff0c\u505c\u5728\u91cc\u8328\u996d\u5e97\u6216\u8005\u7231\u4e3d\u820d\u5bab\uff08\u603b\u7edf\u5b98\u90b8\uff09\uff0c\u662f\u7684\uff0c\u8fd9\u771f\u7684\u662f\u8c6a\u534e\uff0c\u4f18\u96c5\u548c\u9738\u6743\u4e4b\u5bb6\u3002", "arriveMethod": "\u5730\u94c11\u53f7\u7ebfTuileries\u7ad9\u4e0b\u3002", "address": "Rue de la Paix, Paris 75002 \u6cd5\u56fd"}');
INSERT INTO "city_picture" VALUES('6677810c-1f53-11e2-afa0-e4ce8f4b5244','place_vendome_1.jpg','/static/media/uploads/paris/place_vendome_1.jpg','','6676569e-1f53-11e2-b270-e4ce8f4b5244','2012-10-26 09:56:23.637058+00:00');
INSERT INTO "city_picture" VALUES('66b73e7a-1f53-11e2-b836-e4ce8f4b5244','place_vendome_2.jpg','/static/media/uploads/paris/place_vendome_2.jpg','','6676569e-1f53-11e2-b270-e4ce8f4b5244','2012-10-26 09:56:24.054665+00:00');
INSERT INTO "city_picture" VALUES('67073019-1f53-11e2-9fdb-e4ce8f4b5244','place_vendome_3.jpg','/static/media/uploads/paris/place_vendome_3.jpg','','6676569e-1f53-11e2-b270-e4ce8f4b5244','2012-10-26 09:56:24.579409+00:00');
INSERT INTO "city_place" VALUES('6751e3b0-1f53-11e2-a40b-e4ce8f4b5244','科莱特','Colette',4,7,'2.331145','48.865308','Colette的出现真算得上是一个异类，这里是潮流人士的必去之地。',2,'{"website": "http://www.colette.fr/", "openTime": "\u5468\u4e00~\u5468\u516d\uff1a11:00\u201319:00", "phoneNumber": "0155353390", "description": "\u5df4\u9ece\u4f5c\u4e3a\u65f6\u5c1a\u5962\u4f88\u54c1\u7684\u8d2d\u7269\u5929\u5802\u4ecd\u7136\u6210\u529f\u7684\u4fdd\u7559\u4e86\u5b83\u7684\u5178\u96c5\uff0c\u5c3d\u7ba1\u5b83\u62e5\u6709\u4e00\u6d41\u7684\u65f6\u5c1a\u534e\u4e3d\u7684\u56fd\u5bb6\u827a\u672f\u88c5\u9970\u6c34\u5e73\u3002\u8fd9\u5bb6\u5546\u5e97\u7684\u5b97\u65e8\u662f\u5c06\u6700\u7f8e\u4e3d\u3001\u6700\u72ec\u7279\u7684\u3001\u6700\u6602\u8d35\u7684\u8bbe\u8ba1\u5e08\u7684\u4f5c\u54c1\u6c47\u805a\u5230\u8fd9\u91cc\u3002\u6240\u4ee5\u5982\u679c\u4f60\u5728\u5bfb\u627e\u53e4\u5947\u8868\u6216\u8005\u6770\u745e\u7c73\u2022\u65af\u79d1\u7279\u8bbe\u8ba1\u7684\u793c\u670d(\u65f6\u5c1a\u7684\u65b0\u661f\u4e4b\u4e00) ,\u6216\u4ece\u7ebd\u7ea6\u8fdb\u53e3\u7684\u5316\u5986\u54c1,\u90a3\u4e48\u5728\u8fd9\u91cc\u4f60\u4e00\u5b9a\u53ef\u4ee5\u627e\u5230\u3002\u5c55\u4ead\u91cc\u7684\u6700\u65b0\u4e14\u6700\u9876\u7ea7\u7684\u65f6\u88c5\u548c\u8bbe\u8ba1\u6742\u5fd7\u975e\u5e38\u503c\u5f97\u4e00\u770b,\u540c\u65f6\u5176\u9ad8\u79d1\u6280\u5496\u5561\u9986\u63d0\u4f9b\u4e86\u8d85\u8fc7100\u79cd\u4e0d\u540c\u54c1\u724c\u7684\u77ff\u6cc9\u6c34\u3002", "arriveMethod": "\u5730\u94c11\u53f7\u7ebfTuileries\u7ad9\u4e0b\u3002", "address": "213 Rue Saint-Honore, Paris 75001 \u6cd5\u56fd"}');
INSERT INTO "city_picture" VALUES('6752f4a1-1f53-11e2-bc4b-e4ce8f4b5244','colette_1.jpg','/static/media/uploads/paris/colette_1.jpg','','6751e3b0-1f53-11e2-a40b-e4ce8f4b5244','2012-10-26 09:56:25.075664+00:00');
INSERT INTO "city_picture" VALUES('6771185e-1f53-11e2-8d40-e4ce8f4b5244','colette_2.jpg','/static/media/uploads/paris/colette_2.jpg','','6751e3b0-1f53-11e2-a40b-e4ce8f4b5244','2012-10-26 09:56:25.273570+00:00');
INSERT INTO "city_picture" VALUES('67bf26b5-1f53-11e2-8a88-e4ce8f4b5244','colette_3.jpg','/static/media/uploads/paris/colette_3.jpg','','6751e3b0-1f53-11e2-a40b-e4ce8f4b5244','2012-10-26 09:56:25.785114+00:00');
INSERT INTO "city_place" VALUES('680a21fd-1f53-11e2-a42e-e4ce8f4b5244','Pierre Herme甜品店','Pierre Herme',2,7,'2.332081','48.873231','这家店的MACARON可以算是全巴黎乃至全世界最好的了，吃完会有种意犹未尽，沉浸在幸福之中的感觉。',7,'{"website": "http://www.pierreherme.com", "openTime": "\u5468\u4e00~\u5468\u4e09\u3001\u5468\u4e94~\u5468\u516d\uff1a9:30\u201320:00\uff0c\u5468\u56db\uff1a9:30\u201321:00\uff0c\u5468\u65e5\u4f11\u606f\u3002", "phoneNumber": "0143544777", "description": "\u4f60\u662f\u5426\u66fe\u60f3\u8c61\u8fc7\uff0c\u7f00\u6ee1\u8349\u8393\u6216\u8005\u62ff\u7834\u4ed1\u70b9\u5fc3\u6216\u8005\u7f8e\u5473\u7684\u5de7\u514b\u529b\u7684\u5929\u84dd\u8272\u86cb\u7cd5\u53ef\u4ee5\u8bba\u65a4\u4e70\uff1f\u90a3\u4e48\uff0c\u987a\u4fbf\u53bb\u8fd9\u91cc\u901b\u901b\u5427\uff0c\u8fd9\u4e2a\u5947\u5999\u7684\u98df\u54c1\u5e97\u4f1a\u7ed9\u4f60\u998b\u6d8e\u6b32\u6ef4\u7684\u7f8e\u5473\u4eab\u53d7\u3002\u7528\u7ea2\u7eb8\u5305\u88f9\u7684\u60ca\u5947\u4e8c\u53f7\uff0c\u662f\u7531\u8c03\u548c\u86cb\u767d\u3001\u679c\u6155\u65af\u7ec4\u6210\u7684\uff0c\u662f\u8bb8\u591a\u5e38\u5ba2\u7684\u6700\u7231\u3002\u5bf9\u4e8e\u559c\u6b22\u5403\u5de7\u514b\u529b\u7684\u987e\u5ba2\u6765\u8bf4\uff0cPH3\u662f\u83dc\u5355\u5217\u8868\u4e0a\u6700\u53d7\u6b22\u8fce\u7684\uff0c\u5b83\u5305\u542b\u4e86\u767d\u8272\u5de7\u514b\u529b\uff0c\u86cb\u7cd5\u5185\u90e8\u88f9\u6ee1\u4e86\u67e0\u6aac\u679c\u9171\u6216\u8005\u62d4\u4e1d\u82f9\u679c\u3002", "arriveMethod": "\u5730\u94c17\u53f7\u7ebf\u30019\u53f7\u7ebfChauss\u00e9e d''Antin - La Fayette\u7ad9\u4e0b\u3002", "address": "Galeries Lafayette, 40 Boulevard Haussmann, 75009 Paris, \u6cd5\u56fd"}');
INSERT INTO "city_picture" VALUES('680b35b8-1f53-11e2-8089-e4ce8f4b5244','pierre_herme_1.jpg','/static/media/uploads/paris/pierre_herme_1.jpg','','680a21fd-1f53-11e2-a42e-e4ce8f4b5244','2012-10-26 09:56:26.283598+00:00');
INSERT INTO "city_picture" VALUES('681e60b8-1f53-11e2-87b6-e4ce8f4b5244','pierre_herme_2.jpg','/static/media/uploads/paris/pierre_herme_2.jpg','','680a21fd-1f53-11e2-a42e-e4ce8f4b5244','2012-10-26 09:56:26.409165+00:00');
INSERT INTO "city_picture" VALUES('6831e99e-1f53-11e2-905c-e4ce8f4b5244','pierre_herme_3.jpg','/static/media/uploads/paris/pierre_herme_3.jpg','','680a21fd-1f53-11e2-a42e-e4ce8f4b5244','2012-10-26 09:56:26.537172+00:00');
INSERT INTO "city_place" VALUES('6844f847-1f53-11e2-b499-e4ce8f4b5244','玛黑区','Marais',4,7,'2.361453','48.857600','跟左岸一样拥有艺文气息，却多了一点狂野，跟右岸一样拥有领导时尚潮流的特质，却多了一点新鲜感。',8,'{"description": "13\u4e16\u7eaa\u65f6\uff0c\u739b\u9ed1\u533a\u662f\u4e00\u7247\u6cbc\u6cfd\u5730\uff0cMarais\u7684\u6cd5\u6587\u610f\u601d\u5c31\u662f\u6cbc\u6cfd\uff0c\u76f4\u523017\u4e16\u7eaa\u7687\u5ba4\u8d35\u65cf\u8fdb\u9a7b\uff0c\u5174\u5efa\u8bb8\u591a\u8c6a\u5b85\u5e9c\u90b8\uff0c\u52a0\u4e0a\u7f8e\u4e3d\u7684\u5ead\u56ed\u70b9\u7f00\uff0c\u6210\u4e3a\u8ff7\u4eba\u7684\u533a\u57df\uff0c\u6cd5\u56fd\u5927\u9769\u547d\u65f6\u671f\u4eba\u53bb\u697c\u7a7a\u800c\u8352\u5e9f\u3002\u5e78\u800c\u572870\u5e74\u4ee3\u653f\u5e9c\u5ba3\u5e03\u739b\u9ed1\u533a\u4e3a\u53e4\u8ff9\uff0c\u5e76\u901a\u8fc7\u9a6c\u52d2\u4faf\u6cd5\u4ee4(le loi Malraux)\u52a0\u4ee5\u4fdd\u62a4\uff0c\u7ecf\u8fc7\u4fee\u590d\u7684\u5efa\u7b51\u91cd\u73b0\u98ce\u8c8c\uff0c\u5438\u5f15\u9910\u9986\u3001\u753b\u5eca\u3001\u670d\u88c5\u5e97\u805a\u96c6\uff0c\u6f2b\u6b65\u5176\u4e2d\uff0c\u9664\u4e86\u901b\u8857\uff0c\u6b23\u8d4f\u5386\u53f2\u5efa\u7b51\u4e5f\u4ee4\u4eba\u8d4f\u5fc3\u60a6\u76ee\u3002\u4eca\u65e5\u7684\u739b\u9ed1\u533a\u662f\u540c\u5fd7\u6d3b\u52a8\u4e2d\u5fc3\uff0c\u5404\u79cd\u98ce\u683c\u7684\u9152\u5427\u3001\u53e6\u7c7b\u4e66\u5e97\u3001\u60c5\u8da3\u5546\u5e97\u7b49\uff0c\u5c06\u739b\u9ed1\u533a\u70b9\u7f00\u5f97\u5f62\u5f62\u8272\u8272\uff0c\u540c\u5fd7\u9152\u5427\u96c6\u4e2d\u4e8e\u65e7\u5bfa\u9662\u8857(Rue Vieille du Temple)\u548c\u4e0d\u5217\u5802\u5c3c\u5723\u5341\u5b57\u67b6\u8857(Rue St Croix de la Bretonnerie)\u5468\u56f4\uff0c\u70ed\u95f9\u7684\u591c\u751f\u6d3b\u4e0d\u53ea\u540c\u5fd7\u6700\u7231\uff0c\u5e74\u8f7b\u4eba\u4e5f\u8d8b\u4e4b\u82e5\u9e5c\u3002", "address": "marais, Paris, \u6cd5\u56fd"}');
INSERT INTO "city_picture" VALUES('684698ee-1f53-11e2-87e8-e4ce8f4b5244','marais_1.jpg','/static/media/uploads/paris/marais_1.jpg','','6844f847-1f53-11e2-b499-e4ce8f4b5244','2012-10-26 09:56:26.672842+00:00');
INSERT INTO "city_picture" VALUES('688b0f05-1f53-11e2-8dad-e4ce8f4b5244','marais_2.jpg','/static/media/uploads/paris/marais_2.jpg','','6844f847-1f53-11e2-b499-e4ce8f4b5244','2012-10-26 09:56:27.121407+00:00');
INSERT INTO "city_place" VALUES('68cd1694-1f53-11e2-8477-e4ce8f4b5244','stohrer蛋糕店','Stohrer',2,7,'2.346769','48.865189','这家店曾经为皇家宫廷做甜品，如果是在情人节去，记得点一道“爱之泉”。',3,'{"website": "http://www.stohrer.fr/", "openTime": "7:30-20:30\uff0c\u6bcf\u5e748\u6708\u5934\u4e24\u4e2a\u661f\u671f\u505c\u4e1a\u3002", "phoneNumber": "0142333820", "description": "\u8fd9\u5bb6\u5e97\u662f\u8457\u540d\u7684\u6717\u59c6\u9152\u6d77\u7ef5\u86cb\u7cd5\u7684\u53d1\u6e90\u5730\uff0c\u4e5f\u63d0\u4f9b\u5df4\u9ece\u6700\u597d\u5403\u7684\u5de7\u514b\u529b\u957f\u6761\u7cd5\u70b9\uff08\u00e9clair\uff09\u30021725\u5e74\uff0c\u6ce2\u5170\u56fd\u738b\u7684\u5973\u513f\u739b\u4e3d\uff08Marie\uff09\u5ac1\u7ed9\u4e86\u8def\u6613\u5341\u4e94\uff0c\u8ddf\u968f\u5979\u5230\u51e1\u5c14\u8d5b\u5bab\u7684\u8fd8\u6709\u5fa1\u7528\u751c\u70b9\u5e08Nicolas Stohrer\u30025\u5e74\u540e\uff0cNicolas Stohrer\u7684\u751c\u54c1\u5e97\u5728Montorgueil\u5927\u885751\u53f7\u5f00\u5f20\u4e86\u3002Nicolas Stohrer\u5728\u6765\u5df4\u9ece\u524d\u5c31\u7814\u5236\u51fa\u4e86baba\u3002\u6ce2\u5170\u56fd\u738bStanislas\u5f53\u65f6\u6b63\u5728\u770b\u300a\u4e00\u5343\u96f6\u4e00\u591c\u300b\uff0c\u5c31\u628a\u8fd9\u79cd\u70b9\u5fc3\u547d\u540d\u4e3a\u963f\u91cc\u5df4\u5df4\u3002\u5982\u4ecaStohrer\u51fa\u552e\u56db\u79cd\u7248\u672c\u7684baba\uff1a\u6717\u59c6\u9152\u6d77\u7ef5\u86cb\u7cd5\uff0c\u5976\u6cb9\u548c\u8461\u8404\u5e72\u963f\u91cc\u5df4\u5df4\uff0c\u9c9c\u5976\u6cb9\u6d77\u7ef5\u86cb\u7cd5\u548c\u85cf\u7ea2\u82b1\u963f\u91cc\u5df4\u5df4\uff0c\u6700\u540e\u4e00\u79cd\u53ea\u5728\u5e74\u7ec8\u65f6\u63d0\u4f9b\uff0c\u800c\u4e14\u8981\u63d0\u524d\u9884\u5b9a\u3002", "arriveMethod": "\u5730\u94c13\u53f7\u7ebf\u30014\u53f7\u7ebfR\u00e9aumur-S\u00e9bastopol\u7ad9\u4e0b\u3002", "address": "51, rue Montorgueil, 75002 Paris, \u6cd5\u56fd"}');
INSERT INTO "city_picture" VALUES('68ce313a-1f53-11e2-846e-e4ce8f4b5244','stohrer_1.jpg','/static/media/uploads/paris/stohrer_1.jpg','','68cd1694-1f53-11e2-8477-e4ce8f4b5244','2012-10-26 09:56:27.560848+00:00');
INSERT INTO "city_picture" VALUES('69181c3d-1f53-11e2-940f-e4ce8f4b5244','stohrer_2.jpg','/static/media/uploads/paris/stohrer_2.jpg','','68cd1694-1f53-11e2-8477-e4ce8f4b5244','2012-10-26 09:56:28.045879+00:00');
INSERT INTO "city_picture" VALUES('69587566-1f53-11e2-b0bd-e4ce8f4b5244','stohrer_3.jpg','/static/media/uploads/paris/stohrer_3.jpg','','68cd1694-1f53-11e2-8477-e4ce8f4b5244','2012-10-26 09:56:28.467461+00:00');
INSERT INTO "city_place" VALUES('69a84b54-1f53-11e2-9411-e4ce8f4b5244','Berthillon贝蒂咏店','Berthillon',2,7,'2.356752','48.851690','巴黎最有名的冰淇淋店，它的名气不是靠打广告，而是绝佳的口碑，尤其以水果味冰淇淋(SORBE)闻名。',7,'{"website": "http://www.berthillon.fr", "openTime": "\u5468\u4e09~\u5468\u65e5\uff1a10:00\u201320:00\uff0c\u5468\u4e00\u3001\u5468\u4e8c\u4f11\u606f\u3002", "phoneNumber": "0143543161", "description": "\u8fd9\u4e2a\u5e97\u4f4d\u4e8e\u5df4\u9ece\u5723\u8def\u6613\u5c9b\uff0c\u662f\u8fd9\u4e2a\u5c9b\u7684\u4f20\u5947\u3002\u8be5\u5e97\u521b\u529e\u4e8e1954\u5e74\uff0c\u670970\u591a\u79cd\u53e3\u5473\u53ef\u4f9b\u9009\u62e9\uff0c\u6c34\u679c\u53e3\u5473\u7684\u7684\u786e\u5f88\u7f8e\u5473\uff0c\u8fd8\u6709\u5176\u4ed6\u53e3\u5473\u7684\u5982\u5de7\u514b\u529b\u3001\u5496\u5561\u3001\u751c\u6817\u963f\u9a6c\u5c3c\u4e9a\u514b\u9152\u6df7\u5408\u6d0b\u674e\u5e72\u3001\u699b\u5b50\u548c\u8702\u871c\u679c\u4ec1\u7b49\u3002", "arriveMethod": "\u5730\u94c17\u53f7\u7ebfPont Marie\u7ad9\u4e0b\u3002", "address": "31 Rue Saint-Louis en l''\u00cele, 75004 Paris, \u6cd5\u56fd"}');
INSERT INTO "city_picture" VALUES('69a98deb-1f53-11e2-aab0-e4ce8f4b5244','berthillon_1.jpg','/static/media/uploads/paris/berthillon_1.jpg','','69a84b54-1f53-11e2-9411-e4ce8f4b5244','2012-10-26 09:56:28.999026+00:00');
INSERT INTO "city_picture" VALUES('69fad45c-1f53-11e2-91d4-e4ce8f4b5244','berthillon_2.jpg','/static/media/uploads/paris/berthillon_2.jpg','','69a84b54-1f53-11e2-9411-e4ce8f4b5244','2012-10-26 09:56:29.529125+00:00');
INSERT INTO "city_picture" VALUES('6a456fbd-1f53-11e2-82ae-e4ce8f4b5244','berthillon_3.jpg','/static/media/uploads/paris/berthillon_3.jpg','','69a84b54-1f53-11e2-9411-e4ce8f4b5244','2012-10-26 09:56:30.020554+00:00');
INSERT INTO "city_picture" VALUES('6a86814f-1f53-11e2-b03a-e4ce8f4b5244','berthillon_4.jpg','/static/media/uploads/paris/berthillon_4.jpg','','69a84b54-1f53-11e2-9411-e4ce8f4b5244','2012-10-26 09:56:30.446951+00:00');
INSERT INTO "city_place" VALUES('6ac5ece6-1f53-11e2-8ce5-e4ce8f4b5244','Angelina甜品店','Angelina',2,7,'2.328425','48.865061','这间百年老店的原创作品MONT-BLANC勃朗峰几乎会让每一个到巴黎的美食爱好者慕名而来。',3,'{"website": "http://www.angelina-paris.fr/", "openTime": "\u5468\u4e00\u81f3\u5468\u4e94 09:30-19:00\uff1b\u5468\u516d\u81f3\u5468\u65e5 08:30-19:00\u3002", "phoneNumber": "0142608200", "description": "ANGELINA\u662f\u4e00\u95f4\u8457\u540d\u7684\u6cd5\u5f0f\u8336\u70b9\u6c99\u9f99\uff0c\u88c5\u6f62\u4ee5Belle \u00c9poque\u98ce\u683c\u4e3a\u4e3b\u9898\uff0c\u81ea1903\u5e74\u8d77\u5c31\u53d7\u5230\u6cd5\u56fd\u4e0a\u6d41\u793e\u4f1a\u7684\u9752\u7750\u3002\u79bb\u5362\u6d6e\u5bab\u4ec5\u51e0\u6b65\u4e4b\u9065\uff0c\u5176\u6700\u8457\u540d\u7684\u662f\u6817\u5b50\u5854\uff0c\u8868\u9762\u76d6\u4e86\u4e00\u5c42\u6761\u72b6\u6817\u5b50\u6ce5\uff0c\u91cc\u9762\u662f\u5976\u6cb9\u9985\u6599\uff0c\u7136\u540e\u70e4\u86cb\u767d\u57ab\u5e95\uff0c\u53e3\u611f\u548c\u5473\u9053\u90fd\u7edd\u4f73\u3002\u5efa\u8bae\u914d\u4e0aANGELINA\u7ea2\u8336\u3002", "arriveMethod": "\u5730\u94c11\u53f7\u7ebfTuileries\u7ad9\u4e0b\u3002", "address": "226, Rue de Rivoli, Paris, \u6cd5\u56fd"}');
INSERT INTO "city_picture" VALUES('6ac7274f-1f53-11e2-bce5-e4ce8f4b5244','angelina_1.jpg','/static/media/uploads/paris/angelina_1.jpg','','6ac5ece6-1f53-11e2-8ce5-e4ce8f4b5244','2012-10-26 09:56:30.870573+00:00');
INSERT INTO "city_picture" VALUES('6adfb93a-1f53-11e2-85d5-e4ce8f4b5244','angelina_2.jpg','/static/media/uploads/paris/angelina_2.jpg','','6ac5ece6-1f53-11e2-8ce5-e4ce8f4b5244','2012-10-26 09:56:31.031153+00:00');
INSERT INTO "city_picture" VALUES('6b036799-1f53-11e2-8083-e4ce8f4b5244','angelina_3.jpg','/static/media/uploads/paris/angelina_3.jpg','','6ac5ece6-1f53-11e2-8ce5-e4ce8f4b5244','2012-10-26 09:56:31.265579+00:00');
INSERT INTO "city_picture" VALUES('6b1a94b3-1f53-11e2-96e5-e4ce8f4b5244','angelina_4.jpg','/static/media/uploads/paris/angelina_4.jpg','','6ac5ece6-1f53-11e2-8ce5-e4ce8f4b5244','2012-10-26 09:56:31.417036+00:00');
INSERT INTO "city_place" VALUES('6b3eee5c-1f53-11e2-bad6-e4ce8f4b5244','Fauchon甜品店','Fauchon',2,7,'2.325655','48.870377','这家店很巴黎，游客基本都喜欢这里，想象一下把蒙娜丽莎咬进嘴里的感觉。',3,'{"website": "http://www.fauchon.com/", "openTime": "\u5468\u4e00~\u5468\u516d\uff1a9:00\u201320:00\uff0c\u5468\u65e5\u4f11\u606f\u3002", "phoneNumber": "0170393800", "description": "FAUCHON\u4e2d\u6587\u540d\u662f\u99a5\u9882\uff0c\u5b83\u662f\u7531August Fauchon\u57281886\u5e74\u521b\u5efa\uff0c\u4ed6\u5728\u8d1f\u4e8e\u76db\u540d\u7684\u5df4\u9ece\u739b\u5fb7\u83b2\u5a1c\u5e7f\u573a\u521b\u529e\u4e86\u7b2c\u4e00\u5bb6\u99a5\u9882\u54c1\u724c\u5e97\uff0c\u99a5\u9882\u7684\u7f8e\u540d\u5f00\u59cb\u5728\u6cd5\u56fd\u6d41\u4f20\u3002\u6700\u521d\u53ea\u662f\u4e00\u5bb6\u7ecf\u8425\u679c\u852c\u7684\u6742\u8d27\u5e97\uff0c\u540e\u53c8\u521b\u5efa\u4e86\u5176\u81ea\u5df1\u7684\u9762\u5305\u5e97\u548c\u7cd6\u679c\u5e97\u3002Fauchon\u8fd8\u9996\u521b\u4e86\u9ad8\u7ea7\u98df\u54c1\u96f6\u552e\u5546\u54c1\u724c\uff0c\u4ee5Fauchon\u4e3a\u54c1\u724c\u7684\u8336\u53f6\u3001\u5de7\u514b\u529b\u3001\u5496\u5561\u548c\u679c\u9171\u4ee5\u53ca\u997c\u5e72\u7b49\u4e00\u76f4\u662f\u9ad8\u6863\u98df\u54c1\u54c1\u8d28\u7684\u4ee3\u540d\u8bcd\uff0c\u53f7\u79f0\u201c\u62ff\u9762\u5305\u5f53\u9999\u6c34\u5356\u201d\u7684\u5962\u4f88\u54c1\u724c\u3002", "arriveMethod": "\u5730\u94c18\u53f7\u7ebf\u300112\u53f7\u7ebf\u300114\u53f7\u7ebfMadeleine\u7ad9\u4e0b\u3002", "address": "26 Place de la Madeleine, 75008 Paris, \u6cd5\u56fd"}');
INSERT INTO "city_picture" VALUES('6b4009c0-1f53-11e2-9aca-e4ce8f4b5244','fauchon_1.jpg','/static/media/uploads/paris/fauchon_1.jpg','','6b3eee5c-1f53-11e2-bad6-e4ce8f4b5244','2012-10-26 09:56:31.662172+00:00');
INSERT INTO "city_picture" VALUES('6b693797-1f53-11e2-9883-e4ce8f4b5244','fauchon_2.jpg','/static/media/uploads/paris/fauchon_2.jpg','','6b3eee5c-1f53-11e2-bad6-e4ce8f4b5244','2012-10-26 09:56:31.932840+00:00');
INSERT INTO "city_picture" VALUES('6b8cb9e6-1f53-11e2-922c-e4ce8f4b5244','fauchon_3.jpg','/static/media/uploads/paris/fauchon_3.jpg','','6b3eee5c-1f53-11e2-bad6-e4ce8f4b5244','2012-10-26 09:56:32.165488+00:00');
INSERT INTO "city_picture" VALUES('6bb00b1e-1f53-11e2-b661-e4ce8f4b5244','fauchon_4.jpg','/static/media/uploads/paris/fauchon_4.jpg','','6b3eee5c-1f53-11e2-bad6-e4ce8f4b5244','2012-10-26 09:56:32.396948+00:00');
INSERT INTO "city_place" VALUES('6bd91e1e-1f53-11e2-a1de-e4ce8f4b5244','和平咖啡','Cafe de la paix',2,7,'2.331019','48.870484','虽然叫和平咖啡，却不是个和平的地方，经常会有“甜点战争”。',7,'{"website": "http://www.cafedelapaix.fr", "openTime": "\u5468\u4e00~\u5468\u65e5\uff1a7:00\u201323:30", "phoneNumber": "0140073636", "description": "\u8457\u540d\u7684\u548c\u5e73\u5496\u5561\u9986\uff08Caf\u00e9 de la Paix\uff09\u5750\u843d\u5728\u5df4\u9ece\u6b4c\u5267\u9662\u9644\u8fd1\u7684\u8bc1\u5377\u548c\u91d1\u878d\u5c0f\u533a\u4e2d\u5fc3\uff0c\u5b83\u5e7d\u9759\u7684\u9732\u53f0\u6070\u597d\u5904\u5728\u5df4\u9ece\u7687\u5bab\u82b1\u56ed\u7684\u62f1\u5eca\u4e0b\u65b9\uff0c\u5df4\u9ece\u4eba\u5728\u8fd9\u6837\u7684\u6c1b\u56f4\u4e0b\u5fd8\u8bb0\u4e86\u65f6\u5149\u7684\u6d41\u901d\u3002\u548c\u5e73\u5496\u5561\u9986\u662f\u6587\u5316\u4eba\u3001\u4f5c\u5bb6\u7684\u6700\u7231\uff0c\u4e5f\u662f\u653f\u6cbb\u4eba\u7269\u7ecf\u5e38\u5149\u987e\u7684\u5730\u65b9\uff0c\u5386\u5c4a\u6cd5\u56fd\u603b\u7edf\u6765\u6b64\u90fd\u4e0d\u6b62\u4e00\u6b21\uff0c\u800c\u4e14\u7b2c\u4e8c\u6b21\u4e16\u754c\u5927\u6218\uff0c\u6cd5\u519b\u5149\u590d\u5df4\u9ece\uff0c\u6cd5\u519b\u7edf\u5e05\u6234\u9ad8\u4e50\u5c06\u519b\u201c\u75db\u996e\u5df4\u9ece\u201d\u7684\u7b2c\u4e00\u676f\u5496\u5561\u5c31\u662f\u8fd9\u91cc\u3002\u548c\u5e73\u5496\u5561\u9986\u4e5f\u662f\u9910\u9986\uff0c\u9910\u9986\u4e0e\u5496\u5561\u9986\u5206\u5f00\u4e24\u8fb9\u7ecf\u8425\uff0c\u8fd9\u4e5f\u662f\u4e00\u822c\u5df4\u9ece\u8c6a\u534e\u9910\u9986\u7684\u683c\u5c40\uff0c\u56e0\u4e3a\u6cd5\u56fd\u4eba\u4e0d\u5728\u9910\u684c\u4e0a\u559d\u5496\u5561\u3002", "arriveMethod": "\u5730\u94c13\u53f7\u7ebf\u30017\u53f7\u7ebf\u30018\u53f7\u7ebfOpera\u7ad9\u4e0b\u3002", "address": "12 Boulevard des Capucines, 75009 Paris, \u6cd5\u56fd"}');
INSERT INTO "city_picture" VALUES('6bda15a8-1f53-11e2-8832-e4ce8f4b5244','cafe_de_la_paix_1.jpg','/static/media/uploads/paris/cafe_de_la_paix_1.jpg','','6bd91e1e-1f53-11e2-a1de-e4ce8f4b5244','2012-10-26 09:56:32.672615+00:00');
INSERT INTO "city_picture" VALUES('6bff2d8c-1f53-11e2-87e5-e4ce8f4b5244','cafe_de_la_paix_2.jpg','/static/media/uploads/paris/cafe_de_la_paix_2.jpg','','6bd91e1e-1f53-11e2-a1de-e4ce8f4b5244','2012-10-26 09:56:32.915603+00:00');
INSERT INTO "city_picture" VALUES('6c194ab5-1f53-11e2-8dfb-e4ce8f4b5244','cafe_de_la_paix_3.jpg','/static/media/uploads/paris/cafe_de_la_paix_3.jpg','','6bd91e1e-1f53-11e2-a1de-e4ce8f4b5244','2012-10-26 09:56:33.086720+00:00');
INSERT INTO "city_picture" VALUES('6c29939c-1f53-11e2-a732-e4ce8f4b5244','cafe_de_la_paix_4.jpg','/static/media/uploads/paris/cafe_de_la_paix_4.jpg','','6bd91e1e-1f53-11e2-a1de-e4ce8f4b5244','2012-10-26 09:56:33.192440+00:00');
INSERT INTO "city_place" VALUES('6c70a5e8-1f53-11e2-9629-e4ce8f4b5244','LeNôtre甜品店','LeNôtre',2,7,'2.288712','48.871222','柠檬塔是一款简单的甜品，但Le Nôtre家的绝对会让人眼前一亮。',7,'{"website": "http://www.lenotre.fr", "openTime": "\u5468\u4e00~\u5468\u56db\uff1a9:30\u201321:00\uff0c\u5468\u4e94~\u5468\u65e5\uff1a9:00\u201321:00\u3002", "phoneNumber": "0145022121", "description": "LeNotre\u4e0d\u4f46\u662f\u6cd5\u56fd\u7cd5\u997c\u65b0\u6d3e\u59cb\u7956\uff0c\u4e5f\u662f\u7cd5\u997c\u754c\u7684\u4eba\u624d\u57f9\u8bad\u673a\u6784\uff0cFuret Tanrade\u3001Christian Constant\u2026\u7684\u8001\u677f\u4eec\uff0c\u90fd\u66fe\u7d93\u5728LeNotrer\u4efb\u804c\uff0c\u8db3\u89c1\u5176\u5730\u4f4d\u4e4b\u91cd\u8981\u6027\u3002\u5df2\u7ecf\u4f01\u4e1a\u5316\u7ecf\u8425\u7684LeNotre\uff0c1957\u5e74\u5f00\u59cb\u7b2c\u4e00\u5bb6\u5e97\uff0c\u76ee\u524d\u5728\u5df4\u9ece\u5df2\u67097\u5bb6\u95e8\u5e02\u53ca3\u5bb6\u9910\u5385\uff0c\u65d7\u8230\u5e97\u4f4d\u4e8e\u51ef\u65cb\u95e8\u9644\u8fd1\u7684HUGO\u5927\u9053\uff0c\u5e97\u9762\u88c5\u9970\u5f97\u5bcc\u4e3d\u5802\u7687\uff0c\u6240\u6709\u95e8\u5e02\u7684\u7cd5\u70b9\u90fd\u5728\u51e1\u5c14\u8d5b\u9644\u8fd1\u7684\u603b\u516c\u53f8\u4e2d\u592e\u53a8\u623f\u7edf\u4e00\u5236\u9020\u5904\u7406\u3002LeNotre\u6bcf\u5929\u751f\u4ea76000\u79cd\u4e0d\u540c\u7684\u4ea7\u54c1\uff0cMacaron\u6bcf\u5929\u90fd\u6709100\u516c\u65a4\u7684\u9700\u6c42\u91cf\uff0c\u7279\u522b\u503c\u5f97\u4e00\u63d0\u7684\u662f\uff0c\u5f00\u5fc3\u679c\uff0c\u8349\u8393\uff0c\u7ea2\u8393\uff0c\u5de7\u514b\u529b\uff0c\u9999\u8349\uff0c\u5496\u5561\u7b49\u591a\u8fbe6\u79cd\u53e3\u5473\u7684Macaron\u51b0\u6dc7\u6dcb\u662fLeNotre\u6700\u4e3b\u8981\u7684\u4ea7\u54c1\u4e4b\u4e00\u3002", "arriveMethod": "\u5730\u94c16\u53f7\u7ebfKl\u00e9ber\u7ad9\u4e0b\u3002", "address": "48 Avenue Victor Hugo, 75016 Paris, \u6cd5\u56fd"}');
INSERT INTO "city_picture" VALUES('6c71c717-1f53-11e2-8785-e4ce8f4b5244','lenotre_1.jpg','/static/media/uploads/paris/lenotre_1.jpg','','6c70a5e8-1f53-11e2-9629-e4ce8f4b5244','2012-10-26 09:56:33.665728+00:00');
INSERT INTO "city_picture" VALUES('6cb2d302-1f53-11e2-ac7c-e4ce8f4b5244','lenotre_2.jpg','/static/media/uploads/paris/lenotre_2.jpg','','6c70a5e8-1f53-11e2-9629-e4ce8f4b5244','2012-10-26 09:56:34.092831+00:00');
INSERT INTO "city_picture" VALUES('6cf2d875-1f53-11e2-bee6-e4ce8f4b5244','lenotre_3.jpg','/static/media/uploads/paris/lenotre_3.jpg','','6c70a5e8-1f53-11e2-9629-e4ce8f4b5244','2012-10-26 09:56:34.512445+00:00');
INSERT INTO "city_place" VALUES('6d30f08c-1f53-11e2-abe8-e4ce8f4b5244','Chartier餐厅','Chartier',2,7,'2.343022','48.871954','行李架在头顶，陌生人坐一桌，点菜写桌布，Chartier就是这样一家奇怪的餐厅。',6,'{"website": "http://www.restaurant-chartier.com/www/", "openTime": "\u5468\u4e00~\u5468\u65e5\uff1a11:30\u201322:00", "phoneNumber": "0147708629", "description": "\u81ea1896\u5e74\u5f00\u5f20\u9910\u5385\uff0c\u5df2\u6210\u4e3a\u5386\u53f2\u5efa\u7b51\u3002\u5f00\u4e1a\u4e8e19\u4e16\u7eaa\u672b\u7684\u6cd5\u56fd\u5df4\u9ece\u9910\u5385chartier\uff0c\u5176\u670d\u52a1\u5b97\u65e8\u662f\uff1a\u4ee5\u5e73\u6c11\u7684\u4ef7\u683c\u63d0\u4f9b\u7b80\u5355\u53ef\u53e3\u7684\u70ed\u98df\uff0c\u6ee1\u8db3\u4f60\u7684\u80c3\u7edd\u4e0d\u4f24\u5bb3\u4f60\u7684\u94b1\u5305\u3002\u9910\u5385\u4e3b\u4eba\u8ba4\u4e3achartier\u63d0\u4f9b\u7684\u662f\u542c\u89c9\uff0c\u5473\u89c9\uff0c\u55c5\u89c9\uff0c\u89c6\u89c9\u7684\u611f\u5b98\u76db\u5bb4\u3002", "arriveMethod": "\u5730\u94c18\u53f7\u7ebf\u30019\u53f7\u7ebfGrands Boulevards\u7ad9\u4e0b\u3002", "address": "7 Rue du Faubourg Montmartre, 75009 Paris, \u6cd5\u56fd"}');
INSERT INTO "city_picture" VALUES('6d31eff3-1f53-11e2-b434-e4ce8f4b5244','chartier_1.jpg','/static/media/uploads/paris/chartier_1.jpg','','6d30f08c-1f53-11e2-abe8-e4ce8f4b5244','2012-10-26 09:56:34.925701+00:00');
INSERT INTO "city_picture" VALUES('6d7bf93a-1f53-11e2-bbbd-e4ce8f4b5244','chartier_2.jpg','/static/media/uploads/paris/chartier_2.jpg','','6d30f08c-1f53-11e2-abe8-e4ce8f4b5244','2012-10-26 09:56:35.411244+00:00');
INSERT INTO "city_place" VALUES('6dbda240-1f53-11e2-aef6-e4ce8f4b5244','Brasserie Lipp利普餐厅','Brasserie Lipp',2,7,'2.332441','48.853788','安德烈·幻德及其《法兰西》杂志社撰稿作家们会定期在这里见面探讨写作心得。',7,'{"ticketInfo": "starters \u20ac10-15, mains \u20ac15-25", "openTime": "\n\u5468\u4e00~\u5468\u65e5\uff1a9:00\u20130:45", "phoneNumber": "0145485391", "description": "\u8fd9\u91cc\u4f9b\u5e94choucroute garnie\u548cjarret de porc aux lentilles\u7b49\u7f8e\u5473\u98df\u54c1\uff0c\u5e38\u6709\u653f\u6cbb\u5bb6\u3001\u77e5\u8bc6\u5206\u5b50\u3001\u5a92\u4f53\u754c\u7684\u91cd\u8981\u4eba\u58eb\u4f1a\u9762\u3002", "arriveMethod": "\u5730\u94c14\u53f7\u7ebfSaint-Germain-des-Pr\u00e9s\u7ad9\u4e0b\u3002", "address": "151 Boulevard Saint-Germain, 75006 Paris,\u6cd5\u56fd"}');
INSERT INTO "city_picture" VALUES('6dbeda47-1f53-11e2-a6ba-e4ce8f4b5244','brasserie_lipp_1.jpg','/static/media/uploads/paris/brasserie_lipp_1.jpg','','6dbda240-1f53-11e2-aef6-e4ce8f4b5244','2012-10-26 09:56:35.849365+00:00');
INSERT INTO "city_picture" VALUES('6e01c9c0-1f53-11e2-b904-e4ce8f4b5244','brasserie_lipp_2.jpg','/static/media/uploads/paris/brasserie_lipp_2.jpg','','6dbda240-1f53-11e2-aef6-e4ce8f4b5244','2012-10-26 09:56:36.288084+00:00');
INSERT INTO "city_picture" VALUES('6e4a53b5-1f53-11e2-88e8-e4ce8f4b5244','brasserie_lipp_3.jpg','/static/media/uploads/paris/brasserie_lipp_3.jpg','','6dbda240-1f53-11e2-aef6-e4ce8f4b5244','2012-10-26 09:56:36.762984+00:00');
INSERT INTO "city_place" VALUES('6e922826-1f53-11e2-84f7-e4ce8f4b5244','法兰西布尔乔亚街','Rue des Francs-Bourgeois',5,7,'2.361312','48.857439','个性创意小店遍布的一条街，如果想淘独一无二的设计作品可以来这里。',3,'{"description": "\u65f6\u88c5\u5e97\u3001\u5e3d\u5b50\u5e97\u3001\u624b\u888b\u5e97\u3001\u62ab\u80a9\u5e97\u3001\u978b\u5e97\u3001\u73e0\u5b9d\u5e97\u3001\u6263\u5b50\u5e97\u3001\u751a\u81f3\u53ea\u51fa\u552e\u5973\u58eb\u767d\u886c\u886b\u7684\uff0c\u91cc\u9762\u7684\u8d27\u54c1\u51e0\u4e4e\u90fd\u662f\u72ec\u6b64\u4e00\u4ef6\u7684\u8bbe\u8ba1\u5e08\u4f5c\u54c1\uff0c\u6bcf\u5bb6\u5e97\u90fd\u5728\u98da\u521b\u610f\uff0c\u7edd\u4e0d\u96f7\u540c\uff0c\u6328\u5bb6\u77a7\u8fc7\u53bb\uff0c\u4f60\u53ef\u4ee5\u6536\u83b7\u4e00\u7ba9\u7b50\u7684\u65b0\u5947\u4e3b\u610f\u3002\u591a\u82b1\u4e00\u70b9\u65f6\u95f4\uff0c\u8bf4\u4e0d\u5b9a\u4e5f\u80fd\u6dd8\u5230\u51e0\u4ef6\u54c1\u4f4d\u4e2a\u6027\u7686\u4e0d\u4fd7\u7684\u5b9d\u8d1d\u3002\u6700\u503c\u5f97\u4e00\u770b\u7684\u8fd8\u8981\u7b97\u90a3\u4e9b\u53e4\u7075\u7cbe\u602a\u7684\u521b\u610f\u5c0f\u5e97\u3002", "arriveMethod": "\u5730\u94c11\u53f7\u7ebfSaint-Paul\u7ad9\u4e0b\u3002", "address": "Rue des Francs Bourgeois, Paris, \u6cd5\u56fd"}');
INSERT INTO "city_picture" VALUES('6e93fa2b-1f53-11e2-a241-e4ce8f4b5244','rue_des_francs-bourgeois_1.jpg','/static/media/uploads/paris/rue_des_francs-bourgeois_1.jpg','','6e922826-1f53-11e2-84f7-e4ce8f4b5244','2012-10-26 09:56:37.246257+00:00');
INSERT INTO "city_picture" VALUES('6eddb7b3-1f53-11e2-964b-e4ce8f4b5244','rue_des_francs-bourgeois_2.jpg','/static/media/uploads/paris/rue_des_francs-bourgeois_2.jpg','','6e922826-1f53-11e2-84f7-e4ce8f4b5244','2012-10-26 09:56:37.729464+00:00');
INSERT INTO "city_place" VALUES('6f27717d-1f53-11e2-8e2e-e4ce8f4b5244','Bistrot du Sommelier','Bistrot du Sommelier',2,7,'2.318144','48.874875','淳朴精致的法国菜，会令人味觉大开，菜肴的摆盘方式更是令人惊艳。',6,'{"website": "http://www.bistrotdusommelier.com/", "openTime": "\u5468\u4e00~\u5468\u4e94\uff1a12:00-22:30\uff0c\u5468\u516d\u3001\u5468\u65e5\u4f11\u606f\u3002", "phoneNumber": "0142652485", "description": "\u8fd9\u5bb6\u5e97\u975e\u5e38\u7684\u503c\u5f97\u63a8\u8350\uff0c\u5728\u7528\u9910\u7684\u540c\u65f6\u8fd8\u80fd\u4eab\u7528\u5230\u8461\u8404\u9152\uff0c\u8001\u677f\u662f\u5168\u7403\u9876\u7ea7\u7684\u8c03\u9152\u5e08\u4e4b\u4e00\uff0c\u5982\u679c\u8981\u6b23\u8d4f\u4e00\u4e0b\u4ed6\u914d\u5bf9\u7f8e\u98df\u548c\u4f73\u917f\uff0c\u6700\u597d\u662f\u9009\u62e9\u5468\u4e94\u6765\uff0c\u51fa\u552e\u7684\u4e09\u9053\u83dc\u8bd5\u5403\u5348\u9910\u914d\u8461\u8404\u9152\u4ef7\u683c\u4e3a\u20ac45\uff0c\u4e94\u9053\u83dc\u665a\u9910\u914d\u8461\u8404\u9152\u4ef7\u683c\u662f\u20ac70\u3002", "arriveMethod": "\u5730\u94c19\u53f7\u7ebfSt-Augustin\u7ad9\u4e0b\u3002", "address": "97 Boulevard Haussmann, 75008 Paris, \u6cd5\u56fd"}');
INSERT INTO "city_picture" VALUES('6f287cfd-1f53-11e2-8872-e4ce8f4b5244','bistrot_du_sommelier_1.jpg','/static/media/uploads/paris/bistrot_du_sommelier_1.jpg','','6f27717d-1f53-11e2-8e2e-e4ce8f4b5244','2012-10-26 09:56:38.218896+00:00');
INSERT INTO "city_picture" VALUES('6f732c35-1f53-11e2-8b7f-e4ce8f4b5244','bistrot_du_sommelier_2.jpg','/static/media/uploads/paris/bistrot_du_sommelier_2.jpg','','6f27717d-1f53-11e2-8e2e-e4ce8f4b5244','2012-10-26 09:56:38.708576+00:00');
INSERT INTO "city_picture" VALUES('6fbcfbb8-1f53-11e2-9630-e4ce8f4b5244','bistrot_du_sommelier_3.jpg','/static/media/uploads/paris/bistrot_du_sommelier_3.jpg','','6f27717d-1f53-11e2-8e2e-e4ce8f4b5244','2012-10-26 09:56:39.192301+00:00');
INSERT INTO "city_place" VALUES('6fd422e6-1f53-11e2-864f-e4ce8f4b5244','Brasserie de l’île St-Louis','Brasserie de l’île St-Louis',2,7,'2.3533','48.852925','味美价廉的一家店，可以一边欣赏河畔的美景，一边享受店里的美食。',6,'{"website": "http://www.labrasserie-isl.fr", "openTime": "\u5468\u4e00~\u5468\u4e8c\u3001\u5468\u56db~\u5468\u65e5\uff1a12:00\u201323:00\uff0c\u5468\u4e09\u4f11\u606f\u3002", "phoneNumber": "0143540259", "description": "\u8fd9\u5bb6\u9910\u5385\u4f4d\u4e8e\u585e\u7eb3\u6cb3\u7554\u5723\u8def\u6613\u5c9b\u4e0a\uff0c\u4f9b\u5e94choucroute garnie\uff0cjarret\u4ee5\u53caonglet de boeuf\u7b49\uff0c\u5473\u9053\u5f88\u597d\uff0c\u4ef7\u683c\u5f88\u4fbf\u5b9c\uff0c\u503c\u5f97\u63a8\u8350\u3002", "arriveMethod": "\u5730\u94c17\u53f7\u7ebfPont Marie\u7ad9\u4e0b\u3002", "address": "55 Quai Bourbon, 75004 Paris, \u6cd5\u56fd"}');
INSERT INTO "city_picture" VALUES('6fd5378c-1f53-11e2-b1b2-e4ce8f4b5244','brasserie_de_l''ile_st-louis_1.jpg','/static/media/uploads/paris/brasserie_de_l''ile_st-louis_1.jpg','','6fd422e6-1f53-11e2-864f-e4ce8f4b5244','2012-10-26 09:56:39.351010+00:00');
INSERT INTO "city_picture" VALUES('7004862b-1f53-11e2-8031-e4ce8f4b5244','brasserie_de_l''ile_st-louis_2.jpg','/static/media/uploads/paris/brasserie_de_l''ile_st-louis_2.jpg','','6fd422e6-1f53-11e2-864f-e4ce8f4b5244','2012-10-26 09:56:39.661485+00:00');
INSERT INTO "city_place" VALUES('704f8094-1f53-11e2-bf7e-e4ce8f4b5244','Polidor餐厅','Polidor',2,7,'2.340138','48.849826','典型的法国陈设餐厅，而且没有两天的菜是相同的，菜单每天变化。',6,'{"openTime": "\u5468\u4e00~\u5468\u56db\uff1a12:00\u20130:30\uff0c\u5468\u4e94~\u5468\u516d\uff1a19:00\u20130:30\uff0c\u5468\u65e5\uff1a12:00\u201323:00\u3002", "phoneNumber": "0143269534", "description": "\u5370\u8c61\u597d\uff0c\u4e25\u683c\u7684\u4f20\u7edf\u5473\u9053\u3002 \u725b\u8089\u6709\u610f\u5927\u5229\u4eba\u7684\u98ce\u5473\u3002\u5de7\u514b\u529b\u51bb\u4e5f\u4e0d\u9519\u3002\u8fd8\u4fdd\u7559\u4e8619\u4e16\u7eaa\u7684\u6587\u5316\u98ce\u6c14\u3002\u5957\u9910 15.50 \u6b27\u5143\u3002", "arriveMethod": "\u642dRER B\u53f7\u7ebfLuxembourg\u7ad9\u4e0b\u3002", "address": "41 Rue Monsieur le Prince, 75006 Paris, \u6cd5\u56fd"}');
INSERT INTO "city_picture" VALUES('7050b7fd-1f53-11e2-9338-e4ce8f4b5244','polidor_1.jpg','/static/media/uploads/paris/polidor_1.jpg','','704f8094-1f53-11e2-bf7e-e4ce8f4b5244','2012-10-26 09:56:40.159858+00:00');
INSERT INTO "city_picture" VALUES('708d114a-1f53-11e2-8405-e4ce8f4b5244','polidor_2.jpg','/static/media/uploads/paris/polidor_2.jpg','','704f8094-1f53-11e2-bf7e-e4ce8f4b5244','2012-10-26 09:56:40.556315+00:00');
INSERT INTO "city_picture" VALUES('70d318de-1f53-11e2-8faa-e4ce8f4b5244','polidor_3.jpg','/static/media/uploads/paris/polidor_3.jpg','','704f8094-1f53-11e2-bf7e-e4ce8f4b5244','2012-10-26 09:56:41.015319+00:00');
COMMIT;