BEGIN;
CREATE TABLE "city_area" (
    "id" integer NOT NULL PRIMARY KEY,
    "zh_name" varchar(50) NOT NULL UNIQUE,
    "en_name" varchar(50) NOT NULL UNIQUE,
    "cover_pic" varchar(100) NOT NULL,
    "create_at" datetime NOT NULL
)
;
CREATE TABLE "city_topic" (
    "id" varchar(36) NOT NULL PRIMARY KEY,
    "name" varchar(50) NOT NULL,
    "desc" varchar(255) NOT NULL,
    "in_area_id" integer NOT NULL REFERENCES "city_area" ("id"),
    "weight" smallint NOT NULL
)
;
CREATE TABLE "city_place_in_topics" (
    "id" integer NOT NULL PRIMARY KEY,
    "place_id" varchar(36) NOT NULL,
    "topic_id" varchar(36) NOT NULL REFERENCES "city_topic" ("id"),
    UNIQUE ("place_id", "topic_id")
)
;
CREATE TABLE "city_place" (
    "id" varchar(36) NOT NULL PRIMARY KEY,
    "zh_name" varchar(50) NOT NULL,
    "en_name" varchar(100) NOT NULL,
    "category" smallint NOT NULL,
    "in_area_id" integer NOT NULL REFERENCES "city_area" ("id"),
    "longitude" varchar(20) NOT NULL,
    "latitude" varchar(20) NOT NULL,
    "short_desc" varchar(100) NOT NULL,
    "fit_time" smallint NOT NULL,
    "info" text NOT NULL
)
;
CREATE TABLE "city_picture" (
    "id" varchar(36) NOT NULL PRIMARY KEY,
    "file_name" varchar(50) NOT NULL,
    "url" varchar(200) NOT NULL,
    "desc" varchar(255) NOT NULL,
    "in_place_id" varchar(36) NOT NULL REFERENCES "city_place" ("id"),
    "create_at" datetime NOT NULL
)
;
CREATE INDEX "city_topic_c21db00" ON "city_topic" ("in_area_id");
CREATE INDEX "city_place_c21db00" ON "city_place" ("in_area_id");
CREATE INDEX "city_picture_3ee6582b" ON "city_picture" ("in_place_id");


INSERT INTO "city_topic" VALUES('b39f5051-1e8a-11e2-b004-e4ce8f4b5244','台北必游','来台北如果不去这些地方，就真的太遗憾了，所以无论你此行多么匆忙，都尽量安排时间去吧。',5,1);
INSERT INTO "city_place_in_topics" VALUES('1','b3a771f5-1e8a-11e2-86a7-e4ce8f4b5244','b39f5051-1e8a-11e2-b004-e4ce8f4b5244');
INSERT INTO "city_place_in_topics" VALUES('2','b3abfdd1-1e8a-11e2-8a96-e4ce8f4b5244','b39f5051-1e8a-11e2-b004-e4ce8f4b5244');
INSERT INTO "city_place_in_topics" VALUES('3','b3b0b9fa-1e8a-11e2-85af-e4ce8f4b5244','b39f5051-1e8a-11e2-b004-e4ce8f4b5244');
INSERT INTO "city_place_in_topics" VALUES('4','b3b49b19-1e8a-11e2-a166-e4ce8f4b5244','b39f5051-1e8a-11e2-b004-e4ce8f4b5244');
INSERT INTO "city_place_in_topics" VALUES('5','b3c1bf8c-1e8a-11e2-80d3-e4ce8f4b5244','b39f5051-1e8a-11e2-b004-e4ce8f4b5244');
INSERT INTO "city_place_in_topics" VALUES('6','b3d7b9cc-1e8a-11e2-b6f2-e4ce8f4b5244','b39f5051-1e8a-11e2-b004-e4ce8f4b5244');
INSERT INTO "city_place_in_topics" VALUES('7','b3dc7933-1e8a-11e2-a0b8-e4ce8f4b5244','b39f5051-1e8a-11e2-b004-e4ce8f4b5244');
INSERT INTO "city_topic" VALUES('b3a3075e-1e8a-11e2-8ec3-e4ce8f4b5244','捷运游气质商区','捷运就如同台北的血液，输送你到任何地方，而这些搭捷运即可到达的商区，几乎包含了台北好吃好玩的全部。',5,2);
INSERT INTO "city_place_in_topics" VALUES('8','b49e6221-1e8a-11e2-96ce-e4ce8f4b5244','b3a3075e-1e8a-11e2-8ec3-e4ce8f4b5244');
INSERT INTO "city_place_in_topics" VALUES('9','b4a16eae-1e8a-11e2-9849-e4ce8f4b5244','b3a3075e-1e8a-11e2-8ec3-e4ce8f4b5244');
INSERT INTO "city_place_in_topics" VALUES('10','b4a775f5-1e8a-11e2-a104-e4ce8f4b5244','b3a3075e-1e8a-11e2-8ec3-e4ce8f4b5244');
INSERT INTO "city_place_in_topics" VALUES('11','b4ab3542-1e8a-11e2-8e22-e4ce8f4b5244','b3a3075e-1e8a-11e2-8ec3-e4ce8f4b5244');
INSERT INTO "city_place_in_topics" VALUES('12','b4af09f5-1e8a-11e2-bb45-e4ce8f4b5244','b3a3075e-1e8a-11e2-8ec3-e4ce8f4b5244');
INSERT INTO "city_place_in_topics" VALUES('13','b4b2f2f8-1e8a-11e2-a705-e4ce8f4b5244','b3a3075e-1e8a-11e2-8ec3-e4ce8f4b5244');
INSERT INTO "city_topic" VALUES('b3a39d9c-1e8a-11e2-958c-e4ce8f4b5244','往事，文化历史','年轻的台北可说是命途多折，被侵略史比和平期还要长，因此留下许多刻录了往事的遗迹，值得一看。',5,3);
INSERT INTO "city_place_in_topics" VALUES('14','b3e088a6-1e8a-11e2-8073-e4ce8f4b5244','b3a39d9c-1e8a-11e2-958c-e4ce8f4b5244');
INSERT INTO "city_place_in_topics" VALUES('15','b3eb0b94-1e8a-11e2-8a38-e4ce8f4b5244','b3a39d9c-1e8a-11e2-958c-e4ce8f4b5244');
INSERT INTO "city_place_in_topics" VALUES('16','b3eec680-1e8a-11e2-8f93-e4ce8f4b5244','b3a39d9c-1e8a-11e2-958c-e4ce8f4b5244');
INSERT INTO "city_place_in_topics" VALUES('17','b3f34cdc-1e8a-11e2-818e-e4ce8f4b5244','b3a39d9c-1e8a-11e2-958c-e4ce8f4b5244');
INSERT INTO "city_place_in_topics" VALUES('18','b3f72687-1e8a-11e2-8493-e4ce8f4b5244','b3a39d9c-1e8a-11e2-958c-e4ce8f4b5244');
INSERT INTO "city_place_in_topics" VALUES('19','b3fb1d05-1e8a-11e2-825b-e4ce8f4b5244','b3a39d9c-1e8a-11e2-958c-e4ce8f4b5244');
INSERT INTO "city_place_in_topics" VALUES('20','b3feddf5-1e8a-11e2-8d39-e4ce8f4b5244','b3a39d9c-1e8a-11e2-958c-e4ce8f4b5244');
INSERT INTO "city_place_in_topics" VALUES('21','b401f2a1-1e8a-11e2-a162-e4ce8f4b5244','b3a39d9c-1e8a-11e2-958c-e4ce8f4b5244');
INSERT INTO "city_topic" VALUES('b3a451ba-1e8a-11e2-a200-e4ce8f4b5244','萌到失控','“萌哭你”这句话可不是说说而已，台北的店耍起可爱来，无论男女都难以抵抗。',5,4);
INSERT INTO "city_place_in_topics" VALUES('22','b406b3b3-1e8a-11e2-bee8-e4ce8f4b5244','b3a451ba-1e8a-11e2-a200-e4ce8f4b5244');
INSERT INTO "city_place_in_topics" VALUES('23','b40c5030-1e8a-11e2-a5dc-e4ce8f4b5244','b3a451ba-1e8a-11e2-a200-e4ce8f4b5244');
INSERT INTO "city_place_in_topics" VALUES('24','b40fee0c-1e8a-11e2-93ec-e4ce8f4b5244','b3a451ba-1e8a-11e2-a200-e4ce8f4b5244');
INSERT INTO "city_place_in_topics" VALUES('25','b4189354-1e8a-11e2-812a-e4ce8f4b5244','b3a451ba-1e8a-11e2-a200-e4ce8f4b5244');
INSERT INTO "city_place_in_topics" VALUES('26','b41d3e17-1e8a-11e2-9ad9-e4ce8f4b5244','b3a451ba-1e8a-11e2-a200-e4ce8f4b5244');
INSERT INTO "city_place_in_topics" VALUES('27','b4229d35-1e8a-11e2-8431-e4ce8f4b5244','b3a451ba-1e8a-11e2-a200-e4ce8f4b5244');
INSERT INTO "city_place_in_topics" VALUES('28','b4277607-1e8a-11e2-b858-e4ce8f4b5244','b3a451ba-1e8a-11e2-a200-e4ce8f4b5244');
INSERT INTO "city_place_in_topics" VALUES('29','b42cbcdc-1e8a-11e2-a259-e4ce8f4b5244','b3a451ba-1e8a-11e2-a200-e4ce8f4b5244');
INSERT INTO "city_place_in_topics" VALUES('30','b4314f5c-1e8a-11e2-b9ce-e4ce8f4b5244','b3a451ba-1e8a-11e2-a200-e4ce8f4b5244');
INSERT INTO "city_place_in_topics" VALUES('31','b4498978-1e8a-11e2-826d-e4ce8f4b5244','b3a451ba-1e8a-11e2-a200-e4ce8f4b5244');
INSERT INTO "city_topic" VALUES('b3a4e394-1e8a-11e2-910a-e4ce8f4b5244','怀旧古早味','以二十几道工序制一道小吃似乎骇人听闻，或许只有古早的台北小吃店，才能带给人这样的感动。',5,5);
INSERT INTO "city_place_in_topics" VALUES('32','b4b6a0d9-1e8a-11e2-8e94-e4ce8f4b5244','b3a4e394-1e8a-11e2-910a-e4ce8f4b5244');
INSERT INTO "city_place_in_topics" VALUES('33','b4ba7cab-1e8a-11e2-8fa0-e4ce8f4b5244','b3a4e394-1e8a-11e2-910a-e4ce8f4b5244');
INSERT INTO "city_place_in_topics" VALUES('34','b4bee52e-1e8a-11e2-ad64-e4ce8f4b5244','b3a4e394-1e8a-11e2-910a-e4ce8f4b5244');
INSERT INTO "city_place_in_topics" VALUES('35','b4c2c4b3-1e8a-11e2-ad49-e4ce8f4b5244','b3a4e394-1e8a-11e2-910a-e4ce8f4b5244');
INSERT INTO "city_place_in_topics" VALUES('36','b4c71ab5-1e8a-11e2-a56b-e4ce8f4b5244','b3a4e394-1e8a-11e2-910a-e4ce8f4b5244');
INSERT INTO "city_place_in_topics" VALUES('37','b4cb5782-1e8a-11e2-8df7-e4ce8f4b5244','b3a4e394-1e8a-11e2-910a-e4ce8f4b5244');
INSERT INTO "city_place_in_topics" VALUES('38','b4cfc717-1e8a-11e2-9034-e4ce8f4b5244','b3a4e394-1e8a-11e2-910a-e4ce8f4b5244');
INSERT INTO "city_place_in_topics" VALUES('39','b4d66f6e-1e8a-11e2-a2a0-e4ce8f4b5244','b3a4e394-1e8a-11e2-910a-e4ce8f4b5244');
INSERT INTO "city_topic" VALUES('b3a57df5-1e8a-11e2-a7cc-e4ce8f4b5244','近郊好风景','逛累了五光十色的店面，去北投泡泡温泉，到猫空去喝茶，去平溪放天灯吧。',5,6);
INSERT INTO "city_place_in_topics" VALUES('40','b3abfdd1-1e8a-11e2-8a96-e4ce8f4b5244','b3a57df5-1e8a-11e2-a7cc-e4ce8f4b5244');
INSERT INTO "city_place_in_topics" VALUES('41','b3d7b9cc-1e8a-11e2-b6f2-e4ce8f4b5244','b3a57df5-1e8a-11e2-a7cc-e4ce8f4b5244');
INSERT INTO "city_place_in_topics" VALUES('42','b3dc7933-1e8a-11e2-a0b8-e4ce8f4b5244','b3a57df5-1e8a-11e2-a7cc-e4ce8f4b5244');
INSERT INTO "city_place_in_topics" VALUES('43','b41d3e17-1e8a-11e2-9ad9-e4ce8f4b5244','b3a57df5-1e8a-11e2-a7cc-e4ce8f4b5244');
INSERT INTO "city_place_in_topics" VALUES('44','b4350463-1e8a-11e2-a23c-e4ce8f4b5244','b3a57df5-1e8a-11e2-a7cc-e4ce8f4b5244');
INSERT INTO "city_place_in_topics" VALUES('45','b439948a-1e8a-11e2-86a7-e4ce8f4b5244','b3a57df5-1e8a-11e2-a7cc-e4ce8f4b5244');
INSERT INTO "city_place_in_topics" VALUES('46','b43db602-1e8a-11e2-9e4e-e4ce8f4b5244','b3a57df5-1e8a-11e2-a7cc-e4ce8f4b5244');
INSERT INTO "city_place_in_topics" VALUES('47','b44148f8-1e8a-11e2-892c-e4ce8f4b5244','b3a57df5-1e8a-11e2-a7cc-e4ce8f4b5244');
INSERT INTO "city_place_in_topics" VALUES('48','b4451b02-1e8a-11e2-b0b0-e4ce8f4b5244','b3a57df5-1e8a-11e2-a7cc-e4ce8f4b5244');
INSERT INTO "city_place_in_topics" VALUES('49','b4498978-1e8a-11e2-826d-e4ce8f4b5244','b3a57df5-1e8a-11e2-a7cc-e4ce8f4b5244');
INSERT INTO "city_place_in_topics" VALUES('50','b44eef45-1e8a-11e2-a1ba-e4ce8f4b5244','b3a57df5-1e8a-11e2-a7cc-e4ce8f4b5244');
INSERT INTO "city_place_in_topics" VALUES('51','b452c6d1-1e8a-11e2-8eb8-e4ce8f4b5244','b3a57df5-1e8a-11e2-a7cc-e4ce8f4b5244');
INSERT INTO "city_topic" VALUES('b3a62561-1e8a-11e2-8097-e4ce8f4b5244','文艺青年游台北','这些文艺青年们流连的书店、咖啡馆，只有去到才能真正感受台北文化的自由与繁荣。',5,7);
INSERT INTO "city_place_in_topics" VALUES('52','b4570a26-1e8a-11e2-a87f-e4ce8f4b5244','b3a62561-1e8a-11e2-8097-e4ce8f4b5244');
INSERT INTO "city_place_in_topics" VALUES('53','b45c91cf-1e8a-11e2-b0ae-e4ce8f4b5244','b3a62561-1e8a-11e2-8097-e4ce8f4b5244');
INSERT INTO "city_place_in_topics" VALUES('54','b4610651-1e8a-11e2-bfad-e4ce8f4b5244','b3a62561-1e8a-11e2-8097-e4ce8f4b5244');
INSERT INTO "city_place_in_topics" VALUES('55','b46300eb-1e8a-11e2-8a22-e4ce8f4b5244','b3a62561-1e8a-11e2-8097-e4ce8f4b5244');
INSERT INTO "city_place_in_topics" VALUES('56','b4717bf5-1e8a-11e2-bf30-e4ce8f4b5244','b3a62561-1e8a-11e2-8097-e4ce8f4b5244');
INSERT INTO "city_place_in_topics" VALUES('57','b475199e-1e8a-11e2-b45e-e4ce8f4b5244','b3a62561-1e8a-11e2-8097-e4ce8f4b5244');
INSERT INTO "city_place_in_topics" VALUES('58','b48ae685-1e8a-11e2-a6d3-e4ce8f4b5244','b3a62561-1e8a-11e2-8097-e4ce8f4b5244');
INSERT INTO "city_place_in_topics" VALUES('59','b48f6e14-1e8a-11e2-9fda-e4ce8f4b5244','b3a62561-1e8a-11e2-8097-e4ce8f4b5244');
INSERT INTO "city_place_in_topics" VALUES('60','b4940aab-1e8a-11e2-aaf4-e4ce8f4b5244','b3a62561-1e8a-11e2-8097-e4ce8f4b5244');
INSERT INTO "city_topic" VALUES('b3a6cbde-1e8a-11e2-a754-e4ce8f4b5244','台湾物产伴手礼','美美的吃喝玩乐一通，不带点礼物回去就有点说不过去了，那么选间物美价廉的店吧。',5,8);
INSERT INTO "city_place_in_topics" VALUES('61','b4da4894-1e8a-11e2-81ed-e4ce8f4b5244','b3a6cbde-1e8a-11e2-a754-e4ce8f4b5244');
INSERT INTO "city_place_in_topics" VALUES('62','b4de4959-1e8a-11e2-be84-e4ce8f4b5244','b3a6cbde-1e8a-11e2-a754-e4ce8f4b5244');
INSERT INTO "city_place_in_topics" VALUES('63','b4e247c5-1e8a-11e2-8d86-e4ce8f4b5244','b3a6cbde-1e8a-11e2-a754-e4ce8f4b5244');
INSERT INTO "city_place_in_topics" VALUES('64','b4e61aeb-1e8a-11e2-a452-e4ce8f4b5244','b3a6cbde-1e8a-11e2-a754-e4ce8f4b5244');
INSERT INTO "city_place_in_topics" VALUES('65','b4e98463-1e8a-11e2-a46a-e4ce8f4b5244','b3a6cbde-1e8a-11e2-a754-e4ce8f4b5244');
INSERT INTO "city_place_in_topics" VALUES('66','b4ed92d4-1e8a-11e2-af4b-e4ce8f4b5244','b3a6cbde-1e8a-11e2-a754-e4ce8f4b5244');
INSERT INTO "city_place" VALUES('b3a771f5-1e8a-11e2-86a7-e4ce8f4b5244','台北故宫博物院','Tai Bei Gu Gong Bo Wu Yuan',1,5,'121.548596','25.102505','刻了《赤壁赋》的核舟、王羲之真迹……多达70万件精妙展品的台北故宫，据说一个人要用30年才看得完',3,'{"website": "www.npm.gov.tw/", "ticketInfo": "\u666e\u901a\u7968: 160\u65b0\u53f0\u5e01; \u56e2\u4f53\u7968: 120\u65b0\u53f0\u5e01; \u5b66\u751f\u7968: 80\u65b0\u53f0\u5e01", "openTime": "\u5c55\u89c8\u533a\u4e00\uff08\u6b63\u9986\uff09\uff1a\u5168\u5e74\u5f00\u653e\uff0c\u4e0a\u5348\u516b\u65f6\u4e09\u5341\u5206\u81f3\u4e0b\u5348\u516d\u65f6\u4e09\u5341\u5206\u3002\u591c\u95f4\u5f00\u653e\u65f6\u6bb5\uff1a1.\u81ea101\u5e746\u670815\u65e5\u8d77\uff0c\u6bcf\u5468\u4e09\u3001\u5468\u4e94\u5ef6\u957f\u5f00\u653e\u81f3\u665a\u95f4\u516b\u65f6\u4e09\u5341\u5206\uff0c\u4ec5\u63a5\u53d7\u6563\u5ba2\u6301\uff08\u8d2d\uff09\u4e2a\u4eba\u7968\u5165\u573a\u53c2\u89c2\u30022.\u6bcf\u5468\u516d\u4e0b\u5348\u516d\u65f6\u4e09\u5341\u5206\u81f3\u665a\u95f4\u516b\u65f6\u4e09\u5341\u5206\uff0c\u591c\u95f4\u5f00\u653e\u65f6\u6bb5\u514d\u8d39\u53c2\u89c2\u3002", "phoneNumber": "02-28812021", "description": "\u535a\u7269\u9986\u91cc\u5171\u6536\u85cf\u4ece\u5b8b\u81f3\u6e05\u5386\u671d\u7687\u5e1d\u6536\u96c6\u7684\u7a00\u4e16\u73cd\u54c170\u4e07\u4ef6\uff0c\u5982\u897f\u5468\u6bdb\u516c\u9f0e\u3001\u6563\u6c0f\u76d8\uff1b\u9547\u5bab\u4e4b\u5b9d\u7684\u7389\u5668\u7fe0\u7389\u767d\u83dc\u3001\u8f9f\u90aa\u96d5\u523b\uff1b\u738b\u7fb2\u4e4b\u3001\u989c\u771f\u537f\u3001\u5b8b\u5fbd\u5b97\u4e66\u6cd5\u624b \u8ff9\u7b49\u3002\u8fd8\u6709\u300a\u6838\u821f\u8bb0\u300b\u7684\u539f\u578b\u2014\u2014\u5728\u6843\u6838\u4e0a\u96d5\u523b\u7684\u5c0f\u8239\uff0c\u8239\u8231\u91cc\u5750\u7740\u516b\u4e2a\u4eba\uff0c\u8868\u60c5\u6829\u6829\u5982\u751f\uff0c\u6838\u5e95\u4e00\u5e73\u65b9\u5398\u7c73\u5de6\u53f3\u7684\u5730\u65b9\u8fd8\u523b\u4e86400\u591a\u5b57\u7684\u300a\u8d64\u58c1\u8d4b\u300b\uff0c\u8ba9\u4eba\u77a0\u76ee \u7ed3\u820c\u3002\u7531\u4e8e\u85cf\u54c1\u6570\u91cf\u5de8\u5927\uff0c\u636e\u8bf4\uff0c\u4e00\u4e2a\u4eba\u5168\u90e8\u770b\u5b8c\uff0c\u9700\u8981\u5c06\u8fd130\u5e74\u7684\u65f6\u95f4\u3002\u6545\u5bab\u535a\u7269\u9662\u9664\u4e86\u9986\u5185\u7684\u5c55\u54c1\u53ef\u53c2\u89c2\u4ee5\u5916\uff0c\u56ed\u533a\u5185\u5176\u4ed6\u8457\u540d\u666f\u70b9\u4ea6\u4e0d\u5bb9\u9519\u8fc7\u3002\u5305\u62ec\u81f3\u5584\u56ed\u3001\u81f3\u5fb7\u56ed\u3001\u5f20\u5927\u5343\u7eaa\u5ff5\u9986\u7b49\u3002", "arriveMethod": "\u642d\u4e58\u6377\u8fd0\u6de1\u6c34\u7ebf\u81f3\u58eb\u6797\u7ad9\u4e0b\u8f66\uff0c\u8f6c\u4e58\u7ea230\uff08\u4f4e\u5730\u677f\u516c\u8f66\uff09\u5f80\u6545\u5bab\u535a\u7269\u9662\u81f3\u672c\u9662\u6b63\u9986\u95e8\u53e3\u4e0b\u8f66\u3002\u6216\u8f6c\u4e58\u516c\u8f66255\u3001304\u3001815\uff08\u4e09\u91cd-\u6545\u5bab\u535a\u7269\u9662\uff09\u3001\u5c0f\u578b\u516c\u8f6618 \u3001\u5c0f\u578b\u516c\u8f6619\u4e8e\u672c\u9662\u6b63\u9762\u5e7f\u573a\u524d\u4e0b\u8f66\u3002\n\u642d\u4e58\u6377\u8fd0\u6587\u6e56\u7ebf\u81f3\u5927\u76f4\u7ad9\u4e0b\u8f66\uff0c\u8f6c\u4e58\u68d513\u5f80\u6545\u5bab\u535a\u7269\u9662\u81f3\u672c\u9662\u6b63\u9762\u5e7f\u573a\u524d\u4e0b\u8f66\u3002\u6216\u642d\u4e58\u6377\u8fd0\u6587\u6e56\u7ebf\u81f3\u5251\u5357\u8def\u7ad9\u4e0b\u8f66\uff0c\u8f6c\u4e58\u68d520\u5f80\u6545\u5bab\u535a\u7269\u9662\u81f3\u672c\u9662\u6b63\u9986\u95e8\u53e3\u4e0b\u8f66\u3002  ", "address": "\u53f0\u5317\u5e02\u58eb\u6797\u533a\u81f3\u5584\u8def\u4e8c\u6bb5221\u53f7 \u53f0\u6e7e", "tips": "\u671d\u73e0\u6709\u7537\u5973\u4e4b\u5206\uff0c\u4f60\u77e5\u9053\u5417\uff1f\u5728\u53f0\u5317\u6545\u5bab\uff0c\u80fd\u591f\u8bf4\u51fa\u7687\u5e1d\u8ddf\u7687\u540e\u671d\u73e0\u7684\u533a\u522b\uff0c\u5c31\u6709\u673a\u4f1a\u83b7\u5f97100\u53f0\u5e01\u3002"}');
INSERT INTO "city_picture" VALUES('b3a8d4cc-1e8a-11e2-9722-e4ce8f4b5244','tai-bei-gu-gong-bo-wu-yuan_1.jpg','/static/media/uploads/taipei/tai-bei-gu-gong-bo-wu-yuan_1.jpg','','b3a771f5-1e8a-11e2-86a7-e4ce8f4b5244','2012-10-25 09:59:44.302284+00:00');
INSERT INTO "city_picture" VALUES('b3a9ee40-1e8a-11e2-b3dd-e4ce8f4b5244','tai-bei-gu-gong-bo-wu-yuan_2.jpg','/static/media/uploads/taipei/tai-bei-gu-gong-bo-wu-yuan_2.jpg','','b3a771f5-1e8a-11e2-86a7-e4ce8f4b5244','2012-10-25 09:59:44.310218+00:00');
INSERT INTO "city_picture" VALUES('b3aad968-1e8a-11e2-b719-e4ce8f4b5244','tai-bei-gu-gong-bo-wu-yuan_3.jpg','/static/media/uploads/taipei/tai-bei-gu-gong-bo-wu-yuan_3.jpg','','b3a771f5-1e8a-11e2-86a7-e4ce8f4b5244','2012-10-25 09:59:44.316268+00:00');
INSERT INTO "city_place" VALUES('b3abfdd1-1e8a-11e2-8a96-e4ce8f4b5244','淡水','Dan Shui',1,5,'121.457119','25.189719','淡水很多面，一边是熙熙攘攘的商铺，一边是静静流淌的淡水河，人声沸腾天后宫的下一个转角就是静谧的教堂',8,'{"ticketInfo": "\u514d\u8d39", "openTime": "\u5168\u5929", "description": "\u6de1\u6c34\u6cb3\u5149\u5c71\u6c34\u3001\u98ce\u666f\u79c0\u4e3d\uff0c\u81ea\u53e4\u4e3a\u53f0\u6e7e\u516b\u666f\u4e4b\u4e00\uff0c\u6614\u65e5\u8fd8\u66fe\u6709\u201c\u4e1c\u65b9\u5a01\u5c3c\u65af\u201d\u7684\u7f8e\u79f0\u3002\u56e0\u8eab\u4e3a\u5317\u53f0\u6e7e\u9501\u94a5\u7684\u7f18\u6545\uff0c\u6de1\u6c34\u81ea\u5341\u516d\u4e16\u7eaa\u8d77\u4fbf\u662f\u5175\u5bb6\u5fc5\u4e89\u4e4b\u5730\uff0c\u8377\u5170\u3001\u897f\u73ed\u7259\u3001\u82f1\u56fd\u3001\u6cd5\u56fd\u3001\u65e5\u672c\u7b49\u56fd\u7684\u8239\u53ea\u90fd\u4f1a\u5728\u6b64\u767b\u9646\uff0c\u5728\u5386\u53f2\u4e0a\u66fe\u7ecf\u662f\u53f0\u6e7e\u7b2c\u4e00\u5927\u6e2f\uff0c\u73b0\u5728\u7684\u6de1\u6c34\u5219\u662f\u53f0\u6e7e\u4eba\u53e3\u6700\u591a\u7684\u9547\u3002\u53bb\u6de1\u6c34\uff0c\u5927\u591a\u662f\u770b\u5915\u9633\uff0c\u6240\u4ee5\u6700\u597d\u662f\u4e0b\u5348\u53bb\u3002\u6f2b\u6b65\u5728\u6de1\u6c34\u8857\u5934\uff0c\u4e00\u8fb9\u662f\u7199\u7199\u6518\u6518\u7684\u5546\u94fa\uff0c\u4e00\u8fb9\u662f\u9759\u9759\u6d41\u6dcc\u7684\u6de1\u6c34\u6cb3\uff0c\u4e09\u4e09\u4e24\u4e24\u7684\u4eba\u7fa4\u56f4\u5750\u5728\u6cb3\u8fb9\u804a\u5929\u3001\u9493\u9c7c\u3001\u5439\u98ce\uff0c\u611f\u89c9\u5341\u5206\u60ec\u610f\uff0c\u8fd8\u53ef\u4ee5\u4e00\u5bb6\u53c8\u4e00\u5bb6\u641c\u5bfb\u5c0f\u5403\u644a\uff0c\u641c\u5bfb\u53f0\u6e7e\u7684\u5473\u9053\u3002", "arriveMethod": "\u6377\u8fd0\u6de1\u6c34\u7ad9", "address": "\u53f0\u6e7e\u53f0\u5317\u53bf\u6de1\u6c34\u9547"}');
INSERT INTO "city_picture" VALUES('b3ad9914-1e8a-11e2-8295-e4ce8f4b5244','dan-shui_1.jpg','/static/media/uploads/taipei/dan-shui_1.jpg','','b3abfdd1-1e8a-11e2-8a96-e4ce8f4b5244','2012-10-25 09:59:44.334383+00:00');
INSERT INTO "city_picture" VALUES('b3ae8d19-1e8a-11e2-857c-e4ce8f4b5244','dan-shui_2.jpg','/static/media/uploads/taipei/dan-shui_2.jpg','','b3abfdd1-1e8a-11e2-8a96-e4ce8f4b5244','2012-10-25 09:59:44.340471+00:00');
INSERT INTO "city_picture" VALUES('b3af63fd-1e8a-11e2-b619-e4ce8f4b5244','dan-shui_3.jpg','/static/media/uploads/taipei/dan-shui_3.jpg','','b3abfdd1-1e8a-11e2-8a96-e4ce8f4b5244','2012-10-25 09:59:44.346090+00:00');
INSERT INTO "city_place" VALUES('b3b0b9fa-1e8a-11e2-85af-e4ce8f4b5244','101大楼','101 Da Lou',5,5,'121.564780','25.034252','既然是台湾的第一高厦，自然就要带台湾本土特色，除了全球最大风阻尼器，夜里塔上变幻的霓虹灯也是一大看点',7,'{"website": "taipei-101.com.tw", "ticketInfo": "\u5168\u4ef7\u7968450\u65b0\u53f0\u5e01", "openTime": "10\uff1a00-22\uff1a00 ", "phoneNumber": "+886 2 8101 8898", "description": "\u53f0\u5317101\u5ea7\u843d\u4e8e\u53f0\u5317\u5e02\u7684\u4e2d\u5fc3\u5546\u533a\u4fe1\u4e49\u5546\u5708\uff0c\u662f\u53f0\u6e7e\u6700\u9ad8\u3001\u5168\u7403\u7b2c\u4e09\u9ad8\u5927\u53a6\u3002\u6700\u521d\u662f\u653f\u5e9c\u7b79\u5efa\u7684\u91d1\u878d\u670d\u52a1\u8bbe\u65bd\uff0c\u540e\u8f6c\u578b\u6210\u7efc\u5408\u6027\u7684\u5546\u8d38\u5efa\u7b51\u3002\u201c101\u201d\u8fd9\u4e2a\u540d\u79f0\uff0c\u662f\u7531\u6797\u9e3f\u660e\u3001\u674e\u7956\u539f\u7b49\u53c2\u4e0e\u5927\u697c\u7b79\u5efa\u7684\u80a1\u4e1c\u548c\u5efa\u7b51\u56e2\u961f\u5171\u540c\u6784\u601d\u51fa\u6765\u7684\uff0c\u9664\u4e86\u70b9\u51fa\u5927\u697c\u7684\u697c\u5c42\u603b\u6570\uff0c\u66f4\u6709\u8d85\u8d8a\u9876\u5c16\u7684\u6db5\u4e49\u3002\u76ee\u524d\u5927\u697c\u9ad8\u5c42\u7528\u4f5c\u529e\u516c\uff0c\u4f4e\u5c42\u5219\u4e91\u96c6\u4e86\u4f17\u591a\u4e00\u7ebf\u56fd\u9645\u540d\u54c1\u5e97\uff0c\u5305\u62ecBALLY\u3001LV\u3001Prada\u3001Gucci\u4ee5\u53ca\u4e00\u4e2a\u4e9a\u6d32\u6700\u5927\u7684Page One\u3002\u6700\u5927\u5356\u70b9\u662f\u4f4d\u4e8e89\u697c\u7684\u5ba4\u5185\u666f\u89c2\u53f0\u53ca91\u697c\u7684\u9732\u5929\u666f\u89c2\u53f0\uff0c\u53ef\u5c06\u6574\u4e2a\u53f0\u5317\u5c3d\u6536\u773c\u5e95\u3002\u53e6\u591687-92\u5c42\u8fd8\u5185\u7f6e\u4e86\u4e00\u4e2a660\u5428\u7684\u5de8\u5927\u94a2\u7403\uff0c\u6f06\u6210\u53ef\u7231\u7684\u9ec4\u8272\uff0c\u8fd9\u5c31\u662f\u5168\u7403\u6700\u5927\u7684\u201c\u98ce\u963b\u5c3c\u5668\u201d\uff0c\u53ef\u5229\u7528\u6446\u52a8\u539f\u7406\u51cf\u7f13\u5efa\u7b51\u7269\u7684\u6447\u6643\uff0c\u4fdd\u8bc1101\u5728\u53f0\u98ce\u591a\u53d1\u7684\u53f0\u5317\u4e5f\u7acb\u5f97\u7a33\u7a33\u7684\u3002", "arriveMethod": "\u5730\u94c1\u677f\u5357\u7ebf\u300c\u5e02\u653f\u5e9c\u7ad9\u300d\u51fa\u53e32\u51fa\u7ad9\uff0c\u6b65\u884c10\u5206\u949f\u5373\u53ef\u5230\u8fbe\uff0c\u6216\u53ef\u5728\u51fa\u7ad9\u540e\u4e8e\u5fe0\u5b5d\u4e1c\u8def\u642d\u4e58\u516c\u8f66 537\u3001\u84dd5\uff0c\u5373\u53ef\u62b5\u8fbe", "address": "\u53f0\u6e7e 110\u53f0\u5317\u5e02\u4fe1\u4e49\u8def5\u6bb57\u53f7", "tips": "\u5927\u697c\u768489\u5c42\u8bbe\u6709\u4e16\u754c\u4e0a\u6700\u9ad8\u7684\u90ae\u5c40\uff0c\u90ae\u7bb1\u7684\u8bbe\u8ba1\u4e5f\u5f88\u6709\u8da3\uff0c\u4e09\u4e2a\u90ae\u7bb1\u5206\u522b\u8bbe\u7f6e\u4e3a\uff1a\u5bb6\u5ead\u3001\u670b\u53cb\u548c\u7231\u60c5\uff0c\u5728\u6295\u5bc4\u660e\u4fe1\u7247\u7684\u65f6\u5019\u53ef\u8981\u4ed4\u7ec6\u9009\u62e9\u3002"}');
INSERT INTO "city_picture" VALUES('b3b1a3ba-1e8a-11e2-a784-e4ce8f4b5244','101da-lou_1.jpg','/static/media/uploads/taipei/101da-lou_1.jpg','','b3b0b9fa-1e8a-11e2-85af-e4ce8f4b5244','2012-10-25 09:59:44.360888+00:00');
INSERT INTO "city_picture" VALUES('b3b28c30-1e8a-11e2-8804-e4ce8f4b5244','101da-lou_2.jpg','/static/media/uploads/taipei/101da-lou_2.jpg','','b3b0b9fa-1e8a-11e2-85af-e4ce8f4b5244','2012-10-25 09:59:44.366767+00:00');
INSERT INTO "city_picture" VALUES('b3b39419-1e8a-11e2-adca-e4ce8f4b5244','101da-lou_3.jpg','/static/media/uploads/taipei/101da-lou_3.jpg','','b3b0b9fa-1e8a-11e2-85af-e4ce8f4b5244','2012-10-25 09:59:44.373355+00:00');
INSERT INTO "city_place" VALUES('b3b49b19-1e8a-11e2-a166-e4ce8f4b5244','士林夜市','Shi Lin Ye Shi',3,5,'121.524786','25.084967','全城名气最大的夜市，台北几间著名小吃都在此摆摊，尤其要吃排队人多的摊！',4,'{"openTime": "\u5168\u5929", "description": "\u58eb\u6797\u591c\u5e02\u662f\u53f0\u5317\u6700\u8457\u540d\u3001\u4e5f\u6700\u5e73\u6c11\u5316\u7684\u591c\u5e02\u53bb\u5904\uff0c\u591c\u5e02\u53ef\u5206\u4e24\u5927\u90e8\u5206\uff0c\u4e00\u662f\u6148\u8bda\u5bab\u5bf9\u9762\u7684\u5e02\u573a\u5c0f\u5403\uff1b\u4e00\u662f\u4ee5\u9633\u660e\u620f\u9662\u4e3a\u4e2d\u5fc3\uff0c\u5305\u62ec\u5b89\u5e73\u8857\u3001\u5927\u4e1c\u8def\u3001\u6587\u6797\u8def\u56f4\u6210\u7684\u533a\u57df\u3002\u5357\u5317\u5c0f\u5403\u3001\u6d41\u884c\u670d\u9970\u3001\u6742\u8d27\u3001\u52a0\u4e0a\u5982\u7ec7\u7684\u4eba\u6f6e\uff0c\u6ea2\u6563\u70ed\u95f9\u6eda\u6eda\u7684\u6c14\u606f\u3002\u4f4d\u5728\u6148\u8bda\u5bab\u5bf9\u9762\u7684\u58eb\u6797\u5e02\u573a\uff0c\u94c1\u76ae\u8986\u9876\uff0c\u5e02\u573a\u5185\u56ca\u62ec\u5927\u6c5f\u5357\u5317\u7efc\u5408\u5c0f\u5403\u3001\u4ece\u725b\u6392\u3001\u94c1\u677f\u70e7\u5230\u86b5\u4ed4\u714e\u3001\u5e7f\u4e1c\u7ca5\u3001\u751f\u7092\u82b1\u679d\u3001\u7433\u7405\u6ee1\u76ee\uff1b\u6bcf\u5230\u591c\u665a\uff0c\u901b\u591c\u5e02\u7684\u4eba\u6f6e\u603b\u5c06\u72ed\u7a84\u7684\u901a\u9053\u6324\u5f97\u6c34\u6cc4\u4e0d\u901a\u3002\u4ee5\u9633\u660e\u620f\u9662\u4e3a\u4e2d\u5fc3\u6240\u56f4\u6210\u7684\u591c\u5e02\uff0c\u5219\u4e3b\u8981\u7531\u51e0\u6761\u5c0f\u5df7\u9053\u6784\u6210\uff0c\u7a7f\u68ad\u5176\u95f4\uff0c\u683c\u5916\u6709\u4e00\u79cd\u5e02\u4e95\u6ecb\u5473\u3002\u5404\u5f0f\u5e97\u94fa\u53ca\u5730\u644a\u6328\u5bb6\u7d27\u4e34\uff0c\u5c0f\u5403\u644a\u3001\u670d\u9970\u5e97\u3001\u7cbe\u54c1\u5e97\u3001\u978b\u5e97\u3001\u5531\u7247\u884c\u3001\u8fd0\u52a8\u7528\u54c1\u7b49\uff0c\u53ea\u8981\u5e02\u9762\u4e0a\u6d41\u884c\u7684\uff0c\u5728\u6b64\u90fd\u627e\u5f97\u5230\u3002\u6bcf\u5f53\u591c\u5e55\u6e10\u6e10\u7b3c\u7f69\uff0c\u534e\u706f\u4e00\u4e00\u4eae\u8d77\uff0c\u58eb\u6797\u591c\u5e02\u5373\u6b65\u5165\u7e41\u534e\u3002", "arriveMethod": "\u5730\u94c1\u642d\u4e58\u6de1\u6c34\u7ebf\u4e8e\u5251\u6f6d\u7ad91\u53f7\u51fa\u53e3\u516c\u4ea4\u8f6661\u3001203\u3001216\u3001218\u3001220\u3001224\u3001250\u3001260\u3001266\u3001277\u3001279\u3001280\u3001285\u3001287\u3001290\u3001304\u3001310\u3001508\u3001606\u3001633\u3001634\u3001102\u3001109\uff0c\u4e8e\u5c0f\u5317\u8857\u7ad9\u6216\u6377\u8fd0\u5251\u6f6d\u7ad9\u4e0b\u8f66", "address": "\u53f0\u6e7e\u53f0\u5317\u5e02\u58eb\u6797\u533a\u6587\u6797\u8def\u548c\u57fa\u6cb3\u8def\u4e2d\u95f4"}');
INSERT INTO "city_picture" VALUES('b3b58911-1e8a-11e2-ac5f-e4ce8f4b5244','shi-lin-ye-shi_1.jpg','/static/media/uploads/taipei/shi-lin-ye-shi_1.jpg','','b3b49b19-1e8a-11e2-a166-e4ce8f4b5244','2012-10-25 09:59:44.386195+00:00');
INSERT INTO "city_picture" VALUES('b3b66557-1e8a-11e2-b47a-e4ce8f4b5244','shi-lin-ye-shi_2.jpg','/static/media/uploads/taipei/shi-lin-ye-shi_2.jpg','','b3b49b19-1e8a-11e2-a166-e4ce8f4b5244','2012-10-25 09:59:44.391980+00:00');
INSERT INTO "city_picture" VALUES('b3b74663-1e8a-11e2-9d6b-e4ce8f4b5244','shi-lin-ye-shi_3.jpg','/static/media/uploads/taipei/shi-lin-ye-shi_3.jpg','','b3b49b19-1e8a-11e2-a166-e4ce8f4b5244','2012-10-25 09:59:44.397779+00:00');
INSERT INTO "city_place" VALUES('b3b84359-1e8a-11e2-aa03-e4ce8f4b5244','中正纪念堂','Zhong Zheng Ji Nian Tang',1,5,'121.521932','25.034740','站上这座打眼的蓝顶建筑向台阶下看，会有睥睨感，中正纪念堂反而比台北故宫更有帝王气。',3,'{"website": "http://www.ntdmh.gov.tw/", "ticketInfo": "\u95e8\u7968: 0\u65b0\u53f0\u5e01", "openTime": "\u6bcf\u65e509:00~18:00\uff0c\u65e0\u516c\u4f11\u65e5", "phoneNumber": "886-02-2343-1100", "description": "\u767d\u5899\u84dd\u74e6\uff0c70\u516c\u5c3a\u9ad8\u8038\u7acb\u5728\u7eaa\u5ff5\u516c\u56ed\u7684\u4e2d\u592e\u7684\u8fd9\u5ea7\u5efa\u7b51\uff0c\u4e0d\u8bba\u4ece\u54ea\u4e2a\u89d2\u5ea6\u770b\u8fc7\u53bb\uff0c\u90fd\u72e0\u5b8f\u4f1f\u3002\u56fd\u5916\u89c2\u5149\u5ba2\u6765\u5230\u53f0\u6e7e\uff0c\u4e0d\u8bba\u884c\u7a0b\u5982\u4f55\u6392\uff0c\u90fd\u4e00\u5b9a\u4f1a\u5230\u8fd9\u91cc\u6765\u53c2\u89c2\u4e00\u4e0b\u3002\u8fd9\u662f\u4e3a1975\u5e74\u901d\u4e16\u7684\u848b\u516c\u4e2d\u6b63\u6240\u4fee\u7684\u7eaa\u5ff5\u5802\uff0c\u4e8e\u6b21\u5e74\u5f00\u571f\u4fee\u5efa\uff0c\u7531\u8bbe\u8ba1\u8fc7\u5706\u5c71\u5927\u996d\u5e97\u7684\u6768\u5353\u6210\u8bbe\u8ba1\u3002\u7eaa\u5ff5\u5802\u5360\u5730\u4e3a24.79\u9877\uff0c\u5168\u533a\u5305\u62ec\u4e2d\u6b63\u7eaa\u5ff5\u5802\u3001\u4e2d\u6b63\u7eaa\u5ff5\u516c\u56ed\u3001\u724c\u697c\u3001\u56f4\u6355\u3001\u77bb\u4ef0\u5927\u9053\u3001\u4e24\u4fa7\u4e3a\u5267\u9662\u53ca\u97f3\u4e50\u5385\uff0c\u5168\u662f\u4e2d\u56fd\u5bab\u6bbf\u5f0f\u4e4b\u5efa\u7b51\u5bcc\u4e3d\u5802\u7687\u4e4b\u7f8e\uff0c\u66f4\u663e\u793a\u6d53\u70c8\u7684\u827a\u6587\u6c14\u606f\u3002\u6b63\u5802\u4e0b\u5c42\u9648\u5217\u4e86\u848b\u4e2d\u6b63\u7684\u8863\u51a0\u3001\u6587\u732e\u3001\u7167\u7247\u3001\u5ea7\u8f66\u7b49\u3002\u800c\u5185\u90e8\u5e7f\u5927\u7684\u827a\u5eca\u4e0e\u5c55\u6f14\u7a7a\u95f4\uff0c\u4e5f\u5e38\u5916\u501f\u4e3e\u529e\u5c55\u89c8\uff0c\u6216\u62db\u5f85\u5916\u5bbe\u3002", "arriveMethod": "\u516c\u4ea4\u8f66\u642d\u4e5815\u300118\u300120\u300122\u300137\u3001204\u3001208\u3001214\u3001236\u3001248\u3001249\u3001251\u3001252\u3001261\u3001263\u3001270\u3001293\u3001297\u3001621\u3001623\u3001630\u3001651\u3001\u4fe1\u4e49\u7ebf\u7b49\uff0c\u4e8e\u4e2d\u6b63\u7eaa\u5ff5\u5802\u7ad9\u6216\u5357\u95e8\u5e02\u573a\u7ad9\u4e0b\u8f66\uff1b\u5730\u94c1\u642d\u4e58\u5404\u6377\u8fd0\u7ebf\u81f3\u4e2d\u6b63\u7eaa\u5ff5\u5802\u7ad95\u53f7\u51fa\u53e3", "address": "\u53f0\u6e7e\u53f0\u5317\u5e02\u4e2d\u6b63\u533a\u4e2d\u5c71\u5357\u8def21\u53f7"}');
INSERT INTO "city_picture" VALUES('b3b8b6e6-1e8a-11e2-9d5c-e4ce8f4b5244','zhong-zheng-ji-nian-tang_1.jpg','/static/media/uploads/taipei/zhong-zheng-ji-nian-tang_1.jpg','','b3b84359-1e8a-11e2-aa03-e4ce8f4b5244','2012-10-25 09:59:44.407053+00:00');
INSERT INTO "city_picture" VALUES('b3b992bd-1e8a-11e2-b082-e4ce8f4b5244','zhong-zheng-ji-nian-tang_2.jpg','/static/media/uploads/taipei/zhong-zheng-ji-nian-tang_2.jpg','','b3b84359-1e8a-11e2-aa03-e4ce8f4b5244','2012-10-25 09:59:44.412859+00:00');
INSERT INTO "city_picture" VALUES('b3ba8294-1e8a-11e2-bd7c-e4ce8f4b5244','zhong-zheng-ji-nian-tang_3.jpg','/static/media/uploads/taipei/zhong-zheng-ji-nian-tang_3.jpg','','b3b84359-1e8a-11e2-aa03-e4ce8f4b5244','2012-10-25 09:59:44.418657+00:00');
INSERT INTO "city_picture" VALUES('b3bb5161-1e8a-11e2-bfee-e4ce8f4b5244','zhong-zheng-ji-nian-tang_4.jpg','/static/media/uploads/taipei/zhong-zheng-ji-nian-tang_4.jpg','','b3b84359-1e8a-11e2-aa03-e4ce8f4b5244','2012-10-25 09:59:44.424221+00:00');
INSERT INTO "city_place" VALUES('b3bc7470-1e8a-11e2-933c-e4ce8f4b5244','士林官邸','Shi Lin Guan Di',1,5,'121.530182','25.093744','这里的一切，都无声见证着当年蒋介石夫妇最私密的生活点滴。',3,'{"website": "http://www.culture.gov.tw/frontsite/shilin/index.jsp", "ticketInfo": "\u5168\u7968\uff1a100\u65b0\u53f0\u5e01\uff1b\u56e2\u4f53\u7968\uff1a80\u65b0\u53f0\u5e01\uff1b\u4f18\u5f85\u7968\uff1a50\u65b0\u53f0\u5e01\uff1b\u5b66\u9f84\u524d\u513f\u7ae5\u514d\u8d39\u5165\u9986\u3002", "openTime": "\u5468\u4e8c\u81f3\u5468\u65e5\uff0c\u4e0a\u53489:30~12:00(\u552e\u7968\u81f311:20)\u3001\u4e0b\u534813:30~17:00(\u552e\u7968\u81f316:20)\u3010\u6bcf\u5468\u4e00\u3001\u519c\u5386\u6625\u8282\u3001\u6e05\u660e\u8282\u3001\u7aef\u5348\u8282\u3001\u4e2d\u79cb\u8282\u3001\u56fa\u5b9a\u517b\u62a4\u65f6\u95f4(\u6bcf\u5e74\u4e5d\u6708\u95f4\u4e24\u5468)\u53ca\u7279\u6b8a\u60c5\u51b5\u4f11\u9986\u3011", "phoneNumber": "02-2883-6340 ", "description": "\u58eb\u6797\u5b98\u90b8\u4f4d\u4e8e\u53f0\u5317\u5e02\u58eb\u6797\u533a\u798f\u6797\u8def\uff0c\u65e9\u671f\u4e3a\u848b\u4ecb\u77f3\u4e0e\u59bb\u5b8b\u7f8e\u9f84\u4f4f\u5904\uff0c\u76ee\u524d\u4e3a\u53f0\u5317\u5e02\u7b2c\u4e00\u5ea7\u751f\u6001\u516c\u56ed\u3002\u5b98\u90b8\u4e8e2012\u5e741\u6708\u5168\u9762\u5bf9\u5916\u5f00\u653e\uff0c\u5305\u62ec\u848b\u4ecb\u77f3\u7684\u5e8a\u94fa\uff0c\u4e66\u684c\uff0c\u7231\u770b\u7684\u4e66\u7c4d\uff0c\u665a\u5e74\u7528\u8fc7\u7684\u62d0\u6756\u90fd\u9996\u5ea6\u516c\u5f00\u4eae\u76f8\u3002\u5b8b\u7f8e\u9f84\u4f5c\u753b\u7684\u753b\u7b14\uff0c\u5979\u548c\u848b\u4ecb\u77f3\u6bcf\u5929\u65e9\u4e0a\u4e00\u8d77\u7528\u9910\u770b\u62a5\u7684\u5730\u65b9\uff0c\u751a\u81f3\u4e24\u4eba\u95f2\u6687\u65f6\u7231\u73a9\u7684\u8df3\u68cb\u4e5f\u4e00\u4e00\u5c55\u793a\u3002\u9664\u848b\u5b8b\u4e8c\u4eba\u522b\u5885\u4f4f\u6240\u5916\u4e4b\u5916\uff0c\u58eb\u6797\u5b98\u90b8\u4ea6\u6709\u7cbe\u81f4\u7684\u5ead\u56ed\u9020\u666f\u8bbe\u8ba1\uff0c\u866b\u9e23\u9e1f\u53eb\u3001 \u666f\u8272\u79c0\u4e3d\uff0c\u5176\u4e2d\u7684\u73ab\u7470\u56ed\u66fe\u662f\u848b\u5b8b\u7f8e\u9f84\u6700\u559c\u7231\u7684\u82b1\u56ed\uff0c\u636e\u8bf4\u5f53\u5e74\u848b\u4ecb\u77f3\u6bcf\u5929\u6e05\u6668\u90fd\u4f1a\u6458\u4e00\u6735\u65b0\u9c9c\u73ab\u7470\uff0c\u653e\u5728\u592b\u4eba\u7684\u5e8a\u5934\uff0c\u6d6a\u6f2b\u81f3\u6b7b\u3002\u848b\u5b8b\u4e8c\u4eba\u505a\u4e3a\u53f0\u6e7e\u65f6\u4ee3\u7684\u98ce\u4e91\u4eba\u7269\uff0c\u66fe\u5728\u6b64\u751f\u6d3b26\u5e74\uff0c\u8fd9\u671f\u95f4\u6b63\u662f\u53f0\u6e7e\u5386\u53f2\u7684\u5173\u952e\u65f6\u523b\uff0c\u56e0\u800c\u58eb\u6797\u5b98\u90b8\u8fd9\u6837\u7684\u79c1\u4eba\u7a7a\u95f4\u5728\u90a3\u6bb5\u5386\u53f2\u91cc\u627f\u8f7d\u4e86\u76f8\u5f53\u91cd\u8981\u7684\u610f\u4e49\uff0c\u9887\u5177\u53c2\u89c2\u4ef7\u503c\u3002", "arriveMethod": "\u6377\u8fd0\uff1a\u6de1\u6c34\u7ebf\u58eb\u6797\u7ad9\uff082\u53f7\u51fa\u53e3\u51fa\u7ad9\u540e\u5de6\u8f6c\uff0c\u6b65\u884c\u7ea610\u5206\u949f\uff09\u516c\u8f66\uff1a\u300c\u53f0\u7535\u5317\u533a\u5206\u5904\u7ad9\u300d203\u3001220\u3001260\u3001280\u3001285\u3001304\u3001310\u3001606 \u3001612\u3001646\u3001\u4e2d\u5c71\u5e72\u7ebf\u3001\u4f11\u95f2\u516c\u8f66109 \u300c\u5c0f\u5317\u8857\u7ad9\u300d51\u3001203\u3001216\u3001218\u3001220\u3001224\u3001250\u3001260\u3001266\u3001277\u3001279\u3001290\u3001304\u3001310\u3001606 \u300c\u58eb\u6797\u5b98\u90b8\u7ad9\u300d203\u3001279\u3001310", "address": "\u53f0\u6e7e\u81fa\u5317\u5e02\u58eb\u6797\u533a\u798f\u6797\u8def60\u53f7"}');
INSERT INTO "city_picture" VALUES('b3bceb4f-1e8a-11e2-a2c6-e4ce8f4b5244','shi-lin-guan-di_1.jpg','/static/media/uploads/taipei/shi-lin-guan-di_1.jpg','','b3bc7470-1e8a-11e2-933c-e4ce8f4b5244','2012-10-25 09:59:44.434781+00:00');
INSERT INTO "city_picture" VALUES('b3be3973-1e8a-11e2-9d93-e4ce8f4b5244','shi-lin-guan-di_2.jpg','/static/media/uploads/taipei/shi-lin-guan-di_2.jpg','','b3bc7470-1e8a-11e2-933c-e4ce8f4b5244','2012-10-25 09:59:44.442389+00:00');
INSERT INTO "city_picture" VALUES('b3bf554f-1e8a-11e2-ada9-e4ce8f4b5244','shi-lin-guan-di_3.jpg','/static/media/uploads/taipei/shi-lin-guan-di_3.jpg','','b3bc7470-1e8a-11e2-933c-e4ce8f4b5244','2012-10-25 09:59:44.450407+00:00');
INSERT INTO "city_picture" VALUES('b3c07f47-1e8a-11e2-ab4a-e4ce8f4b5244','shi-lin-guan-di_4.jpg','/static/media/uploads/taipei/shi-lin-guan-di_4.jpg','','b3bc7470-1e8a-11e2-933c-e4ce8f4b5244','2012-10-25 09:59:44.458041+00:00');
INSERT INTO "city_place" VALUES('b3c1bf8c-1e8a-11e2-80d3-e4ce8f4b5244','西门红楼','Xi Men Hong Lou',1,5,'121.506638','25.041943','见证了台北每个时期的西门红楼，如今门前仍常常聚集了摆摊子或做表演的年轻人，热闹依旧。',7,'{"ticketInfo": "\u514d\u8d39", "phoneNumber": "02-23119380", "description": "\u897f\u95e8\u753a\u7684\u7ea2\u697c\u7ecf\u5386\u8fc7\u53f0\u5317\u6bcf\u4e2a\u91cd\u8981\u7684\u65f6\u671f\uff0c\u662f\u8bb8\u591a\u8001\u53f0\u5317\u4eba\u7684\u72ec\u5bb6\u8bb0\u5fc6\u3002 \u7ea2\u697c\u5efa\u7b51\u4ee5\u7279\u6b8a\u7684\u5341\u5b57\u67b6\u548c\u516b\u5366\u9020\u578b\uff0c\u8425\u9020\u51fa\u4e0d\u540c\u7684\u7b26\u53f7\u610f\u50cf\u4e5f\u89c1\u8bc1\u4e86\u897f\u95e8\u753a\u7684\u5174\u8870\uff0c\u4ece\u65e9\u671f\u7684\u65e5\u636e\u65f6\u671f\u3001\u5f71\u5267\u835f\u8403\u65f6\u671f\u3001\u7535\u5f71\u65f6\u671f\uff0c\u5230\u6700\u8fd1\u7684\u591a\u5143\u98ce\u683c\u65f6\u671f\uff0c\u7ea2\u697c\u8d70\u8fc7\u6574\u4e2a\u897f\u95e8\u5546\u5708\u7684\u7e41\u534e\u53ca\u5174\u8870\u3002\u56db\u5341\u5e74\u4ee3\uff0c\u7ea2\u697c\u7684\u5e97\u5bb6\u4e3b\u8981\u8d29\u5356\u4ee5\u65e5\u672c\u4e3a\u4e3b\u7684\u5916\u56fd\u8236\u6765\u54c1\uff0c\u5546\u54c1\u7cbe\u826f\uff0c\u6d88\u8d39\u8005\u5927\u591a\u4ee5\u65e5\u672c\u4eba\u5c45\u591a\u3002\u65e5\u672c\u6218\u8d25\u540e\uff0c\u4e94\u5341\u5e74\u4ee3\uff0c\u7ea2\u697c\u4e8c\u697c\u8f6c\u53d8\u6210\u5267\u573a\uff0c\u6f14\u51fa\u8fc7\u7684\u620f\u5267\u3001\u76f8\u58f0\u3001\u8bc4\u4e66\u3001\u4eac\u5267\u3001\u7ecd\u5174\u620f\u7b49\uff0c\u5e38\u5e38\u5ba2\u6ee1\u3002 \u66fe\u7ecf\u7e41\u82b1\u9713\u8679\u660e\u706d\u6682\u6b47\uff0c\u897f\u95e8\u7ea2\u697c\u7684\u6d3b\u529b\u3001\u521b\u610f\u3001\u9510\u6c14\u4f9d\u65e7\uff0c\u8ddf\u968f\u73af\u5883\u548c\u65f6\u4ee3\u7684\u53d8\u8fc1\u626e\u6f14\u7740\u6070\u5f53\u7684\u89d2\u8272\u3002\u4eca\u5929\u7684\u7ea2\u697c\u6210\u4e3a\u4e00\u4e2a\u5168\u65b0\u7684\u6587\u5316\u4e2d\u5fc3\uff0c\u9664\u4e86\u6f14\u51fa\u6d3b\u52a8\u4e4b\u5916\uff0c\u5341\u5b57\u697c\u5e7f\u573a\u5df2\u7ecf\u8fdb\u9a7b16\u5bb6\u5e38\u9a7b\u7684\u6587\u5316\u521b\u610f\u5e97\u5bb6\uff0c\u6709\u5e74\u8f7b\u4eba\u53d1\u6325\u521b\u610f\uff0c\u521b\u4f5c\u51fa\u72ec\u4e00\u65e0\u4e8c\u7684\u670d\u9970\u3001\u63d0\u888b\u3001\u751a\u81f3\u662f\u9676\u74f7\u827a\u54c1\u7b49\uff0c\u6253\u9020\u7ea2\u697c\u7684\u6587\u5316\u56ed\u533a\u3002 \u539f\u672c\u51b7\u6e05\u7684\u5e7f\u573a\uff0c\u6bcf\u5230\u5468\u672b\u90fd\u5438\u5f15\u4f17\u591a\u4eba\u6f6e\uff0c\u6765\u521b\u610f\u5e02\u96c6\u5bfb\u5b9d\u3002", "arriveMethod": "\u8fd0\u8f93:\u897f\u95e8\u7ad91\u53f7\u51fa\u53e3\uff0c\u6b65\u884c\u7ea61\u5206\u949f\u3002\u5176\u4ed6: 1.\u516c\u8f66\uff1a\u4e09\u91cd\u5ba2\u8fd0\uff08\u4e94\u80a1-\u53f0\u5317\u3001\u4e2d\u6e2f-\u5317\u95e8\u3001\u56de\u9f99-\u53f0\u5317\uff09\u3001\u63073\u3001\u84dd2\u3001 9\u300112\u300118\u300125\u300149\u300152\u3001201\u3001202\u3001205\u3001206\u3001209\u3001212\u3001218\u3001 221\u3001223\u3001231\u3001232\u3001233\u3001234\u3001235\u3001253\u3001257\u3001513\u3001624\u3001 621\u3001 640\uff0c\u6377\u8fd0\u897f\u95e8\u7ad9\u6216\u897f\u95e8\u5e02\u573a\u7ad9\u4e0b\u8f66\u3002", "address": "\u53f0\u5317\u5e02 \u4e07\u534e\u533a\u6210\u90fd\u8def10\u53f7"}');
INSERT INTO "city_picture" VALUES('b3c2af7a-1e8a-11e2-bcd1-e4ce8f4b5244','xi-men-hong-lou_1.jpg','/static/media/uploads/taipei/xi-men-hong-lou_1.jpg','','b3c1bf8c-1e8a-11e2-80d3-e4ce8f4b5244','2012-10-25 09:59:44.472447+00:00');
INSERT INTO "city_picture" VALUES('b3c3868f-1e8a-11e2-a8a3-e4ce8f4b5244','xi-men-hong-lou_2.jpg','/static/media/uploads/taipei/xi-men-hong-lou_2.jpg','','b3c1bf8c-1e8a-11e2-80d3-e4ce8f4b5244','2012-10-25 09:59:44.477928+00:00');
INSERT INTO "city_picture" VALUES('b3cae1b8-1e8a-11e2-bfe4-e4ce8f4b5244','xi-men-hong-lou_3.jpg','/static/media/uploads/taipei/xi-men-hong-lou_3.jpg','','b3c1bf8c-1e8a-11e2-80d3-e4ce8f4b5244','2012-10-25 09:59:44.525997+00:00');
INSERT INTO "city_picture" VALUES('b3d2e3c2-1e8a-11e2-8e3d-e4ce8f4b5244','xi-men-hong-lou_4.jpg','/static/media/uploads/taipei/xi-men-hong-lou_4.jpg','','b3c1bf8c-1e8a-11e2-80d3-e4ce8f4b5244','2012-10-25 09:59:44.578632+00:00');
INSERT INTO "city_place" VALUES('b3d7b9cc-1e8a-11e2-b6f2-e4ce8f4b5244','渔人码头','Yu Ren Ma Tou',1,5,'121.410685','25.183136','渔人码头是知名取景地，也是歌词里的常客，在此留影是必做的事之一。',6,'{"website": "www.fisherman.com.tw", "ticketInfo": "\u514d\u8d39", "openTime": "12:00~22:00", "description": "\u53f0\u6e7e\u6de1\u6c34\u6e14\u4eba\u7801\u5934\u4f4d\u4e8e\u53f0\u5317\u53bf\u6de1\u6c34\u9547\uff0c\u6de1\u6c34\u6cb3\u51fa\u6d77\u53e3\u53f3\u5cb8\uff0c\u65e7\u540d\u6de1\u6c34\u7b2c\u4e8c\u6e14\u6e2f\uff0c\u5b8c\u6210\u4e8e1986\u5e74\uff1b\u6de1\u6c34\u6e14\u4eba\u7801\u5934\u4e1c\u8fde\u5927\u5c6f\u5c71\u8109\u3001\u897f\u9694\u6de1\u6c34\u6cb3\u4e0e\u89c2\u97f3\u5c71\u76f8\u5cd9\uff0c\u95fb\u540d\u9050\u8fe9\u7684 \u201c\u6de1\u6c5f\u5915\u7167\u201d \u4e8e\u6b64\u53ef\u4ee5\u4e00\u89c8\u65e0\u4f59\uff0c\u662f\u53f0\u6e7e\u6de1\u6c34\u7684\u516b\u5927\u666f\u4e4b\u4e00\u3002\u4e3a\u6539\u5584\u6e14\u6e2f\u4f5c\u4e1a\u4e0e\u6e14\u6751\u751f\u6d3b\u73af\u5883\uff0c\u81ea1998\u5e74\u8d77\u9009\u5b9a\u6b64\u5904\u4e3a\u591a\u529f\u80fd\u793a\u8303\u6e14\u6e2f\uff0c\u5e76\u4e14\u5c06\u4e8e\u6e14\u4eba\u7801\u5934\u89c4\u5212\u6210\u4e3a\u4e00\u4e2a\u517c\u5177\u6e14\u4e1a\u53d1\u5c55\u4e0e\u89c2\u5149\u4f11\u95f2\u7684\u4f18\u8d28\u516c\u56ed\uff0c\u6210\u529f\u7684\u671d\u6e14\u6e2f\u529f\u80fd\u591a\u5143\u5316\u65b9\u5411\u53d1\u5c55\uff0c\u76ee\u524d\uff0c\u6e14\u4eba\u7801\u5934\u7ecf\u8fc7\u6574\u5730\u5174\u5efa\uff0c\u6210\u4e3a\u73b0\u5728\u53f0\u5317\u53bf\u91cd\u8981\u7684\u89c2\u5149\u6d3b\u52a8\u4f11\u95f2\u7684\u573a\u5730\uff0c\u6e14\u4eba\u7801\u5934\u8fb9\u505c\u6ee1\u4e86\u8bb8\u591a\u6e14\u8239\u53ca\u6e38\u8f6e\uff0c\u73b0\u5728\u66f4\u5e38\u6210\u4e3a\u5e7f\u544a\u7247\u62cd\u6444\u7684\u573a\u666f\u3002", "arriveMethod": "\u6377\u8fd0\u6de1\u6c34\u7ad9\uff0c\u8f6c\u4e58\u51fa\u79df\uff0c\u6216\u8f6c\u4e58\u987a\u98ce\u6e21\u8f6e\u3002", "address": "\u53f0\u6e7e \u65b0\u5317\u5e02\u6de1\u6c34\u533a\u89c2\u6d77\u8def135\u53f7"}');
INSERT INTO "city_picture" VALUES('b3d9a8a6-1e8a-11e2-a94d-e4ce8f4b5244','yu-ren-ma-tou_1.jpg','/static/media/uploads/taipei/yu-ren-ma-tou_1.jpg','','b3d7b9cc-1e8a-11e2-b6f2-e4ce8f4b5244','2012-10-25 09:59:44.623092+00:00');
INSERT INTO "city_picture" VALUES('b3da7523-1e8a-11e2-8e7b-e4ce8f4b5244','yu-ren-ma-tou_2.jpg','/static/media/uploads/taipei/yu-ren-ma-tou_2.jpg','','b3d7b9cc-1e8a-11e2-b6f2-e4ce8f4b5244','2012-10-25 09:59:44.628359+00:00');
INSERT INTO "city_picture" VALUES('b3db62d4-1e8a-11e2-af31-e4ce8f4b5244','yu-ren-ma-tou_3.jpg','/static/media/uploads/taipei/yu-ren-ma-tou_3.jpg','','b3d7b9cc-1e8a-11e2-b6f2-e4ce8f4b5244','2012-10-25 09:59:44.634453+00:00');
INSERT INTO "city_place" VALUES('b3dc7933-1e8a-11e2-a0b8-e4ce8f4b5244','阳明山国家公园','Yang Ming Shan Guo Jia Gong Yuan',1,5,'121.547740','25.155785','阳明山算不上美得出奇的地方，不过中式与日式之美兼有的风格倒很独具一格。',7,'{"website": "www.ymsnp.gov.tw", "phoneNumber": "886 2 2861 3601", "description": "\u9633\u660e\u5c71\u56fd\u5bb6\u516c\u56ed\u662f\u53f0\u6e7e\u5730\u533a\u6700\u65e9\u7684\u56fd\u5bb6\u516c\u56ed\u4e4b\u4e00\uff0c\u524d\u8eab\u4e3a\u65e5\u672c\u4fb5\u7565\u65f6\u671f\u6210\u7acb\u7684\u201c\u5927\u5c6f\u56fd\u7acb\u516c\u56ed\u201d\u3002\u9633\u660e\u516c\u56ed\u904d\u690d\u5404\u79cd\u6a31\u82b1\u4e0e\u5176\u4ed6\u82b1\u6728\uff0c\u6bcf\u5e74\u6625\u5b63\u767e\u82b1\u9f50\u653e\uff0c\u5176\u95f4\u6240\u4e3e\u884c\u7684\u9633\u660e\u5c71\u82b1\u5b63\u5747\u80fd\u5438\u5f15\u6ee1\u5c71\u4eba\u6f6e\uff0c\u4e3a\u5168\u53f0\u6700\u77e5\u540d\u7684\u8d4f\u82b1\u8282\u65e5\u4e4b\u4e00\u3002\u9633\u660e\u5c71\u516c\u56ed\u539f\u540d\u8349\u5c71\uff0c\u56e0\u76db\u4ea7\u8305\u8349\u5f97\u540d\uff0c\u540e\u4e3a\u7eaa\u5ff5\u738b\u9633\u660e\u5148\u751f\u800c\u6539\u540d\u3002\u516c\u56ed\u91c7\u7528\u4e2d\u5f0f\u5ead\u56ed\u5e03\u5c40\uff0c\u5c0f\u6865\u6d41\u6c34\u3001\u4ead\u9601\u5047\u5c71\uff0c\u662f\u5168\u53f0\u6700\u5927\u3001\u666f\u8272\u6700\u7f8e\u7684\u90ca\u91ce\u516c\u56ed\u3002\u81ea\u9a7e\uff1a\u4e0b\u53f0\u5317\uff08\u91cd\u5e86\u5317\u8def\uff09\u4ea4\u6d41\u9053\uff0c\u7ecf\u767e\u9f84\u4fa8\u3001\u4e2d\u6b63\u8def\u3001\u4ef0\u5fb7\u5927\u9053\u81f3\u9633\u660e\u5c71\uff0c\u5faa\u6307\u6807\u7eed\u884c\u53ef\u8fbe\u540e\u5c71\u516c\u56ed\uff0c\u5168\u7a0b\u7ea612\u516c\u91cc\u3002\u53e6\u5916\u6797\u8bed\u5802\u6545\u5c45\u4e5f\u5728\u9633\u660e\u5c71\u4e2d\uff0c\u63a8\u8350\u53bb\u770b\u4e00\u770b\u3002", "arriveMethod": "\u516c\u4ea4\u8f66\u642d\u4e58108\u3001109\u3001110\u3001111\uff08\u5047\u65e5\uff09\u3001219\u3001260\u3001260\uff08\u533a\u95f4\u8f66\uff09\u3001535\uff08\u526f\uff09\u3001\u5c0f9\u3001\u5c0f9\uff08\u533a\u95f4\u8f66\uff09\u3001\u7ea25\u81f3\u9633\u660e\u5c71\u7ad9\u5730\u94c1\u642d\u4e58\u6377\u8fd0\u6de1\u6c34\u7ebf\u81f3\u5251\u6f6d\u7ad9\uff0c\u8f6c\u4e58260\u3001\u7ea25\u516c\u8f66\u81f3\u9633\u660e\u5c71\u7ad9\u5373\u53ef\u5230\u8fbe", "address": "\u53f0\u6e7e \u53f0\u5317\u5e02\u5317\u6295\u533a\u7af9\u5b50\u6e56\u8def1\u4e4b20\u53f7"}');
INSERT INTO "city_picture" VALUES('b3dddde8-1e8a-11e2-84f1-e4ce8f4b5244','yang-ming-shan-guo-jia-gong-yuan_1.jpg','/static/media/uploads/taipei/yang-ming-shan-guo-jia-gong-yuan_1.jpg','','b3dc7933-1e8a-11e2-a0b8-e4ce8f4b5244','2012-10-25 09:59:44.650690+00:00');
INSERT INTO "city_picture" VALUES('b3dead7d-1e8a-11e2-aa47-e4ce8f4b5244','yang-ming-shan-guo-jia-gong-yuan_2.jpg','/static/media/uploads/taipei/yang-ming-shan-guo-jia-gong-yuan_2.jpg','','b3dc7933-1e8a-11e2-a0b8-e4ce8f4b5244','2012-10-25 09:59:44.656041+00:00');
INSERT INTO "city_picture" VALUES('b3df85fa-1e8a-11e2-b2fe-e4ce8f4b5244','yang-ming-shan-guo-jia-gong-yuan_3.jpg','/static/media/uploads/taipei/yang-ming-shan-guo-jia-gong-yuan_3.jpg','','b3dc7933-1e8a-11e2-a0b8-e4ce8f4b5244','2012-10-25 09:59:44.661547+00:00');
INSERT INTO "city_place" VALUES('b3e088a6-1e8a-11e2-8073-e4ce8f4b5244','国立台湾大学','Guo Li Tai Wan Da Xue',1,5,'121.533697','25.016984','台大应当算是台湾最人才辈出的地方了，不仅涵括了文艺科学，李登辉、马英九、陈水扁等政界名人也都毕业于此',8,'{"website": "ntu.edu.tw", "ticketInfo": "\u514d\u8d39", "openTime": "\u5168\u5929", "phoneNumber": "02-33663366", "description": "\u56fd\u7acb\u53f0\u6e7e\u5927\u5b66\u65e7\u79f0\u53f0\u5317\u5e1d\u56fd\u5927\u5b66\uff0c\u6210\u7acb\u4e8e1928\u5e74\uff0c\u53f0\u5927\u524d\u8eab\u4e3a\u6210\u7acb\u4e8e\u65e5\u636e\u65f6\u671f\uff081928\u5e74\uff09\u7684\u53f0\u5317\u5e1d\u56fd\u5927\u5b66\uff0c\u662f\u65e5\u672c\u4e5d\u6240\u5e1d\u56fd\u5927\u5b66\u4e4b\u4e00\u3002\u53f0\u6e7e\u5149\u590d\u540e\uff0c\u53f0\u5317\u5e1d\u5927\u4e8e1945\u5e74\u6539\u5236\u4e3a\u56fd\u7acb\u53f0\u6e7e\u5927\u5b66\u30021949\u5e74\u56fd\u6c11\u653f\u5e9c\u8fc1\u53f0\u540e\uff0c\u53d6\u4ee3\u4e86\u5f53\u65f6\u5c1a\u672a\u5728\u53f0\u590d\u6821\u7684\u56fd\u7acb\u4e2d\u592e\u5927\u5b66\uff0c\u6210\u4e3a\u6559\u80b2\u90e8\u8d44\u6ce8\u6700\u591a\u793e\u4f1a\u8d44\u6e90\u7684\u5927\u5b66\u3002\u73b0\u8f96\u6709\u53f0\u5317\u5e02\u5883\u5185\u7684\u56db\u5927\u6821\u533a\u4ee5\u53ca\u6eaa\u5934\u5b9e\u9a8c\u6797\uff0c\u5168\u6821\u5360\u5730\u7ea6\u8fbe\u53f0\u6e7e\u7701\u9646\u5730\u7684\u767e\u5206\u4e4b\u4e00\u3002\u53f0\u5927\u81ea\u6539\u5236\u8d77\u5373\u4ee5\u5085\u65af\u5e74\u6821\u957f\u4e3a\u4ee3\u8868\u7684\u81ea\u7531\u4e3b\u4e49\u5b66\u98ce\u8457\u79f0\uff0c\u5176\u6559\u6388\u3001\u5b66\u751f\u4e0e\u6821\u53cb\u7686\u5bf9\u5f53\u4ee3\u53f0\u6e7e\u5386\u53f2\u7684\u53d1\u5c55\u6709\u7740\u83ab\u5927\u5f71\u54cd\uff0c\u6821\u56ed\u4ea6\u4e3a\u591a\u6b21\u6c11\u4e3b\u8fd0\u52a8\u3001\u5b66\u751f\u8fd0\u52a8\u7684\u7b56\u6e90\u5730\u3002", "arriveMethod": "\u53ef\u642d\u4e58\u6de1\u6c34\u7ebf\u5f80\u65b0\u5e97\u65b9\u5411\u7684\u5217\u8f66\uff0c\u5728\u516c\u9986\u7ad9\u4e0b\u8f66\uff0c\u7531\u4e8c\u53f7\u3001\u4e09\u53f7\u51fa\u53e3\uff0c\u5373\u62b5\u8fbe\u53f0\u5927\u6821\u603b\u533a\u3002", "address": "\u53f0\u5317\u5e02 \u7f57\u65af\u798f\u8def\u56db\u6bb5\u4e00\u53f7"}');
INSERT INTO "city_picture" VALUES('b3e19d5e-1e8a-11e2-a1c8-e4ce8f4b5244','guo-li-tai-wan-da-xue_1.jpg','/static/media/uploads/taipei/guo-li-tai-wan-da-xue_1.jpg','','b3e088a6-1e8a-11e2-8073-e4ce8f4b5244','2012-10-25 09:59:44.675063+00:00');
INSERT INTO "city_picture" VALUES('b3e8f3a6-1e8a-11e2-978a-e4ce8f4b5244','guo-li-tai-wan-da-xue_2.jpg','/static/media/uploads/taipei/guo-li-tai-wan-da-xue_2.jpg','','b3e088a6-1e8a-11e2-8073-e4ce8f4b5244','2012-10-25 09:59:44.723237+00:00');
INSERT INTO "city_picture" VALUES('b3e9dc26-1e8a-11e2-88bd-e4ce8f4b5244','guo-li-tai-wan-da-xue_3.jpg','/static/media/uploads/taipei/guo-li-tai-wan-da-xue_3.jpg','','b3e088a6-1e8a-11e2-8073-e4ce8f4b5244','2012-10-25 09:59:44.729187+00:00');
INSERT INTO "city_place" VALUES('b3eb0b94-1e8a-11e2-8a38-e4ce8f4b5244','国父纪念馆','Guo Fu Ji Nian Guan',1,5,'121.560371','25.040050','我想，除了这座纪念馆外，对孙先生的最好纪念就是为他当年所提出的那些美好理想继续奋斗吧。',3,'{"website": "yatsen.gov.tw", "ticketInfo": "\u95e8\u7968: 0\u65b0\u53f0\u5e01", "openTime": "\u6bcf\u59299am\u52305pm\u5f00\u653e", "phoneNumber": "+886 2 2758 8008", "description": "\u56fd\u7236\u7eaa\u5ff5\u9986\u662f\u4e3a\u7eaa\u5ff5\u5b59\u4e2d\u5c71\u5148\u751f\u767e\u5e74\u8bde\u8fb0\uff0c\u4e8e1964\u5e74\u5f00\u59cb\u7b79\u5efa\uff0c1965\u5e74\u848b\u4ecb\u77f3\u4eb2\u81ea\u4e3b\u6301\u5960\u57fa\u5178\u793c\u30021966\u5e74\u53f0\u6e7e\u8457\u540d\u5efa\u7b51\u5e08\u738b\u5927\u95f3\u8bbe\u8ba1\uff0c1972\u5e745\u670816\u65e5\u4e3e\u884c\u843d\u6210\u5178\u793c\u30021975\u5e74\u848b\u4ecb\u77f3\u75c5\u901d\uff0c\u4e27\u793c\u4e5f\u5728\u6b64\u4e3e\u884c\u3002\u5927\u5385\u5185\u7684\u56fd\u7236\u94dc\u50cf\uff0c\u672c\u4f53\u9ad85.8\u7c73\uff0c\u603b\u9ad88.9\u7c73\uff0c\u91cd16.7\u5428\u3002\u94dc\u50cf\u57fa\u5ea7\u523b\u6709\u5b59\u4e2d\u5c71\u5148\u751f\u4eb2\u81ea\u4e66\u5199\u7684\u300a\u793c\u8bb0\u00b7\u793c\u8fd0\u300b\u9996\u6bb5\u90e8\u5206\u5185\u5bb9\uff0c\u7b2c\u4e00\u53e5\u4e3a\u201c\u5927\u9053\u4e4b\u884c\u4e5f\u201d\uff0c\u6700\u540e\u4e00\u53e5\u4e3a\u201c\u662f\u8c13\u5927\u540c\u201d\u3002\u94dc\u50cf\u4e24\u4fa7\u7acb\u6709\u201c\u4e2d\u534e\u6c11\u56fd\u9752\u5929\u767d\u65e5\u6ee1\u5730\u7ea2\u56fd\u65d7\u201d\uff0c\u7531\u201c\u4e2d\u534e\u6c11\u56fd\u4e09\u519b\u4eea\u961f\u201d\u536b\u5175\u5b88\u536b\u3002\u6bcf\u5c0f\u65f6\u6574\u70b9\u7684\u536b\u5175\u6362\u5c97\u4eea\u5f0f\uff0c\u4e5f\u662f\u975e\u5e38\u5f15\u4eba\u6ce8\u76ee\u7684\u91cd\u8981\u666f\u89c2\u3002\u4e0a\u534810\u65f6\uff0c\u89c2\u770b\u6b64\u5904\u7684\u201c\u4e2d\u534e\u6c11\u56fd\u4e09\u519b\u4eea\u961f\u201d\u7a7a\u519b\u536b\u5175\u4e0e\u6d77\u519b\u536b\u5175\u8fdb\u884c\u7684\u6362\u5c97\u4eea\u5f0f\uff0c\u6574\u4e2a\u8fc7\u7a0b\u5927\u7ea615\u5206\u949f\u3002", "arriveMethod": "\u5730\u94c1\u642d\u4e58\u6377\u8fd0\u677f\u5357\u7ebf\uff0c\u5728\u56fd\u7236\u7eaa\u5ff5\u9986\u7ad9\u4e0b\u8f66\u516c\u4ea4\u8f66\u642d\u8054\u8425\u516c\u8f66212\u3001232\u3001235\u3001254\u3001259\u3001261\u3001266\u3001281\u3001282\u3001288\u3001299\u8def\u7b49\uff0c\u5728\u56fd\u7236\u7eaa\u5ff5\u9986\u6216\u89c2\u5149\u5c40\u516d\u4e0b\u8f66\u5373\u8fbe", "address": "\u53f0\u6e7e\u53f0\u5317\u5e02\u4fe1\u4e49\u533a\u4ec1\u7231\u8def\u56db\u6bb5505\u53f7", "tips": "\u56fd\u7236\u7eaa\u5ff5\u9986\u95e8\u524d\u7684\u53f0\u9636\uff0c\u662f\u62cd\u7167\u53f0\u5317101\u5927\u697c\u7684\u6700\u4f73\u89c6\u89d2\u3002"}');
INSERT INTO "city_picture" VALUES('b3ebf1c7-1e8a-11e2-96e5-e4ce8f4b5244','guo-fu-ji-nian-guan_1.jpg','/static/media/uploads/taipei/guo-fu-ji-nian-guan_1.jpg','','b3eb0b94-1e8a-11e2-8a38-e4ce8f4b5244','2012-10-25 09:59:44.742960+00:00');
INSERT INTO "city_picture" VALUES('b3ecc5e3-1e8a-11e2-913a-e4ce8f4b5244','guo-fu-ji-nian-guan_2.jpg','/static/media/uploads/taipei/guo-fu-ji-nian-guan_2.jpg','','b3eb0b94-1e8a-11e2-8a38-e4ce8f4b5244','2012-10-25 09:59:44.748313+00:00');
INSERT INTO "city_picture" VALUES('b3edb1f3-1e8a-11e2-9a34-e4ce8f4b5244','guo-fu-ji-nian-guan_3.jpg','/static/media/uploads/taipei/guo-fu-ji-nian-guan_3.jpg','','b3eb0b94-1e8a-11e2-8a38-e4ce8f4b5244','2012-10-25 09:59:44.754335+00:00');
INSERT INTO "city_place" VALUES('b3eec680-1e8a-11e2-8f93-e4ce8f4b5244','总统府','Zong Tong Fu',1,5,'121.512169','25.040125','朱红色门廊一重又一重，笔直地通向幽暗深邃的尽头，就如同变幻莫测的官场仕途一样，总统府给人以沉重感。',3,'{"website": "www.president.gov.tw", "openTime": "\u5e73\u65e509:00~12:00\uff0811:30\u524d\u9700\u5165\u5e9c\uff09\uff0c\u5047\u65e5\u4e0d\u5b9a\u65f6\u5f00\u653e\u3002", "phoneNumber": "+886 2 2311 3731", "description": "\u4e8c\u6218\u671f\u95f4\u65e5\u672c\u4eba\u7edf\u6cbb\u53f0\u6e7e\uff0c\u5e76\u4e0d\u662f\u5355\u7eaf\u7684\u9886\u571f\u6269\u5f20\uff0c\u800c\u662f\u505a\u4e3a\u6574\u4e2a\u4e1c\u4e9a\u6b96\u6c11\u5730\u8ba1\u5212\u7684\u7b2c\u4e00\u6b65\uff0c\u56e0\u800c\u8981\u5904\u5904\u505a\u597d\uff0c\u5c06\u6765\u624d\u597d\u5c55\u793a\u7ed9\u5176\u5b83\u201c\u5f52\u987a\u201d\u7684\u65b0\u6b96\u6c11\u5730\u3002\u56e0\u4ed6\u4eec\u5b66\u4e60\u7684\u5bf9\u8c61\u662f\u897f\u65b9\uff0c\u6240\u4ee5\u5728\u53f0\u6e7e\u76d6\u4e86\u5f88\u591a\u6b27\u6d32\u5df4\u6d1b\u514b\u98ce\u683c\u7684\u5efa\u7b51\uff0c\u8fd9\u4e9b\u5efa\u7b51\u6280\u672f\u5728\u4eca\u5929\u770b\u200b\u200b\u6765\u90fd\u662f\u5f88\u6770\u51fa\u7684\u3002\u603b\u7edf\u5e9c\u662f\u65e5\u6cbb\u65f6\u671f\u7684\u603b\u7763\u5e9c\uff0c\u4e8e1919\u5e74\u5b8c\u5de5\uff0c\u5f53\u65f6\u603b\u7763\u5728\u529e\u516c\u5ba4\u9762\u5411\u4e1c\u65b9\uff0c\u53ef\u4ee5\u773a\u671b\u5230\u56db\u517d\u5c71\u4ee5\u5185\u7684\u6574\u4e2a\u53f0\u5317\u5e02\uff0c\u6bcf\u5929\u770b\u7740\u65ed\u65e5\u4e1c\u5347\uff0c\u64d8\u5212\u7740\u6c38\u7eed\u7684\u5b8f\u56fe\u4f1f\u4e1a\u3002\u4ece\u7b2c7\u4efb\u603b\u7763\u5f00\u59cb\uff0c\u603b\u5171\u670913\u4f4d\u603b\u7763\u5728\u6b64\u529e\u516c\uff0c\u5149\u590d\u540e\u7684\u5386\u4efb\u6700\u9ad8\u884c\u653f\u957f\u5b98\u4ea6\u5747\u4ee5\u6b64\u4e3a\u529e\u516c\u5730\u3002", "arriveMethod": "\u5730\u94c1\u6377\u8fd0\u81f3\u53f0\u5927\u533b\u9662\u7ad9\u4e0b", "address": "\u53f0\u6e7e\u53f0\u5317\u5e02\u4e2d\u6b63\u533a\u91cd\u5e86\u5357\u8def\u4e00\u6bb5122\u53f7"}');
INSERT INTO "city_picture" VALUES('b3efa8eb-1e8a-11e2-9205-e4ce8f4b5244','zong-tong-fu_1.jpg','/static/media/uploads/taipei/zong-tong-fu_1.jpg','','b3eec680-1e8a-11e2-8f93-e4ce8f4b5244','2012-10-25 09:59:44.767278+00:00');
INSERT INTO "city_picture" VALUES('b3f090c0-1e8a-11e2-881f-e4ce8f4b5244','zong-tong-fu_2.jpg','/static/media/uploads/taipei/zong-tong-fu_2.jpg','','b3eec680-1e8a-11e2-8f93-e4ce8f4b5244','2012-10-25 09:59:44.773217+00:00');
INSERT INTO "city_picture" VALUES('b3f167d4-1e8a-11e2-8b9b-e4ce8f4b5244','zong-tong-fu_3.jpg','/static/media/uploads/taipei/zong-tong-fu_3.jpg','','b3eec680-1e8a-11e2-8f93-e4ce8f4b5244','2012-10-25 09:59:44.778770+00:00');
INSERT INTO "city_picture" VALUES('b3f241c2-1e8a-11e2-9732-e4ce8f4b5244','zong-tong-fu_4.jpg','/static/media/uploads/taipei/zong-tong-fu_4.jpg','','b3eec680-1e8a-11e2-8f93-e4ce8f4b5244','2012-10-25 09:59:44.784245+00:00');
INSERT INTO "city_place" VALUES('b3f34cdc-1e8a-11e2-818e-e4ce8f4b5244','台北孔庙','Tai Bei Kong Miao',1,5,'121.516012','25.072357','台北孔庙传承着与我们一脉相承的儒家思想，曾经被日军破坏，后200余爱国人士合力重建才得以恢复。',3,'{"website": "ct.taipei.gov.tw", "ticketInfo": "\u95e8\u7968: 0\u65b0\u53f0\u5e01", "openTime": "\u5468\u4e8c\uff5e\u5468\u516d08:30~21:00\uff0c\u5468\u65e5\u53ca\u56fd\u5b9a\u5047\u65e508:30~17:00, \u516c\u4f11\u65e5\uff1a\u5468\u4e00", "phoneNumber": "886 2 2592 3934", "description": "\u53c2\u89c2\u5b54\u5e99\uff0c\u5f97\u5148\u7740\u773c\u4e8e\u5176\u5efa\u7b51\u827a\u672f\u3002\u4ee5\u6574\u5ea7\u5b54\u5e99\u7684\u5e03\u5c40\u6765\u770b\uff0c\u4e2d\u8f74\u7ebf\u4e0a\u7684\u4e3b\u8981\u5efa\u7b51\u4f9d\u5e8f\u4e3a\u4e07\u4ede\u5bab\u5899\u3001\u6cee\u6c60\u3001\u68c2\u661f\u95e8\u3001\u4eea\u95e8\u3001\u5927\u6210\u6bbf\u53ca\u5d07\u5723\u7960\uff1b\u4e1c\u897f\u4e24\u4fa7\u5404\u7f6e\u4e1c\u5e91\u3001\u4e1c\u53a2\u53ca\u897f\u5e91\u3001\u897f\u53a2\uff1b\u53f3\u7554\u7a7a\u5730\u4e3a\u660e\u4f26\u5802\uff0c\u4f5c\u4e3a\u96c6\u4f1a\u4e4b\u7528\u3002\u5728\u53f0\u5267\u300a\u6211\u53ef\u80fd\u4e0d\u4f1a\u7231\u4f60\u300b\u4e2d\uff0c\u8fd8\u8bb0\u5f97\u5973\u4e3b\u89d2\u7a0b\u53c8\u9752\u5728\u5b54\u5e99\u91cc\u8df3\u516b\u4f7e\u821e\u7684\u573a\u666f\u5417\uff1f\u4f4d\u4e8e\u53f0\u5317\u5e02\u5927\u540c\u533a\u7684\u4e09\u7ea7\u53e4\u8ff9\u5b54\u5e99\uff0c\u56e0\u4e3a\u8fd9\u90e8\u5f71\u89c6\u4f5c\u54c1\u6d3b\u7edc\u8d77\u6765\uff1b\u8bb0\u5f97\u7a0b\u53c8\u9752\u7a7f\u7740\u793c\u751f\u670d\u9970\uff0c\u5728\u5e84\u4e25\u8083\u7a46\u7684\u53f0\u5317\u5b54\u5e99\u5927\u6210\u6bbf\uff0c\u8fb9\u6dcb\u96e8\u8fb9\u7ec3\u4e60\u8df3\u516d\u4f7e\u821e\uff0c\u4ee5\u53ca\u5267\u4e2d\u7537\u914d\u89d2\u4e01\u7acb\u5a01\u4e0e\u7a0b\u53c8\u9752\u76f8\u8bc6\u7684\u5730\u65b9\u4e5f\u5728\u5b54\u5e99\u3002\u5b54\u5e99\u9664\u4e86\u7948\u798f\u5916\uff0c\u4e5f\u56e0\u4e3a\u300a\u6211\u53ef\u80fd\u4e0d\u4f1a\u7231\u4f60\u300b\u6210\u4e3a\u8ffd\u661f\u65cf\u4e0d\u53ef\u9519\u8fc7\u7684\u6587\u827a\u597d\u666f\u70b9\u3002", "arriveMethod": "\u642d\u4e58\u6377\u8fd0\u6de1\u6c34\u7ebf\u4e8e\u5706\u5c71\u7ad9\u4e0b\u8f66\uff0c\u7ecf\u75312\u53f7\u51fa\u53e3\u79bb\u5f00\u6377\u8fd0\u8f66\u7ad9\u540e\u53f3\u8f6c\uff0c\u5f80\u5e93\u4f26\u8857\u65b9\u5411\u884c\u8fdb\uff0c\u6b65\u884c\u7ea610\u5206\u949f\u5373\u53ef\u5230\u8fbe\u53f0\u5317\u5e02\u5b54\u5e99\uff1b\u516c\u8f66\uff1a1 .\u5927\u9f99\u5cd2\u4fdd\u5b89\u5bab\u7ad9\uff1a2\u300141\u3001215\u3001246\u3001288\u3001669\u3001811\u3001\u7ea233\u30022.\u9152\u6cc9\u8857\u7ad9\uff1a2\u30019\u300141\u3001215\u3001288\u3001669\u3001811\u3001\u7ea233\u30023.\u5e93\u4f26\u8857\u7ad9\uff1a2\u30019\u300141\u3001215\u3001246\u3001288\u3001669\u3001811\u3001\u7ea233\u3002", "address": "\u53f0\u6e7e \u53f0\u5317\u5e02\u5927\u540c\u533a\u5927\u9f99\u8857275\u53f7"}');
INSERT INTO "city_picture" VALUES('b3f42cc5-1e8a-11e2-ba78-e4ce8f4b5244','tai-bei-kong-miao_1.jpg','/static/media/uploads/taipei/tai-bei-kong-miao_1.jpg','','b3f34cdc-1e8a-11e2-818e-e4ce8f4b5244','2012-10-25 09:59:44.796910+00:00');
INSERT INTO "city_picture" VALUES('b3f52d7d-1e8a-11e2-be7e-e4ce8f4b5244','tai-bei-kong-miao_2.jpg','/static/media/uploads/taipei/tai-bei-kong-miao_2.jpg','','b3f34cdc-1e8a-11e2-818e-e4ce8f4b5244','2012-10-25 09:59:44.803396+00:00');
INSERT INTO "city_picture" VALUES('b3f61ae1-1e8a-11e2-88ba-e4ce8f4b5244','tai-bei-kong-miao_3.jpg','/static/media/uploads/taipei/tai-bei-kong-miao_3.jpg','','b3f34cdc-1e8a-11e2-818e-e4ce8f4b5244','2012-10-25 09:59:44.809371+00:00');
INSERT INTO "city_place" VALUES('b3f72687-1e8a-11e2-8493-e4ce8f4b5244','四四南村（眷村）','Si Si Nan Village',1,5,'121.561982','25.031323','青草地、斑驳的窄巷、路灯和电线杆，眷村就像一个时代标本，展示1960年代的台湾。',8,'{"website": "xydo.taipei.gov.tw", "ticketInfo": "\u514d\u8d39", "openTime": "\u6751\u5b50\u968f\u65f6\u53ef\u53bb\uff0c\u6751\u4e2d\u7684\u4fe1\u4e49\u516c\u6c11\u4f1a\u9986\u4e0a\u534809\uff1a00\u81f3\u4e0b\u534804\uff1a00\uff1b\u5468\u4e00\u4f11\u9986\u3002", "phoneNumber": "886 2 2723 7937", "description": "\u8d70\u51fa\u9ad8\u8038\u5165\u4e91\u7684\u53f0\u5317101\u5927\u697c\uff0c\u5411\u897f\u5357\u65b9\u6b65\u884c\u4e0d\u5230\u4e94\u767e\u7c73\uff0c\u6709\u4e00\u7247\u7eff\u6811\u63a9\u6620\u7684\u201c\u83dc\u5730\u201d\uff0c\u8fd9\u91cc\u4e0d\u662f\u519c\u5bb6\uff0c\u4e5f\u4e0d\u662f\u79c1\u4eba\u82b1\u56ed\uff0c\u8fd9\u91cc\u662f\u53f0\u5317\u5730\u533a\u6700\u53e4\u8001\u7684\u7737\u6751\u2014\u2014\u56db\u56db\u5357\u6751\u3002\u7737\u6751\u662f\u53f0\u6e7e\u7279\u8272\u7684\u793e\u4f1a\u751f\u6d3b\u5f62\u6001\u4e4b\u4e00\uff0c\u6cdb\u6307\u4e00\u4e5d\u56db\u4e5d\u5e74\u524d\u540e\u81ea\u5927\u9646\u5404\u5730\u8fc1\u53f0\u7684\u519b\u516c\u6559\u4eba\u5458\u805a\u96c6\u793e\u533a\u3002\u5168\u53f0\u6e7e\u516b\u767e\u591a\u5904\u7737\u6751\uff0c\u5982\u4eca\u6709\u516b\u5341\u591a\u5904\u5217\u4e3a\u4fdd\u62a4\u57fa\u5730\uff0c\u56db\u56db\u5357\u6751\u5c31\u662f\u201c\u6807\u672c\u201d\u4e4b\u4e00\u3002\u9752\u8349\u5730\u3001\u8001\u6995\u6811\uff0c\u9e1f\u8bed\u8749\u9e23\u76f8\u4f34\uff0c\u8fd8\u6709\u6591\u9a73\u7684\u7a84\u5df7\u3001\u8def\u706f\u548c\u7535\u7ebf\u6746\uff0c\u4e00\u5207\u90fd\u8ba9\u4eba\u4eff\u4f5b\u56de\u5230\u4ece\u524d\uff0c\u8fd9\u662f\u5c5e\u4e8e\u53f0\u6e7e\u7684\u4e00\u6bb5\u5386\u53f2\uff0c\u975e\u5e38\u7279\u522b\uff0c\u5982\u4eca\u4ecd\u88ab\u7ec6\u5fc3\u4fdd\u5b58\uff0c\u5728\u4fe1\u4e49\u5546\u5708\u9971\u89c8\u4e86\u53f0\u6e7e\u7684\u73b0\u5728\uff0c\u4e0d\u59a8\u53bb\u56db\u56db\u5357\u6751\u56de\u5473\u4e00\u4e0b\u53f0\u6e7e\u7684\u8fc7\u53bb\u3002", "arriveMethod": "\u642d\u4e58202\u3001207\u3001647\u3001650\u3001\u4fe1\u4e49\u5e72\u7ebf\u81f3\u4fe1\u4e49\u884c\u653f\u4e2d\u5fc3\u7ad9\uff1b\u642d\u4e581\u300122\u3001226\u3001265\u3001266\u3001288\u300133\u300137\u300138\u3001\u84dd5\u81f3\u666f\u65b0\u91cc\u7ad9\uff1b\u642d\u4e5820\u3001292\u300133\u300137\u300138\u81f3\u4fe1\u4e49\u5149\u590d\u8def\u53e3\u7ad9\u3001", "address": "\u53f0\u5317\u5e02\u4fe1\u4e49\u533a\u677e\u52e4\u885750\u53f7"}');
INSERT INTO "city_picture" VALUES('b3f81b5e-1e8a-11e2-8b73-e4ce8f4b5244','si-si-nan-cun-(juan-cun-)_1.jpg','/static/media/uploads/taipei/si-si-nan-cun-(juan-cun-)_1.jpg','','b3f72687-1e8a-11e2-8493-e4ce8f4b5244','2012-10-25 09:59:44.822329+00:00');
INSERT INTO "city_picture" VALUES('b3f8f8ab-1e8a-11e2-b920-e4ce8f4b5244','si-si-nan-cun-(juan-cun-)_2.jpg','/static/media/uploads/taipei/si-si-nan-cun-(juan-cun-)_2.jpg','','b3f72687-1e8a-11e2-8493-e4ce8f4b5244','2012-10-25 09:59:44.828291+00:00');
INSERT INTO "city_picture" VALUES('b3f9ee21-1e8a-11e2-9492-e4ce8f4b5244','si-si-nan-cun-(juan-cun-)_3.jpg','/static/media/uploads/taipei/si-si-nan-cun-(juan-cun-)_3.jpg','','b3f72687-1e8a-11e2-8493-e4ce8f4b5244','2012-10-25 09:59:44.834518+00:00');
INSERT INTO "city_place" VALUES('b3fb1d05-1e8a-11e2-825b-e4ce8f4b5244','艋舺','Meng Ga',1,5,'121.169194','25.069196','阴差阳错得以保留的这里展示了昔日艋舺和剥皮寮老街的历史，不妨去了解一下台北发源地的故事。',7,'{"ticketInfo": "\u514d\u8d39", "openTime": "7:00~22:00", "description": "\u53f0\u5317\u7684\u53d1\u5c55\u53f2\uff0c\u4e5f\u53ef\u4ee5\u770b\u4f5c\u662f\u6e2f\u53e3\u4e0d\u65ad\u8fc1\u79fb\u7684\u5386\u53f2\uff0c\u800c\u53f0\u5317\u5e02\u7684\u53d1\u6e90\u5730\uff0c\u6b63\u662f\u5728\u824b\u823a\u3002\u201c\u824b\u823a\u201d\u662f\u53f0\u6e7e\u5730\u533a\u6700\u65e9\u7684\u5c11\u6570\u6c11\u65cf\u805a\u96c6\u5730\u5e73\u57d4\u65cf\u5df4\u8d5b\u8bed\u201cBangka\u201d\u7684\u53d1\u97f3\uff0c\u5982\u4eca\u7684\u5730\u540d\u662f\u4e07\u534e\uff0c\u4f46\u5728\u95fd\u5357\u8bed\u4e2d\u4f9d\u65e7\u79f0\u8fd9\u91cc\u4e3a\u824b\u823a\u3002\u4f5c\u4e3a\u53f0\u5317\u6700\u91cd\u8981\u5bfa\u5e99\u4e4b\u4e00\u7684\u824b\u823a\u9f99\u5c71\u5bfa\u4e3a\u4f20\u7edf\u5320\u827a\u7684\u827a\u672f\u6bbf\u5802\uff0c\u524d\u6bbf\u7684\u7279\u8272\u6709\u516b\u89d2\u85fb\u4e95\u4ee5\u53ca\u5168\u53f0\u6e7e\u5730\u533a\u552f\u4e00\u7684\u94f8\u94dc\u9f99\u67f1\u5341\u5206\u7cbe\u7f8e\u3002\u5927\u6bbf\u6709\u91d1\u67f1\u6491\u8d77\u7684\u5706\u5f62\u87ba\u65cb\u72b6\u85fb\u4e95\uff0c\u76f8\u5f53\u7f55\u89c1\u3002\u5f53\u7136\uff0c\u4eca\u5929\u8bb8\u591a\u4eba\u6765\u5230\u8fd9\u91cc\u5e76\u4e0d\u662f\u4e3a\u4e86\u5230\u9f99\u5c71\u5bfa\u70e7\u9999\uff0c\u800c\u662f\u60f3\u8981\u4eb2\u773c\u770b\u4e00\u770b\u300a\u824b\u823a\u300b\u7684\u7535\u5f71\u5916\u666f\u5730\u3002", "arriveMethod": "\u6377\u8fd0\uff1a\u9f99\u5c71\u5bfa\u7ad9\uff1b\u516c\u8f66\uff1a0\u897f\u300125\u300138\u300149\u300165\u3001310\u81f3\u9f99\u5c71\u5bfa\u7ad9", "address": "\u53f0\u5317\u5e02\u4e07\u534e\u533a \u5e7f\u5dde\u8857211\u53f7"}');
INSERT INTO "city_picture" VALUES('b3fc0a66-1e8a-11e2-a5c6-e4ce8f4b5244','meng-jia_1.jpg','/static/media/uploads/taipei/meng-jia_1.jpg','','b3fb1d05-1e8a-11e2-825b-e4ce8f4b5244','2012-10-25 09:59:44.848498+00:00');
INSERT INTO "city_picture" VALUES('b3fcffa3-1e8a-11e2-b5c1-e4ce8f4b5244','meng-jia_2.jpg','/static/media/uploads/taipei/meng-jia_2.jpg','','b3fb1d05-1e8a-11e2-825b-e4ce8f4b5244','2012-10-25 09:59:44.854416+00:00');
INSERT INTO "city_picture" VALUES('b3fdbfab-1e8a-11e2-af32-e4ce8f4b5244','meng-jia_3.jpg','/static/media/uploads/taipei/meng-jia_3.jpg','','b3fb1d05-1e8a-11e2-825b-e4ce8f4b5244','2012-10-25 09:59:44.859604+00:00');
INSERT INTO "city_place" VALUES('b3feddf5-1e8a-11e2-8d39-e4ce8f4b5244','台北故事馆','Taipei Story House',1,5,'121.524643','25.073129','故事馆在一座已成古迹的房子里，定期就会办展，通过经年的物件，讲那个时代台北人的故事。',3,'{"website": "storyhouse.com.tw", "openTime": "\u5468\u4e8c\u5230\u5468\u65e510:00~17:30\u5468\u4e00\u4f11\u9986", "phoneNumber": "2-2587-5565", "description": "\u5750\u8f66\u884c\u7ecf\u4e2d\u5c71\u5317\u8def\u5e02\u7acb\u7f8e\u672f\u9986\u8fd9\u4e00\u5e26\uff0c\u6709\u680b\u82f1\u5f0f\u90fd\u94ce\u98ce\u683c\u7684\u5c0f\u5c4b\u80af\u5b9a\u80fd\u5438\u5f15\u4f60\u7684\u76ee\u5149\uff0c\u8fd9\u5c31\u662f\u53f0\u5317\u6545\u4e8b\u9986\u3002\u6545\u4e8b\u9986\u65e7\u540d\u201c\u5706\u5c71\u522b\u5e84\u201d\uff0c\u4f4d\u4e8e\u53f0\u6e7e\u7701\u53f0\u5317\u5e02\u5706\u5c71\u4e1c\u4fa7\u7f13\u5761\u7684\u57fa\u9686\u6cb3\u5357\u5cb8\uff0c\u5317\u773a\u53f0\u5317\u5251\u6f6d\u3002\u662f\u4e00\u680b\u82f1\u56fd\u90fd\u94ce\u5f0f\u6d0b\u697c\u7684\u5e02\u5b9a\u53e4\u8ff9\u3002\u8be5\u4e8c\u5c42\u697c\u5efa\u7b51\u4e00\u697c\u4e3a\u7816\u9020\uff0c\u4e8c\u697c\u5219\u4e3a\u539f\u6728\u7ed3\u6784\u3002\u56e0\u4e3a\u6709\u5176\u5c16\u5854\uff0c\u94dc\u74e6\uff0c\u5854\u697c\uff0c\u65b0\u9c9c\u7684\u8272\u5f69\u63cf\u7ed8\uff0c\u6781\u50cf\u7ae5\u8bdd\u6545\u4e8b\u4e2d\u7684\u5efa\u7b51\uff0c\u56e0\u6b64\u6709\u201c\u7ae5\u8bdd\u5976\u6cb9\u5c4b\u201d\u7684\u522b\u79f0\u3002\u81ea2003\u5e74\u8d77\uff0c\u9648\u56fd\u6148\u5f8b\u5e08\u4ee5\u63a8\u5e7f\u53e4\u8ff9\u518d\u751f\u4e3a\u7406\u5ff5\u5728\u6b64\u6210\u7acb\u201c\u53f0\u5317\u6545\u4e8b\u9986\u201d\uff0c\u5e76\u4ee5\u4e2a\u4eba\u8eab\u5206\u8d5e\u52a98\u5e74\u7684\u7ecf\u8425\u7ecf\u8d39\u8ba9\u8fd9\u680b1914\u5e74\u8d77\u9020\u5b8c\u6210\u7684\u5e02\u5b9a\u53e4\u8ff9\u5706\u5c71\u522b\u5e84\u8715\u53d8\u518d\u751f\uff0c\u6210\u70ba\u4ecb\u7ecd\u53f0\u6e7e\u751f\u6d3b\u6587\u5316\u4e0e\u63a8\u5e7f\u53e4\u8ff9\u518d\u5229\u7528\u7684\u8ff7\u4f60\u578b\u535a\u7269\u9986\uff0c\u53e4\u8ff9\u81ea\u6b64\u6709\u4e86\u65b0\u751f\u547d\u3002", "arriveMethod": "\u6377\u8fd0\uff1a\u6de1\u6c34\u7ebf\u5706\u5c71\u7ad9\u6b65\u884c\u7ea610\u5206\u949f\uff0c\u4e8e\u53f0\u5317\u5e02\u7acb\u7f8e\u672f\u9986\u65c1\uff1b\u516c\u8f66\uff1a\u642d21\u300140\u300142\u3001126\u3001203\u3001208\u3001213\u3001218\u3001220\u3001247\u3001260\u3001 277\u3001279\u3001287\u3001308\u3001310\u3001612\u3001677\u3001\u7ea22\u3001\u4e2d\u5c71\u7ebf\u3001\u535a\u7231\u516c\u8f66\u3001\u53f0\u5317-\u91d1\u5c71\u3001\u53f0\u5317-\u4e09\u829d\u81f3\u53f0\u5317\u5e02\u7acb\u7f8e\u672f\u9986\u7ad9\u4e0b\u8f66\u3002 ", "address": "\u53f0\u5317\u5e02\u4e2d\u5c71\u533a\u4e2d\u5c71\u5317\u8def\u4e09\u6bb5181\u4e4b1\u53f7"}');
INSERT INTO "city_picture" VALUES('b3ffc70c-1e8a-11e2-880f-e4ce8f4b5244','tai-bei-gu-shi-guan_1.jpg','/static/media/uploads/taipei/tai-bei-gu-shi-guan_1.jpg','','b3feddf5-1e8a-11e2-8d39-e4ce8f4b5244','2012-10-25 09:59:44.872965+00:00');
INSERT INTO "city_picture" VALUES('b400b9bd-1e8a-11e2-bc52-e4ce8f4b5244','tai-bei-gu-shi-guan_2.jpg','/static/media/uploads/taipei/tai-bei-gu-shi-guan_2.jpg','','b3feddf5-1e8a-11e2-8d39-e4ce8f4b5244','2012-10-25 09:59:44.879055+00:00');
INSERT INTO "city_place" VALUES('b401f2a1-1e8a-11e2-a162-e4ce8f4b5244','二二八和平公园','Er Er Ba He Ping Gong Yuan',1,5,'121.514875','25.041328','这里是二二八历史事件的记录地，同时这也是台北同性恋的聚集地，白先勇的《孽子》便是取材于此。',8,'{"ticketInfo": "\u514d\u8d39", "openTime": "\u5f00\u653e\u7a7a\u95f4\uff0c\u65e0\u4f11", "phoneNumber": "886 2 2389 7228", "description": "\u4e8c\u4e8c\u516b\u548c\u5e73\u516c\u56ed\u4f4d\u4e8e\u53f0\u5317\u5e02\u516c\u56ed\u8def\u3001\u8944\u9633\u8def\u3001\u6000\u5b81\u8857\u4e0e\u51ef\u8fbe\u683c\u5170\u5927\u9053\u6240\u56f4\u6210\u7684\u8857\u5ed3\u5185\uff0c\u53e4\u5178\u98ce\u683c\u7684\u90fd\u4f1a\u516c\u56ed\uff0c\u56ed\u5185\u6709\u65e5\u672c\u5ead\u56ed\u5f0f\u9020\u666f\u6c60\u5858\u3001\u62f1\u6865\u3001\u7eff\u5730\u6b65\u9053\u53ca\u9732\u5929\u97f3\u4e50\u53f0\uff0c\u800c\u53f0\u5317\u4e8c\u4e8c\u516b\u7eaa\u5ff5\u9986\u548c\u7eaa\u5ff5\u7891\u4e5f\u8bbe\u7acb\u5728\u56ed\u533a\u5185\u30021995\u5e74\uff0c\u674e\u524d\u603b\u7edf\u4ee3\u8868\u653f\u5e9c\uff0c\u5728228\u7eaa\u5ff5\u7891\u524d\u5411\u53d7\u96be\u5bb6\u5c5e\u81f4\u6b49\uff0c\u540c\u5e74\u5185\uff0c\u524d\u53f0\u5317\u5e02\u957f\u9648\u6c34\u6241\u4e5f\u5c06\u300c\u53f0\u5317\u65b0\u516c\u56ed\u300d\u6539\u540d\u4e3a\u300c\u4e8c\u4e8c\u516b\u548c\u5e73\u516c\u56ed\u300d\u5e0c\u671b\u501f\u6b64\u5b89\u6170\u53d7\u96be\u8005\u5bb6\u5c5e\u5fc3\u4e2d\u7684\u54c0\u75db\uff0c\u66f4\u5e0c\u671b\u540e\u4ee3\u5b50\u5b59\u80fd\u8bb0\u53d6\u5386\u53f2\u6559\u8bad\uff0c\u5171\u540c\u4e3a\u53f0\u6e7e\u7684\u524d\u9014\u548c\u4eba\u6c11\u594b\u6597\u3002\u516c\u56ed\u957f\u4e45\u4ee5\u6765\u4e5f\u4e00\u76f4\u662f\u53f0\u5317\u5e02\u540c\u6027\u604b\u8005\u6700\u4e3b\u8981\u7684\u805a\u96c6\u573a\u4e4b\u4e00\uff0c\u88ab\u6635\u79f0\u4e3a\u300c\u516c\u53f8\u300d\uff08\u610f\u6307\u6bcf\u5929\u90fd\u8981\u53bb\u4e0a\u73ed\u7684\u5730\u65b9\uff09\uff0c\u4e0d\u8fc7\uff0c\u540c\u6027\u604b\u8005\u5728\u6b64\u8fdb\u884c\u793e\u4ea4\u6d3b\u52a8\u7684\u5386\u53f2\u5df2\u4e0d\u53ef\u8003\u3002\u767d\u5148\u52c7\u7684\u6587\u5b66\u540d\u8457\u5c0f\u8bf4\u300a\u5b7d\u5b50\u300b\u4e2d\u7684\u6545\u4e8b\u573a\u666f\uff0c\u6b63\u662f\u4ee5\u8be5\u516c\u56ed\u4e3a\u821e\u53f0\u3002", "arriveMethod": "\u5730\u94c1\u6377\u8fd0\u6de1\u6c34\u7ebf\u53f0\u5927\u533b\u9662\u7ad9\u7684\u51fa\u53e31\u4e0e\u51fa\u53e34\uff0c\u5373\u8bbe\u4e8e\u4e8c\u4e8c\u516b\u548c\u5e73\u516c\u56ed\u4e1c\u4fa7\u3001\u516c\u56ed\u8def\u897f\u4fa7\uff0c\u51fa\u7ad9\u540e\u53ef\u4ee5\u76f4\u63a5\u8fdb\u5165\u516c\u56ed\u516c\u4ea4\u8f661\u300118\u300120\u3001222\u3001236\u3001237\u3001241\u3001243\u3001244\u3001245\u3001249\u3001251\u3001263\u3001513\u3001532\u3001621\u3001644\u3001651\u3001670\u3001706\u81f3\u6377\u8fd0\u53f0\u5927\u533b\u9662\u7ad9", "address": "\u53f0\u6e7e \u53f0\u5317\u5e02\u4e2d\u6b63\u533a\u51ef\u8fbe\u683c\u5170\u5927\u90533\u53f7"}');
INSERT INTO "city_picture" VALUES('b402fb17-1e8a-11e2-8988-e4ce8f4b5244','er-er-ba-he-ping-gong-yuan_1.jpg','/static/media/uploads/taipei/er-er-ba-he-ping-gong-yuan_1.jpg','','b401f2a1-1e8a-11e2-a162-e4ce8f4b5244','2012-10-25 09:59:44.893929+00:00');
INSERT INTO "city_picture" VALUES('b403dbd9-1e8a-11e2-b38e-e4ce8f4b5244','er-er-ba-he-ping-gong-yuan_2.jpg','/static/media/uploads/taipei/er-er-ba-he-ping-gong-yuan_2.jpg','','b401f2a1-1e8a-11e2-a162-e4ce8f4b5244','2012-10-25 09:59:44.899480+00:00');
INSERT INTO "city_picture" VALUES('b404b5c7-1e8a-11e2-ad8f-e4ce8f4b5244','er-er-ba-he-ping-gong-yuan_3.jpg','/static/media/uploads/taipei/er-er-ba-he-ping-gong-yuan_3.jpg','','b401f2a1-1e8a-11e2-a162-e4ce8f4b5244','2012-10-25 09:59:44.905226+00:00');
INSERT INTO "city_picture" VALUES('b405ad35-1e8a-11e2-a240-e4ce8f4b5244','er-er-ba-he-ping-gong-yuan_4.jpg','/static/media/uploads/taipei/er-er-ba-he-ping-gong-yuan_4.jpg','','b401f2a1-1e8a-11e2-a162-e4ce8f4b5244','2012-10-25 09:59:44.911222+00:00');
INSERT INTO "city_place" VALUES('b406b3b3-1e8a-11e2-bee8-e4ce8f4b5244','好样棒棒','VVG BonBon',2,5,'121.549974','25.043596','童话般梦幻的布景加上甜蜜可口的各式甜食，简直令女生幸福到要晕倒。',7,'{"ticketInfo": "\u4eba\u5747180\u65b0\u53f0\u5e01", "openTime": "\u5468\u4e00\u5230\u5468\u4e9412:00 ~21:00\uff0c\u5468\u516d\u3001\u5468\u65e511:00 ~21:00", "phoneNumber": "886 2 2711 4505 \u200e", "description": "\u8001\u677fGrace\u5f53\u5e74\u4ece\u7535\u5f71\u300a\u739b\u4e3d\u7687\u540e\u300b\u4e2d\u5f97\u5230\u542f\u53d1\uff0c\u5c31\u5f00\u4e86\u8fd9\u95f4\u6cd5\u5f0f\u751c\u70b9\u5e97\u3002\u63a8\u95e8\u5165\u5e97\uff0c\u77ac\u95f4\u50cf\u6253\u5f00\u4e86\u9b54\u6cd5\u4e4b\u95e8\uff0c\u95ef\u8fdb\u4e86\u7ae5\u8bdd\u7684\u4e16\u754c\u2014\u2014\u70ab\u76ee\u7684\u88c5\u6f62\u3001\u5de8\u578b\u7684\u7cd6\u679c\u5854\u3001\u7cbe\u81f4\u7684\u9910\u5177\u548c\u4eb2\u5207\u7684\u5e97\u5458\uff0c\u4e00\u5207\u90fd\u50cf\u8fdb\u5165\u4e86\u53e6\u5916\u4e00\u4e2a\u4e16\u754c\u3002\u9664\u4e86\u7cd6\u679c\uff0c\u8fd9\u91cc\u8fd8\u63d0\u4f9b\u5404\u8272\u8f7b\u98df\u5957\u9910\uff0c\u4e00\u5230\u4e2d\u5348\u548c\u4e0b\u5348\u8336\u65f6\u95f4\uff0c\u5973\u5b69\u5b50\u90fd\u7ed3\u4f34\u524d\u6765\u5403\u7740\u2018\u676f\u5b50\u86cb\u7cd5\u2019\u804a\u6084\u6084\u8bdd\uff0c\u53ef\u4ee5\u758f\u89e3\u5de5\u4f5c\u538b\u529b\uff0c\u7136\u540e\u628a\u751c\u871c\u597d\u5fc3\u60c5\u5e26\u56de\u73b0\u5b9e\u4e16\u754c\u3002\u738b\u724c\u4ea7\u54c1\u201c\u676f\u5b50\u86cb\u7cd5\u201d\u6709\u677e\u5b50\u9ed1\u7cd6\u3001\u6930\u9999\u5976\u6cb9\u3001\u7126\u7cd6\u5de7\u514b\u529b\u53ca\u9999\u6599\u82f9\u679c\u7b49\u591a\u79cd\u53e3\u5473\uff0c\u5927\u7ea6\u4e0b\u53482\u70b9\u51fa\u7089\uff0c\u5230\u9ec4\u660f\u65f6\u5c31\u4f1a\u8d29\u552e\u4e00\u7a7a\u3002\u53e6\u59164\u6b3e\u5957\u9910\u7684\u547d\u540d\u4e5f\u5341\u5206\u6709\u8da3\uff0c\u5206\u522b\u53eb\u505a\u201c\u68d2\u201d\u3001\u201c\u68d2\u68d2\u201d\u3001\u201c\u68d2\u68d2\u68d2\u201d\u548c\u201c\u68d2\u68d2\u68d2\u68d2\u201d\uff0c\u9910\u70b9\u5305\u62ec\u7117\u829d\u58eb\u4e73\u916a\u5854\u3001\u610f\u5927\u5229\u9762\u7b49\u8f7b\u98df\uff0c\u518d\u642d\u914d\u8272\u62c9\u3001\u6c64\u3001\u679c\u6c41\u548c\u201c\u676f\u5b50\u86cb\u7cd5\u201d\u3002", "arriveMethod": "\u5730\u94c1\u6377\u8fd0\u201c\u5fe0\u5b5d\u6566\u5316\u201d\u7ad97\u53f7\u51fa\u53e3\uff0c\u5168\u5bb6\u4fbf\u5229\u5e97\u9694\u51e0\u4e2a\u94fa\u4f4d", "address": "\u53f0\u6e7e \u53f0\u5317\u5e02\u5927\u5b89\u533a\u6566\u5316\u5357\u8def\u4e00\u6bb5161\u5df713\u53f7"}');
INSERT INTO "city_picture" VALUES('b40790fd-1e8a-11e2-a51a-e4ce8f4b5244','hao-yang-bang-bang_1.jpg','/static/media/uploads/taipei/hao-yang-bang-bang_1.jpg','','b406b3b3-1e8a-11e2-bee8-e4ce8f4b5244','2012-10-25 09:59:44.923946+00:00');
INSERT INTO "city_picture" VALUES('b408660a-1e8a-11e2-9761-e4ce8f4b5244','hao-yang-bang-bang_2.jpg','/static/media/uploads/taipei/hao-yang-bang-bang_2.jpg','','b406b3b3-1e8a-11e2-bee8-e4ce8f4b5244','2012-10-25 09:59:44.929390+00:00');
INSERT INTO "city_picture" VALUES('b4097307-1e8a-11e2-8344-e4ce8f4b5244','hao-yang-bang-bang_3.jpg','/static/media/uploads/taipei/hao-yang-bang-bang_3.jpg','','b406b3b3-1e8a-11e2-bee8-e4ce8f4b5244','2012-10-25 09:59:44.935578+00:00');
INSERT INTO "city_picture" VALUES('b40a56f3-1e8a-11e2-8553-e4ce8f4b5244','hao-yang-bang-bang_4.jpg','/static/media/uploads/taipei/hao-yang-bang-bang_4.jpg','','b406b3b3-1e8a-11e2-bee8-e4ce8f4b5244','2012-10-25 09:59:44.942115+00:00');
INSERT INTO "city_picture" VALUES('b40b2d99-1e8a-11e2-bd07-e4ce8f4b5244','hao-yang-bang-bang_5.jpg','/static/media/uploads/taipei/hao-yang-bang-bang_5.jpg','','b406b3b3-1e8a-11e2-bee8-e4ce8f4b5244','2012-10-25 09:59:44.947624+00:00');
INSERT INTO "city_place" VALUES('b40c5030-1e8a-11e2-a5dc-e4ce8f4b5244','袖珍博物馆','Xiu Zhen Bo Wu Guan',1,5,'121.536295','25.050395','这些袖珍的建筑及人，用心呈现着每一个或伟大深刻、或温馨平凡的场景，小而精致，逼真得令人惊叹。',3,'{"website": "www.mmot.com.tw/", "ticketInfo": "\u6210\u4eba\u7968: 180\u65b0\u53f0\u5e01; \u4f18\u5f85\u7968: 150\u65b0\u53f0\u5e01; \u513f\u7ae5\u7968: 100\u65b0\u53f0\u5e01", "openTime": "\u6bcf\u592910\uff1a00\u523018\uff1a00\u5f00\u653e", "phoneNumber": "02-25150583", "description": "\u8896\u73cd\u535a\u7269\u9986\u7684\u7f18\u8d77\u662f\u56e0\u4e3a\u9986\u957f\u6797\u6587\u4ec1\u592b\u5987\u65c5\u884c\u5230\u963f\u59c6\u65af\u7279\u4e39\u65f6\uff0c\u4e00\u4ef6\u4ef6\u7cbe\u96d5\u7ec6\u7422\u3001\u6829\u6829\u5982\u751f\u7684\u8896\u73cd\u827a\u672f\u54c1\u5438\u5f15\u4e86\u4ed6\u4eec\u7684\u76ee\u5149\uff0c\u4ece\u6b64\u4e4b\u540e\uff0c\u4ed6\u4eec\u5c31\u5f00\u59cb\u641c\u96c6\u8896\u73cd\u827a\u672f\u54c1\uff0c\u56e0\u6b64\u6210\u7acb\u8896\u73cd\u535a\u7269\u9986\uff0c\u8896\u73cd\u535a\u7269\u9986\u662f\u4e9a\u6d32\u9996\u5ea7\u3001\u4e16\u754c\u7b2c\u4e8c\u5360\u5730\u7ea6200\u591a\u576a\u6536\u85cf\u5f53\u4ee3\u8896\u73cd\u827a\u672f\u54c1\u53ca\u5a03\u5a03\u5c4b\u7684\u79c1\u4eba\u535a\u7269\u9986\u3002\u8896\u73cd\u535a\u7269\u9986\u4f4d\u4e8e\u53f0\u5317\u5e02\u4e2d\u5c71\u533a\u5efa\u56fd\u5317\u8def\uff0c\u662f\u53f0\u6e7e\u4e5f\u662f\u4e9a\u6d32\u7b2c\u4e00\u5ea7\u4e13\u95e8\u6536\u85cf\u5f53\u4ee3\u8896\u73cd\u827a\u672f\u54c1\u7684\u535a\u7269\u9986\uff0c\u91cc\u9762\u6709200\u591a\u4ef6\u4ece\u4e16\u754c\u5404\u5730\u641c\u96c6\u6765\u7684\u8896\u73cd\u827a\u672f\u54c1\uff0c\u5176\u89c4\u6a21\u4ec5\u6b21\u4e8e\u7f8e\u56fd\uff0c\u5c45\u4e16\u754c\u7b2c\u4e8c\u4f4d\u3002", "arriveMethod": "\u6377\u8fd0\u5357\u4eac\u4e1c\u8def\u7ad9\uff0c\u6cbf\u5357\u4eac\u4e1c\u8def\u5f80\u5706\u73af\u65b9\u5411\u81f3\u5efa\u56fd\u5317\u8def\u5de6\u8f6c\uff0c\u6b65\u884c\u7ea610\u5206\u949f\uff1b.\u516c\u8f66\uff1a46\u3001 248\u3001254\u3001266\u3001279\u3001282\u3001288\u3001292\u3001306\u3001307\u3001604\u3001605\u3001622\u3001652\u3001668\u3001675\u3001711\u3001\u7ea225\u3001\u68d59\u81f3\u5357\u4eac\u5efa\u56fd\u8def\u53e3\uff0c41\u300152\u3001202\u3001203\u3001 205\u3001257\u81f3\u4e2d\u5c71\u5973\u4e2d\uff0c5\u300141\u300149\u300172\u3001203\u3001290\u3001505\u3001527\u3001642\u3001643\u81f3\u5357\u4eac\u677e\u6c5f\u8def\u53e3", "address": "104\u53f0\u6e7e\u53f0\u5317\u4e2d\u5c71\u533a\u5efa\u56fd\u5317\u8def\u4e00\u6bb596\u865f"}');
INSERT INTO "city_picture" VALUES('b40d3823-1e8a-11e2-849d-e4ce8f4b5244','xiu-zhen-bo-wu-guan_1.jpg','/static/media/uploads/taipei/xiu-zhen-bo-wu-guan_1.jpg','','b40c5030-1e8a-11e2-a5dc-e4ce8f4b5244','2012-10-25 09:59:44.961107+00:00');
INSERT INTO "city_picture" VALUES('b40e1187-1e8a-11e2-bf3e-e4ce8f4b5244','xiu-zhen-bo-wu-guan_2.jpg','/static/media/uploads/taipei/xiu-zhen-bo-wu-guan_2.jpg','','b40c5030-1e8a-11e2-a5dc-e4ce8f4b5244','2012-10-25 09:59:44.966523+00:00');
INSERT INTO "city_picture" VALUES('b40edb0c-1e8a-11e2-861c-e4ce8f4b5244','xiu-zhen-bo-wu-guan_3.jpg','/static/media/uploads/taipei/xiu-zhen-bo-wu-guan_3.jpg','','b40c5030-1e8a-11e2-a5dc-e4ce8f4b5244','2012-10-25 09:59:44.971717+00:00');
INSERT INTO "city_place" VALUES('b40fee0c-1e8a-11e2-93ec-e4ce8f4b5244','好样餐厅','VVG Birtro',2,5,'121.549872','25.043982','从门前的粉色小面的到室内座椅的斜纹，无一不用心得好样餐厅自然赚得食客欣赏。',7,'{"ticketInfo": "\u5468\u672b\u65e9\u5348\u9910540\u65b0\u53f0\u5e01", "openTime": "\u4f9b\u9910\uff0c\u5468\u4e00\uff5e\u5468\u4e9412:00~23:00\uff0c\u5468\u516d\u3001\u5468\u65e5 11:00~23:00\u3002\u65e9\u5348\u9910\uff0c\u5468\u516d\u3001\u5468\u65e511:00~16:00", "phoneNumber": "886-2-8773-3533", "description": "\u597d\u6837\u9910\u5385\u662f\u7531\u51e0\u4e2a\u505a\u5e7f\u544a\u3001\u8bbe\u8ba1\u7684\u521b\u610f\u4eba\u73a9\u51fa\u6765\u7684\uff0c\u5145\u6ee1\u4e86\u540e\u73b0\u4ee3\u7684\u6298\u8877\u4e3b\u4e49( Electicism ) \u7cbe\u795e\u800c\u98ce\u683c\u72ec\u5177\uff1b\u5728\u98df\u7269\u7684\u6599\u7406\u4e0a\u5219\u4e13\u4e1a\u800c\u4e0d\u542b\u7cca\uff1b\u5f00\u653e\u5f0f\u7684\u53a8\u623f\u8ba9\u4eba\u4e00\u8fdb\u6765\u5c31\u98df\u6307\u5927\u52a8\u3002\u9910\u5385\u91cc\u9762\u5230\u5904\u53ef\u4ee5\u770b\u5230\u4e3b\u4eba\u4eec\u7684\u521b\u610f\uff1a\u4e0d\u7edf\u4e00\u7684\u5bb6\u5177\u5145\u6ee1\u4e86\u4e50\u8da3\uff0c\u503c\u5f97\u73a9\u5473\u518d\u4e09\uff1b\u5899\u4e0a\u7684\u753b\u4f5c\u548c\u7c89\u5f69\u58c1\u753b\u90fd\u51fa\u4e8e\u8001\u677f\u7684\u827a\u672f\u5bb6\u670b\u53cb\u4e4b\u624b\uff0c\u4e14\u4e0d\u5b9a\u65f6\u66f4\u6362\uff1b\u8fd8\u6709\u6237\u5916\u82b1\u6728\u6276\u758f\u7684\u9662\u5b50\u5f25\u6f2b\u7740\u65e0\u5c3d\u7684\u60a0\u95f2\u3002", "arriveMethod": "\u6377\u8fd0\u5fe0\u5b5d\u6566\u5316\u7ad98\u53f7\u53e3\u51fa\uff0c\u738b\u724c\u4fdd\u9f84\u7403\u9644\u8fd1", "address": "\u53f0\u6e7e\u53f0\u5317\u5e02\u5927\u5b89\u533a\u5fe0\u5b5d\u4e1c\u8def\u56db\u6bb5181\u5df740\u5f0420\u53f7"}');
INSERT INTO "city_picture" VALUES('b410dc54-1e8a-11e2-b8ec-e4ce8f4b5244','hao-yang-can-ting_1.jpg','/static/media/uploads/taipei/hao-yang-can-ting_1.jpg','','b40fee0c-1e8a-11e2-93ec-e4ce8f4b5244','2012-10-25 09:59:44.984834+00:00');
INSERT INTO "city_picture" VALUES('b411c18a-1e8a-11e2-8ec8-e4ce8f4b5244','hao-yang-can-ting_2.jpg','/static/media/uploads/taipei/hao-yang-can-ting_2.jpg','','b40fee0c-1e8a-11e2-93ec-e4ce8f4b5244','2012-10-25 09:59:44.990582+00:00');
INSERT INTO "city_picture" VALUES('b4129a61-1e8a-11e2-9d1e-e4ce8f4b5244','hao-yang-can-ting_3.jpg','/static/media/uploads/taipei/hao-yang-can-ting_3.jpg','','b40fee0c-1e8a-11e2-93ec-e4ce8f4b5244','2012-10-25 09:59:44.996333+00:00');
INSERT INTO "city_place" VALUES('b4189354-1e8a-11e2-812a-e4ce8f4b5244','女巫店','Nv Wu Dian',2,5,'121.533701','25.020515','唱红了张悬、唱红了苏打绿的女巫店并没有因此大牌起来，她依旧卖着平价的月经冰茶，挑战你的味蕾与幽默感。',7,'{"website": "http://www.witchhouse.org/", "openTime": "\u5468\u65e5\uff5e\u5468\u4e09\uff1a\u4e2d\u534811:00\uff5e\u665a\u4e0a12:00\uff0c\u5468\u56db\uff5e\u5468\u516d\uff1a\u4e2d\u534811:00\uff5e\u665a\u4e0a1:00", "phoneNumber": "+886 2 2362 5494 \u200e", "description": "\u8bb8\u591a\u4eba\u90fd\u5f88\u70ed\u7231\u53f0\u6e7e\u7684\u6b4c\u624b\u4e0e\u4e50\u56e2\uff0c\u6709\u4e9b\u73b0\u5728\u5f88\u706b\u7684\uff0c\u5374\u662f\u4ece\u9ed8\u9ed8\u65e0\u540d\u5f00\u59cb\uff0c\u4e0d\u7ba1\u662f\u9648\u7eee\u8d1e\u3001\u82cf\u6253\u7eff\u30011976\u3001\u81ea\u7136\u5377\u3001Tizzy bac\u3001\u5f20\u60ac\u3001\u8fd9\u4f4d\u592a\u592a\u7b49\uff0c\u7edd\u5bf9\u4e0d\u80fd\u9519\u8fc7\u5728\u53f0\u5927\u8fb9\u8fb9\u8fd9\u4e00\u89d2\u7684\u5723\u5730\u3002\u5973\u5deb\u5e97\u548c\u697c\u4e0a\u7684\u5973\u4e66\u5e97\u90fd\u662f\u4ee5\u5973\u6027\u4e3a\u51fa\u53d1\u70b9\u7684\uff0c\u5973\u4e66\u5e97\u4e13\u5356\u548c\u5973\u6027\u4e3b\u4e49\u76f8\u5173\u7684\u4e66\u7c4d\uff0c\u800c\u5973\u5deb\u5e97\u4e5f\u4ee5\u8fd9\u6837\u7684\u4e3b\u9898\u5f00\u5c55\u51fa\u4e00\u5bb6\u9910\u5385\u3001\u8868\u6f14\u3001\u4e66\u7c4d\u7684\u827a\u6587\u6027\u9910\u5385\u3002\u8fd9\u91cc\u7684\u9910\u70b9\u867d\u7136\u7b80\u5355\uff0c\u8bf4\u5b9e\u5728\u4e5f\u6ca1\u6709\u4ec0\u9ebd\u51fa\u5f69\u7684\u5730\u65b9\uff0c\u53ea\u662f\u770b\u7740\u6446\u8bbe\u5c31\u53ef\u4ee5\u611f\u53d7\u5230\u4ed6\u660e\u663e\u7684\u4e0d\u540c\u3002\u706f\u5149\u660f\u9ec4\uff0c\u5f88\u9002\u5408\u70b9\u676f\u996e\u6599\u5927\u5bb6\u4e00\u8d77\u804a\u804a\u5929\uff0c\u5e97\u5185\u4e5f\u6709\u684c\u6e38\u3001\u6742\u5fd7\u7b49\u53ef\u4ee5\u4f9b\u5927\u5bb6\u4e00\u8d77\u6d88\u78e8\u65f6\u5149\u3002", "arriveMethod": "\u5730\u94c1\u5750\u6377\u8fd0\u5230\u516c\u9986\u7ad9\uff0c\u5728\u56db\u53f7\u51fa\u53e3\u642d642 280 284\u7b49\u6709\u7ecf\u8fc7\u516c\u52a1\u4eba\u529b\u53d1\u5c55\u4e2d\u5fc3\u7684\u8f66\u90fd\u53ef\u5230\uff0c\u5728\u53f0\u5927\u4f53\u80b2\u9986\u5bf9\u9762", "address": "\u53f0\u6e7e \u53f0\u5317\u5e02\u5927\u5b89\u533a\u65b0\u751f\u5357\u8def\u4e09\u6bb556\u5df77\u53f7"}');
INSERT INTO "city_picture" VALUES('b4196f87-1e8a-11e2-a8eb-e4ce8f4b5244','nu-wu-dian_1.jpg','/static/media/uploads/taipei/nu-wu-dian_1.jpg','','b4189354-1e8a-11e2-812a-e4ce8f4b5244','2012-10-25 09:59:45.040946+00:00');
INSERT INTO "city_picture" VALUES('b41a3f7d-1e8a-11e2-bb79-e4ce8f4b5244','nu-wu-dian_2.jpg','/static/media/uploads/taipei/nu-wu-dian_2.jpg','','b4189354-1e8a-11e2-812a-e4ce8f4b5244','2012-10-25 09:59:45.046275+00:00');
INSERT INTO "city_picture" VALUES('b41b2268-1e8a-11e2-a094-e4ce8f4b5244','nu-wu-dian_3.jpg','/static/media/uploads/taipei/nu-wu-dian_3.jpg','','b4189354-1e8a-11e2-812a-e4ce8f4b5244','2012-10-25 09:59:45.052054+00:00');
INSERT INTO "city_picture" VALUES('b41c138a-1e8a-11e2-ba96-e4ce8f4b5244','nu-wu-dian_4.jpg','/static/media/uploads/taipei/nu-wu-dian_4.jpg','','b4189354-1e8a-11e2-812a-e4ce8f4b5244','2012-10-25 09:59:45.058290+00:00');
INSERT INTO "city_place" VALUES('b41d3e17-1e8a-11e2-9ad9-e4ce8f4b5244','台北动物园','Taipei Zoo',1,5,'121.581069','24.998855','随处可见的动物卡通画才是这里的看点，世界上大概只有台北的动物园可以萌得这样自然。',3,'{"website": "www.zoo.gov.tw/", "ticketInfo": "\u5168\u7968/60\u65b0\u53f0\u5e01\u3001\u4f18\u5f85\u7968/30\u65b0\u53f0\u5e01", "openTime": "\u56ed\u533a09:00-17:00\uff0c\u5c55\u793a\u998609:00-16:30", "phoneNumber": "02-29382300", "description": "\u53f0\u5317\u5e02\u7acb\u52a8\u7269\u56ed\u5730\u5904\u90ca\u5916\u662f\u4e16\u754c\u524d\u5341\u5927\u90fd\u5e02\u578b\u7684\u52a8\u7269\u56ed\u4e4b\u4e00\uff0c\u642d\u6377\u8fd0\u6728\u6805\u7ebf\u5230\u6700\u540e\u4e00\u7ad9\u5c31\u53ef\u4ee5\u62b5\u8fbe\u3002\u8fd9\u91cc\u4f9d\u5c71\u508d\u6c34\u3001\u73af\u5883\u6e05\u5e7d\uff0c\u56e0\u4e3a\u5360\u636e\u7740\u6574\u5ea7\u5c71\uff0c\u8981\u901b\u5b8c\u53ef\u5f97\u82b1\u5e97\u529f\u592b\u5462\u3002\u56ed\u533a\u5185\u6709\u8d85\u8fc7\u56db\u767e\u79cd\u7684\u52a8\u7269\uff0c\u5206\u5e03\u5728\u4e03\u4e2a\u5ba4\u5185\u5c55\u793a\u9986\u548c8\u4e2a\u6237\u5916\u5c55\u793a\u533a\u4e2d\uff0c", "arriveMethod": "\u6377\u8fd0\u6587\u6e56\u7ebf-\u52a8\u7269\u56ed\u7ad9\u4e0b\u8f66\uff1b\u6216\u6377\u8fd0\u677f\u5357\u7ebf-\u5e02\u653f\u5e9c\u7ad9\u4e0b\u8f66\uff0c\u518d\u8f6c\u4e58\u7eff1\u6216\u68d518\u516c\u8f66\u3002\u516c\u8f66\uff1a\u642d\u4e58236\u3001237\u3001282\u3001294\u3001295\u3001611\u3001676\u3001\u5c0f12\u3001\u68d518\u3001\u68d515\u3001\u68d511\u3001\u68d56\u3001\u68d53\u3001\u7eff1\u7b49\u8def\u7ebf\uff0c\u5728\u52a8\u7269\u56ed\u7ad9\u4e0b\u8f66\u3002", "address": "\u53f0\u5317\u5e02 \u65b0\u5149\u8def\u4e8c\u6bb530\u53f7"}');
INSERT INTO "city_picture" VALUES('b41eacee-1e8a-11e2-ba6b-e4ce8f4b5244','tai-bei-dong-wu-yuan_1.jpg','/static/media/uploads/taipei/tai-bei-dong-wu-yuan_1.jpg','','b41d3e17-1e8a-11e2-9ad9-e4ce8f4b5244','2012-10-25 09:59:45.075152+00:00');
INSERT INTO "city_picture" VALUES('b41f9135-1e8a-11e2-9083-e4ce8f4b5244','tai-bei-dong-wu-yuan_2.jpg','/static/media/uploads/taipei/tai-bei-dong-wu-yuan_2.jpg','','b41d3e17-1e8a-11e2-9ad9-e4ce8f4b5244','2012-10-25 09:59:45.081069+00:00');
INSERT INTO "city_picture" VALUES('b42084b0-1e8a-11e2-8404-e4ce8f4b5244','tai-bei-dong-wu-yuan_3.jpg','/static/media/uploads/taipei/tai-bei-dong-wu-yuan_3.jpg','','b41d3e17-1e8a-11e2-9ad9-e4ce8f4b5244','2012-10-25 09:59:45.086965+00:00');
INSERT INTO "city_picture" VALUES('b42168d9-1e8a-11e2-b242-e4ce8f4b5244','tai-bei-dong-wu-yuan_4.jpg','/static/media/uploads/taipei/tai-bei-dong-wu-yuan_4.jpg','','b41d3e17-1e8a-11e2-9ad9-e4ce8f4b5244','2012-10-25 09:59:45.093318+00:00');
INSERT INTO "city_place" VALUES('b4229d35-1e8a-11e2-8431-e4ce8f4b5244','捷运南港站','Nankang Station',1,5,'121.60656','25.052052','绘满几米漫画《地下铁》的南港站是每一个几米粉都要到此一游的地方。',7,'{"description": "\u8fd8\u8bb0\u5f97\u51e0\u7c73\u7684\u300a\u5730\u4e0b\u94c1\u300b\u5417\uff1f\u4ed6\u7ea4\u7ec6\u800c\u611f\u6027\u7684\u7ed8\u672c\u4f5c\u54c1\u89e6\u52a8\u8bb8\u591a\u90fd\u5e02\u4eba\u7684\u5fc3\uff0c\u4e5f\u8574\u542b\u53f0\u5317\u7e41\u5fd9\u5927\u90fd\u4f1a\u4e2d\u6709\u6e29\u6696\u4eba\u60c5\u5473\u7684\u4e00\u9762\u3002\u5bf9\u4e8e\u4ed6\u7684\u4e66\u8ff7\u6765\u9996\uff0c\u4ee5\u51e0\u7c73\u58c1\u753b\u4f5c\u4e3b\u9898\u7684\u6377\u8fd0\u5357\u6e2f\u7ad9\u662f\u975e\u770b\u4e0d\u53ef\u7684\u3002\u8fd9\u662f\u53f0\u6e7e\u8bbe\u7f6e\u6377\u8fd0\u516c\u5171\u827a\u672f\u4ee5\u6765\uff0c\u9996\u6b21\u5c06\u672c\u571f\u521b\u4f5c\u8005\u7684\u7ecf\u5178\u4f5c\u54c1\u878d\u5165\u8f66\u7ad9\u8bbe\u8ba1\uff0c\u662f\u53f0\u5317\u6700\u503c\u5f97\u53c2\u89c2\u7684\u6377\u8fd0\u7ad9\u3002\u5357\u6e2f\u6377\u8fd0\u7ad9\u6574\u4f53\u98ce\u683c\u5f88\u660e\u4eae\uff0c\u7ad9\u5185\u5145\u6ee1\u51e0\u7c73\u7684\u5927\u578b\u58c1\u753b\uff0c\u5357\u6e2f\u7ad9\u4e8c\u53f7\u51fa\u53e3\u7684\u9636\u68af\uff0c\u5c06\u5386\u5e74\u4f5c\u54c1\u4e2d\u7684\u4ee3\u8868\u6027\u4eba\u7269\uff0c\u878d\u5408\u6210\u4e3a\u4e00\u5e45\u4ec5\u5357\u6e2f\u7ad9\u72ec\u6709\u7684\u58c1\u753b\u3002\u6211\u6700\u559c\u6b22\u7684\u662f\u6708\u53f0\u4e0a\u51e0\u7c73\u7ecf\u5178\u4f5c\u54c1\u300a\u5730\u4e0b\u94c1\u300b\u7684\u753b\u9762\uff0c\u9a91\u7740\u626b\u5e1a\u7684\u5973\u5deb\u5728\u5730\u94c1\u8f66\u53a2\u5916\u98de\u8fc7\uff0c\u5373\u4f7f\u5750\u5728\u8f66\u53a2\u5185\uff0c\u4e5f\u4f1a\u770b\u7740\u7a97\u5916\u7684\u753b\u9762\u5fae\u7b11\u3002", "arriveMethod": "\u5730\u94c1\u6377\u8fd0\u5357\u6e2f\u7ebf\u5357\u6e2f\u7ad9", "address": "\u53f0\u5317\u5e02\u5357\u6e2f\u5340\u5fe0\u5b5d\u6771\u8def\u4e03\u6bb5"}');
INSERT INTO "city_picture" VALUES('b4237ee1-1e8a-11e2-be3d-e4ce8f4b5244','jie-yun-nan-gang-zhan_1.jpg','/static/media/uploads/taipei/jie-yun-nan-gang-zhan_1.jpg','','b4229d35-1e8a-11e2-8431-e4ce8f4b5244','2012-10-25 09:59:45.107036+00:00');
INSERT INTO "city_picture" VALUES('b4246fcf-1e8a-11e2-8ae8-e4ce8f4b5244','jie-yun-nan-gang-zhan_2.jpg','/static/media/uploads/taipei/jie-yun-nan-gang-zhan_2.jpg','','b4229d35-1e8a-11e2-8431-e4ce8f4b5244','2012-10-25 09:59:45.112794+00:00');
INSERT INTO "city_picture" VALUES('b42541f8-1e8a-11e2-9ddf-e4ce8f4b5244','jie-yun-nan-gang-zhan_3.jpg','/static/media/uploads/taipei/jie-yun-nan-gang-zhan_3.jpg','','b4229d35-1e8a-11e2-8431-e4ce8f4b5244','2012-10-25 09:59:45.118540+00:00');
INSERT INTO "city_picture" VALUES('b4262e61-1e8a-11e2-82b9-e4ce8f4b5244','jie-yun-nan-gang-zhan_4.jpg','/static/media/uploads/taipei/jie-yun-nan-gang-zhan_4.jpg','','b4229d35-1e8a-11e2-8431-e4ce8f4b5244','2012-10-25 09:59:45.124418+00:00');
INSERT INTO "city_place" VALUES('b4277607-1e8a-11e2-b858-e4ce8f4b5244','Hello Kitty Sweets餐厅','Hello Kitty Sweets',2,5,'121.545986','25.040757','这是一家甜蜜得令人尖叫的店，只是短暂围观一下也会听到至少十个路人发出：“哇，好可爱！”这样的赞叹。',7,'{"ticketInfo": "\u4eba\u5747300\u65b0\u53f0\u5e01", "openTime": "11:30-22:00", "phoneNumber": "02-27111132", "description": "\u8fd9\u5bb6\u4ee5\u201cCute Kitty Fashion\u201d\u4e3a\u4e3b\u9898\u7684\u9910\u5385\u53ef\u4ee5\u8bf4\u662f\u76f8\u5f53\u9c9c\u660e\u7684\u5b58\u5728\uff0c\u5973\u5b69\u5b50\u4eec\u770b\u5230\u662f\u7edd\u5bf9\u8981\u5c16\u53eb\u7684\u3002\u9996\u5148\u5c31\u9020\u578b\u6765\u8bf4\uff0c\u9910\u5385\u5728\u6574\u4f53\u5916\u89c2\u9020\u578b\u88c5\u6f62\u4e0a,\u786e\u5b9e\u4e0b\u4e86\u5f88\u5927\u7684\u5de5\u592b\u3002 \u4e0d\u4ec5Hello Kitty\u7684\u4e3b\u9898\u65e0\u5904\u4e0d\u5728\uff0c\u5c31\u8fde\u5f88\u591a\u88c5\u6f62\u5c0f\u7ec6\u8282\u90fd\u6709\u60ca\u559c\uff0c\u6bd4\u65b9\u4ed6\u867d\u662f\u6574\u9762\u7684\u7c89\u7ea2\u8272\u5899,\u4f46\u6ce8\u610f\u770b\u4e0a\u9762\u90fd\u6709\u60ca\u53f9\u53f7\u5462!\u5e97\u91cc\u9664\u4e86\u684c\u6905\u5bb6\u9970\u6709Kitty\u9020\u578b\u5916,\u5f88\u591a\u5730\u65b9\u50cf\u662f\u706f\u5177\u6216\u662f\u7384\u5173\u751a\u81f3\u7eb8\u5dfe\u4e0a\u4e5f\u90fd\u5370\u7740\u53ef\u7231\u7684Kitty\u5a03\u5a03\u4f5c\u70b9\u7f00\uff0c\u79d2\u6740\u76f8\u673a\u5185\u5b58\u6839\u672c\u6beb\u65e0\u538b\u529b\u3002\u95e8\u53e3\u53f3\u8fb9\u6a71\u7a97\u91cc\u6ee1\u662fHello Kitty\u9020\u578b\u7684\u86cb\u7cd5, \u4e0d\u4ec5\u5916\u578b\u53ef\u7231, \u5403\u8d77\u6765\u4e5f\u76f8\u5f53\u53ef\u53e3\u3002\u9910\u70b9\u66f4\u662f\u5c06\u53ef\u7231\u9020\u578b\u53d1\u6325\u5230\u4e86\u6781\u81f4\uff0c\u8ba9\u4f60\u4eab\u53d7\u7f8e\u5473\u7684\u540c\u65f6\uff0c\u53c8\u8d4f\u5fc3\u60a6\u76ee\uff0c\u5fc3\u60c5\u5927\u597d\u80c3\u53e3\u81ea\u7136\u5927\u5f00\uff0c\u5728\u8fd9\u91cc\u5750\u4e0a\u4e00\u4e2a\u4e0b\u5348\u4e00\u70b9\u4e5f\u4e0d\u4f1a\u89c9\u5f97\u817b\u3002", "arriveMethod": "\u6377\u8fd0\u677f\u5357\u7ebf\"\u5fe0\u5b5d\u590d\u5174\"\u7ad93\u53f7\u51fa\u53e3", "address": "\u53f0\u5317\u5e02\u5927\u5b89\u8def\u4e00\u6bb590\u53f7"}');
INSERT INTO "city_picture" VALUES('b4288478-1e8a-11e2-a114-e4ce8f4b5244','hello_kitty_sweetscan-ting_1.jpg','/static/media/uploads/taipei/hello_kitty_sweetscan-ting_1.jpg','','b4277607-1e8a-11e2-b858-e4ce8f4b5244','2012-10-25 09:59:45.139939+00:00');
INSERT INTO "city_picture" VALUES('b42957fd-1e8a-11e2-a0e8-e4ce8f4b5244','hello_kitty_sweetscan-ting_2.jpg','/static/media/uploads/taipei/hello_kitty_sweetscan-ting_2.jpg','','b4277607-1e8a-11e2-b858-e4ce8f4b5244','2012-10-25 09:59:45.145341+00:00');
INSERT INTO "city_picture" VALUES('b42a2e66-1e8a-11e2-9e05-e4ce8f4b5244','hello_kitty_sweetscan-ting_3.jpg','/static/media/uploads/taipei/hello_kitty_sweetscan-ting_3.jpg','','b4277607-1e8a-11e2-b858-e4ce8f4b5244','2012-10-25 09:59:45.150786+00:00');
INSERT INTO "city_picture" VALUES('b42af1b5-1e8a-11e2-85ab-e4ce8f4b5244','hello_kitty_sweetscan-ting_4.jpg','/static/media/uploads/taipei/hello_kitty_sweetscan-ting_4.jpg','','b4277607-1e8a-11e2-b858-e4ce8f4b5244','2012-10-25 09:59:45.155809+00:00');
INSERT INTO "city_picture" VALUES('b42bbe2b-1e8a-11e2-b3b5-e4ce8f4b5244','hello_kitty_sweetscan-ting_5.jpg','/static/media/uploads/taipei/hello_kitty_sweetscan-ting_5.jpg','','b4277607-1e8a-11e2-b858-e4ce8f4b5244','2012-10-25 09:59:45.160992+00:00');
INSERT INTO "city_place" VALUES('b42cbcdc-1e8a-11e2-a259-e4ce8f4b5244','Piece of Cake','Piece of Cake',2,5,'121.519311','25.052343','全台北最好吃的卷心蛋糕就在这里，口感细腻，美味的不可思议。',7,'{"website": "http://www.piece-cake.idv.tw/cake.htm", "ticketInfo": "\u4eba\u5747180\u65b0\u53f0\u5e01", "openTime": "10:00~22:00\uff0c\u65e0\u4f11\u606f\u65e5", "phoneNumber": "02-2559-798", "description": "Piece of Cake\u7684\u5377\u86cb\u575a\u6301\u7528\u9ad8\u7ea7\u9762\u7c89\u3001\u5f53\u65e5\u65b0\u9c9c\u4e0b\u86cb\u7684\u53f0\u6e7e\u571f\u9e21\u86cb\u53ca\u6700\u9c9c\u6d53\u7684\u7eaf\u725b\u5976\u5976\u6cb9\uff0c\u4e0d\u542b\u4efb\u4f55\u9632\u8150\u5242\u5e76\u5168\u4eba\u624b\u5de5\u5236\u9020\uff0c\u88ab\u79f0\u4e3a\u662f\u6700\u597d\u5403\u7684\u5377\u5fc3\u86cb\u7cd5\u3002\u5c3d\u7ba1\u5df7\u5f04\u9690\u5bc6\uff0c\u5730\u70b9\u5728\u6377\u8fd0\u7ad9\u65c1\u7684\u725b\u4e73\u5927\u738b\u540e\u9762\u5c0f\u5df7\u5b50\u91cc\uff0c\u4e0d\u8fc7\u5f53\u4f60\u8d70\u5230\u5df7\u53e3\uff0c\u6cbf\u9014\u90fd\u4f1a\u6709\u6307\u6807\u544a\u8bc9\u4f60\u600e\u4e48\u8d70\uff0c\u5e97\u5bb6\u6709\u63d0\u4f9b\u65e0\u7ebf\u4e0a\u7f51\uff0c\u5f88\u9002\u5408\u6765\u8fd9\u91cc\u5ea6\u8fc7\u4e00\u4e2a\u60a0\u95f2\u7684\u5348\u540e\u3002\u63a8\u8350\u5355\u54c1\uff1a\u5377\u5fc3\u86cb\u7cd5\u3001\u86cb\u7cd5\u5377\u3001\u67e0\u6aac\u8d77\u53f8\u5377\u3001\u5de7\u514b\u529b\u7c73\u9999\u3001\u5e03\u4e01\u539f\u5473\u5377\u3002", "arriveMethod": "\u6377\u8fd0\u4e2d\u5c71\u7ad91\u53f7\u51fa\u53e3\u4e8e\u6377\u8fd0\u5927\u9053\u53f3\u8f6c\u5165\u5357\u4eac\u897f\u8def18\u5f044\u5df7\u518d\u76f4\u884c\u89c1\u6307\u793a\u724c\u53f3\u8f6c\u5373\u662f ", "address": " \u53f0\u5317\u5e02\u5927\u540c\u533a\u5357\u4eac\u897f\u8def64\u5df79\u5f0419\u53f7"}');
INSERT INTO "city_picture" VALUES('b42db675-1e8a-11e2-86f0-e4ce8f4b5244','piece_of_cake_1.jpg','/static/media/uploads/taipei/piece_of_cake_1.jpg','','b42cbcdc-1e8a-11e2-a259-e4ce8f4b5244','2012-10-25 09:59:45.173965+00:00');
INSERT INTO "city_picture" VALUES('b42e8402-1e8a-11e2-9eab-e4ce8f4b5244','piece_of_cake_2.jpg','/static/media/uploads/taipei/piece_of_cake_2.jpg','','b42cbcdc-1e8a-11e2-a259-e4ce8f4b5244','2012-10-25 09:59:45.179245+00:00');
INSERT INTO "city_picture" VALUES('b42f5c38-1e8a-11e2-aa6c-e4ce8f4b5244','piece_of_cake_3.jpg','/static/media/uploads/taipei/piece_of_cake_3.jpg','','b42cbcdc-1e8a-11e2-a259-e4ce8f4b5244','2012-10-25 09:59:45.184666+00:00');
INSERT INTO "city_picture" VALUES('b4304d28-1e8a-11e2-b834-e4ce8f4b5244','piece_of_cake_4.jpg','/static/media/uploads/taipei/piece_of_cake_4.jpg','','b42cbcdc-1e8a-11e2-a259-e4ce8f4b5244','2012-10-25 09:59:45.190756+00:00');
INSERT INTO "city_place" VALUES('b4314f5c-1e8a-11e2-b9ce-e4ce8f4b5244','天母生活市集','Tian Mu Life Market',4,5,'121.529983','25.118671','好的跳蚤市场就像一颗美人痣，因为长在美人脸上，不但不丑，反而给城市增添了一份韵味，比方天母。',6,'{"website": "http://weekendtianmu.blogspot.com/", "openTime": "\u6bcf\u5468\u4e9416:00~22:00\uff1b\u6bcf\u5468\u516d\u65e9\u573a09:00~15:00\u3001\u665a\u573a16:00~22:00\uff1b\u6bcf\u5468\u65e515 :00~21:00 ", "description": "\u6709\u8df3\u86a4\u5e02\u573a\u7684\u57ce\u5e02\u6c14\u8d28\u7279\u522b\u4e0d\u4e00\u6837\uff0c\u5982\u5df4\u9ece\uff0c\u5982\u4f26\u6566\uff0c\u50cf\u662f\u7f8e\u4eba\u773c\u89d2\u7684\u4e00\u9897\u5c0f\u75e3\uff0c\u4e3a\u57ce\u5e02\u6dfb\u4e0a\u4e00\u4efd\u61d2\u6d0b\u6d0b\u7684\u611f\u89c9\u3002\u5929\u6bcd\u751f\u6d3b\u5e02\u96c6\uff08\u58eb\u6797\u533a\u5929\u6bcd\u897f\u8def\u4e00\u53f7\uff0c\u5929\u6bcd\u897f\u8def\u505c\u8f66\u573a\uff0c\u661f\u671f\u516d 3pm-10pm\uff0c\u661f\u671f\u65e52pm-9pm\uff09\u5c31\u662f\u53f0\u5317\u7684\u75e3\u3002\u201c\u5728\u8fd9\u91cc\uff0c\u6ca1\u6709\u8fc7\u5206\u7684\u5546\u4e1a\u5305\u88c5\uff0c\u6709\u7684\u662f\u521b\u4f5c\u8005\u5bf9\u7406\u60f3\u7684\u575a\u6301\uff01\u97f3\u4e50\u3001\u5f71\u50cf\u3001\u8bbe\u8ba1\uff0c\u53ef\u4ee5\u76f4\u63a5\u611f\u53d7\u5230\u521b\u4f5c\u8005\u548c\u68a6\u60f3\u7684\u5bf9\u8bdd\u3002\u201d\u571f\u751f\u571f\u957f\u5728\u53f0\u5317\u7684Doris\u51e0\u4e4e\u6bcf\u5468\u672b\u90fd\u5230\u5929\u6bcd\u751f\u6d3b\u5e02\u96c6\u6d88\u78e8\u65f6\u95f4\u3002\u8fd9\u4e2a\u5206\u4e3a\u521b\u610f\u5e02\u96c6\u533a\u4e0e\u8df3\u86a4\u4e8c\u624b\u5e02\u96c6\u533a\u7684\u5468\u672b\u5e02\u96c6\uff0c\u4e00\u65b9\u9762\u6709\u6765\u81ea\u53f0\u6e7e\u5404\u5730\u7684\u521b\u4f5c\u8005\uff0c\u5e26\u6765\u5404\u79cd\u5145\u6ee1\u4e2a\u6027\u7684\u4f5c\u54c1\uff1b\u800c\u4e8c\u624b\u5e02\u96c6\u4e5f\u540c\u6837\u5438\u5f15\uff0c\u5bb6\u5bb6\u6237\u6237\u50cf\u662f\u628a\u5bb6\u4e2d\u6742\u7269\u623f\u5c31\u5e26\u5230\u5e02\u96c6\uff0c\u8fd0\u6c14\u597d\u7684\u8bdd\u8fd8\u53ef\u80fd\u9047\u89c1\u5356\u53e4\u8463\u76ae\u5177\u7684\u6863\u4e3b\u3002", "arriveMethod": "\u6377\u8fd0\u829d\u5c71\u7ad9\u8f6c\u4e58\u7684\u58eb\uff0c\u8f66\u7a0b\u7ea65-10\u5206\u949f\u3002", "address": "\u53f0\u5317\u5e02\u58eb\u6797\u533a\u5929\u6bcd\u897f\u8def\u3001\u4e2d\u5c71\u5317\u8def\u4e03\u6bb5\u8def\u53e3"}');
INSERT INTO "city_picture" VALUES('b43243cf-1e8a-11e2-a12a-e4ce8f4b5244','tian-mu-sheng-huo-shi-ji_1.jpg','/static/media/uploads/taipei/tian-mu-sheng-huo-shi-ji_1.jpg','','b4314f5c-1e8a-11e2-b9ce-e4ce8f4b5244','2012-10-25 09:59:45.203670+00:00');
INSERT INTO "city_picture" VALUES('b4331300-1e8a-11e2-a4fe-e4ce8f4b5244','tian-mu-sheng-huo-shi-ji_2.jpg','/static/media/uploads/taipei/tian-mu-sheng-huo-shi-ji_2.jpg','','b4314f5c-1e8a-11e2-b9ce-e4ce8f4b5244','2012-10-25 09:59:45.209104+00:00');
INSERT INTO "city_picture" VALUES('b433e957-1e8a-11e2-9912-e4ce8f4b5244','tian-mu-sheng-huo-shi-ji_3.jpg','/static/media/uploads/taipei/tian-mu-sheng-huo-shi-ji_3.jpg','','b4314f5c-1e8a-11e2-b9ce-e4ce8f4b5244','2012-10-25 09:59:45.214599+00:00');
INSERT INTO "city_place" VALUES('b4350463-1e8a-11e2-a23c-e4ce8f4b5244','九份','Jiu Fen',1,5,'121.843440','25.107589','能令动画大师宫崎骏一见钟情，将其绘制在作品当中，你便知道九份是有多美了。',8,'{"description": "\u8fd9\u91cc\u66fe\u6709\u8fc7\u6dd8\u91d1\u70ed\uff0c\u5174\u76db\u4e00\u65f6\uff0c\u800c\u540e\u5982\u5176\u4ed6\u77ff\u4ea7\u57ce\u5e02\u4e00\u6837\uff0c\u968f\u7740\u5b9d\u85cf\u7684\u6316\u6398\u6b86\u5c3d\uff0c\u57ce\u9547\u6e10\u6e10\u8d25\u843d\uff0c\u76f4\u52301990\u5e74\u4faf\u5b5d\u8d24\u7684\u300a\u60b2\u60c5\u57ce\u5e02\u300b\uff0c\u8fd9\u91cc\u624d\u91cd\u65b0\u88ab\u4eba\u5fc6\u8d77\u3002\u4e5d\u4efd\u7684\u8001\u8857\u6563\u53d1\u7740\u6d53\u6d53\u7684\u95fd\u5357\u8bdd\u91cc\u7684\u201c\u53e4\u65e9\u201d\u6c14\u606f\uff0c\u5f88\u591a\u5e97\u94fa\u7684\u88c5\u6f62\u90fd\u76f8\u5f53\u6000\u65e7\uff0c\u8ba9\u4eba\u4eff\u4f5b\u7a7f\u8d8a\u56de\u5230\u51e0\u5341\u5e74\u524d\u3002\u5728\u4e00\u5207\u671d\u7740\u73b0\u4ee3\u5316\u5954\u817e\u7684\u6d6e\u8e81\u5e74\u4ee3\uff0c\u8fd9\u79cd\u6709\u610f\u601d\u7684\u6c89\u6dc0\u548c\u5bf9\u6587\u5316\u7684\u56de\u6f6e\u4fdd\u62a4\u5b9e\u5728\u662f\u5f88\u4ee4\u4eba\u6b23\u6170\u7684\u4e00\u4ef6\u4e8b\u3002\u56e0\u4e3a\u80cc\u5c71\u9762\u6d77\uff0c\u98ce\u5149\u5353\u7edd\uff0c\u8fd9\u4e9b\u5982\u4eca\u5df2\u7ecf\u6210\u4e3a\u5ea6\u5047\u5c0f\u57ce\u7684\u7f8e\u4e3d\u6240\u5728\uff0c\u4e5f\u5438\u5f15\u7740\u5f88\u591a\u827a\u672f\u5bb6\u524d\u5f80\u5bfb\u627e\u7075\u611f\u3002\u6700\u503c\u5f97\u4e00\u8bd5\u7684\uff0c\u662f\u6d77\u8fb9\u534a\u5c71\u4e0a\u7684\u90a3\u4e9b\u522b\u5177\u7279\u8272\u7684\u8336\u697c\uff1a\u627e\u4e00\u4e2a\u9694\u7a97\u4e34\u6d77\u7684\u5ea7\u4f4d\uff0c\u82b1\u5341\u51e0\u4e2a\u65b0\u53f0\u5e01\u70b9\u4e0a\u4e00\u4efd\u4e5d\u4efd\u6700\u5730\u9053\u7684\u751c\u54c1\u201c\u828b\u5706\u201d\u5c1d\u5c1d\uff08\u636e\u8bf4\uff0c\u5f88\u591a\u5f53\u5730\u4eba\u6765\u4e5d\u4efd\uff0c\u90fd\u4f1a\u5403\u5b8c\u518d\u5e26\u56de\u5bb6\u4e00\u4efd\u5462\uff09\uff0c\u8fd8\u6709\u828b\u7cbf\uff0c\u8349\u4ed4\u7cbf\uff0c\u7ea2\u7cdf\u8089\u5706\uff0c\u9ed1\u7cd6\u9ebb\u7cec\u2026\u2026\u7136\u540e\u770b\u6d77\uff0c\u76f4\u5230\u591c\u8272\u964d\u4e34\uff0c\u4f60\u4f1a\u53d1\u73b0\u4e5d\u4efd\u7684\u591c\u666f\u4e4b\u7f8e\u3002", "arriveMethod": "\u53f0\u94c1\u81f3\u745e\u82b3\u7ad9\uff08\u8f66\u8d3952-80NT\uff0c\u8017\u65f645\u5206\u949f\uff09\uff0c\u8fc7\u9a6c\u8def\u8f6c\u4e58\u5f80\u91d1\u74dc\u77f3\u7684\u57fa\u9686\u5ba2\u8fd0\u81f3\u4e5d\u4efd\uff0c\u8f66\u8d3922NT\uff0c\u8f66\u7a0b15\u5206\u949f\u3002", "address": "\u53f0\u6e7e\u65b0\u5317\u5e02 \u745e\u82b3\u533a"}');
INSERT INTO "city_picture" VALUES('b435eb82-1e8a-11e2-9af0-e4ce8f4b5244','jiu-fen_1.jpg','/static/media/uploads/taipei/jiu-fen_1.jpg','','b4350463-1e8a-11e2-a23c-e4ce8f4b5244','2012-10-25 09:59:45.227724+00:00');
INSERT INTO "city_picture" VALUES('b436b28a-1e8a-11e2-a0b8-e4ce8f4b5244','jiu-fen_2.jpg','/static/media/uploads/taipei/jiu-fen_2.jpg','','b4350463-1e8a-11e2-a23c-e4ce8f4b5244','2012-10-25 09:59:45.232840+00:00');
INSERT INTO "city_picture" VALUES('b437a685-1e8a-11e2-9ab4-e4ce8f4b5244','jiu-fen_3.jpg','/static/media/uploads/taipei/jiu-fen_3.jpg','','b4350463-1e8a-11e2-a23c-e4ce8f4b5244','2012-10-25 09:59:45.238951+00:00');
INSERT INTO "city_picture" VALUES('b4388e28-1e8a-11e2-aea7-e4ce8f4b5244','jiu-fen_4.jpg','/static/media/uploads/taipei/jiu-fen_4.jpg','','b4350463-1e8a-11e2-a23c-e4ce8f4b5244','2012-10-25 09:59:45.244703+00:00');
INSERT INTO "city_place" VALUES('b439948a-1e8a-11e2-86a7-e4ce8f4b5244','十分','Shi Fen',1,5,'121.77673','25.043095','许多人只知去平溪放天灯，其实十分才是天灯的起源地，每天都有人慕名而来，用写了愿望的孔明灯点缀天空。',8,'{"description": "\u8bb8\u591a\u5916\u5730\u4eba\u53ea\u77e5\u53bb\u5e73\u6eaa\u653e\u5929\u706f\uff0c\u5176\u5b9e\u5929\u706f\u7684\u53d1\u6e90\u5730\u662f\u5341\u5206\uff0c\u6bcf\u5929\u90fd\u6709\u6155\u540d\u6765\u653e\u5929\u706f\u7684\u6709\u5fc3\u4eba\uff0c\u70b9\u7f00\u5929\u7a7a\u3002\u5341\u5206\u65e7\u79f0\u300c\u5341\u5206\u5bee\u300d\uff0c\u53ea\u662f\u5e73\u6eaa\u4e61\u4e00\u4e2a\u5c0f\u6751\u843d\uff0c\u4f46\u56e0\u70ba\u62e5\u6709\u4e00\u5ea7\u300c\u5341\u5206\u7011\u5e03\u300d\uff0c\u800c\u95fb\u540d\u9050\u8fe9\u3002\u5e73\u6eaa\u4e61\u5411\u6765\u6709\u300c\u7011\u5e03\u4e4b\u4e61\u300d\u7684\u7f8e\u8a89\uff0c\u5341\u5206\u7011\u5e03\u662f\u5e73\u6eaa\u4e61\u6700\u5927\u7684\u7011\u5e03\uff0c\u5341\u5206\u7ad9\u5219\u662f\u5e73\u6eaa\u7ebf\u6700\u5927\u7684\u8f66\u7ad9\uff0c\u8f66\u7ad9\u5e7f\u9614\uff0c\u94c1\u8f68\u4ea4\u9519\uff0c\u53ef\u4ee5\u8ba9\u4e0a\u4e0b\u884c\u7684\u706b\u8f66\u5728\u6b64\u4f1a\u8f66\u3002\u5341\u5206\u8001\u8857\u5e76\u4e0d\u50cf\u4e00\u822c\u7684\u8001\u8857\u4ee5\u65e7\u5e74\u4ee3\u7684\u5efa\u7b51\u7269\u6765\u5438\u5f15\u6e38\u5ba2\u76ee\u5149\uff0c\u800c\u662f\u4ee5\u5168\u53f0\u72ec\u4e00\u65e0\u4e8c\u7684\u706b\u8f66\u95e8\u524d\u8fc7\u7684\u8857\u9053\u5947\u666f\u800c\u95fb\u540d\u3002\u8001\u8857\u8857\u9053\u72ed\u7a84\uff0c\u706b\u8f66\u5c31\u4ece\u4e24\u6392\u623f\u5b50\u7684\u4e2d\u95f4\u901a\u8fc7\u3002", "arriveMethod": "\u53f0\u94c1\u745e\u82b3\u7ad9\uff0c\u8f6c\u4e58\u5e73\u6eaa\u7ebf\u5c0f\u706b\u8f66\u81f3\u5341\u5206\u7ad9\u4e0b\u8f66\uff0c\u6bcf\u59298:31-22:10\u8fd0\u8425\uff0c\u4e00\u65e5\u5238\u8f66\u8d3954NT\u3002\u5305\u8f66\u6bcf\u8f662000-2500NT\u3002", "address": "\u53f0\u6e7e \u65b0\u5317\u5e02\u5e73\u6eaa\u533a\u5341\u5206\u8857157\u53f7"}');
INSERT INTO "city_picture" VALUES('b43a8085-1e8a-11e2-bec5-e4ce8f4b5244','shi-fen_1.jpg','/static/media/uploads/taipei/shi-fen_1.jpg','','b439948a-1e8a-11e2-86a7-e4ce8f4b5244','2012-10-25 09:59:45.257776+00:00');
INSERT INTO "city_picture" VALUES('b43badc5-1e8a-11e2-ae50-e4ce8f4b5244','shi-fen_2.jpg','/static/media/uploads/taipei/shi-fen_2.jpg','','b439948a-1e8a-11e2-86a7-e4ce8f4b5244','2012-10-25 09:59:45.264917+00:00');
INSERT INTO "city_picture" VALUES('b43c9c66-1e8a-11e2-ad10-e4ce8f4b5244','shi-fen_3.jpg','/static/media/uploads/taipei/shi-fen_3.jpg','','b439948a-1e8a-11e2-86a7-e4ce8f4b5244','2012-10-25 09:59:45.271597+00:00');
INSERT INTO "city_place" VALUES('b43db602-1e8a-11e2-9e4e-e4ce8f4b5244','莺歌','Ying Ge',1,5,'121.349991','24.950013','这是台版的景德镇，人们栖居于此，传承着古老的手艺，过着与时空无关的日子，安逸闲适。',8,'{"tips": "\u60f3\u8981\u6b23\u8d4f\u6700\u7f8e\u7684\u9676\u74f7\u7cbe\u54c1\uff0c\u53ef\u8981\u548c\u5546\u5bb6\u6df7\u719f\u624d\u884c\u3002", "description": "\u8bb8\u591a\u4eba\u5230\u53f0\u6e7e\u4e4b\u524d\uff0c\u90fd\u6ca1\u6709\u542c\u8fc7\u83ba\u6b4c\u8fd9\u4e2a\u540d\u5b57\u3002\u4e00\u5f00\u59cb\u4ee5\u4e3a\u662f\u201c\u9e66\u54e5\u201d\uff0c\u540e\u6765\u8bc1\u5b9e\u8fd9\u4e2a\u5730\u540d\u679c\u7136\u662f\u7531\u4e00\u5757\u9177\u4f3c\u9e66\u9e49\u7684\u5927\u77f3\u5934\u800c\u6765\u3002\u83ba\u6b4c\u76db\u4ea7\u9676\u74f7\uff0c\u5982\u540c\u53f0\u6e7e\u7684\u666f\u5fb7\u9547\uff0c\u5404\u7c7b\u9676\u74f7\u5236\u54c1\u9f50\u805a\uff0c\u6709\u4e00\u4e2a\u9986\u85cf\u4e30\u5bcc\u7684\u9676\u74f7\u535a\u7269\u9986\u3002\u53e6\u5916\u9676\u74f7\u8001\u8857\u4f4d\u4e8e\u6587\u5316\u8def\u4ee5\u53ca\u5c16\u5c71\u57d4\u8def\u4e0a\u4e00\u5e26\uff0c\u4e3a\u83ba\u6b4c\u9676\u4e1a\u6700\u65e9\u805a\u96c6\u5730\uff0c\u5171\u6709\u4e00\u767e\u591a\u5bb6\u9676\u74f7\u5546\u5e97\uff0c\u5b9b\u5982\u4e00\u5ea7\u751f\u6d3b\u9676\u74f7\u535a\u7269\u9986\uff0c\u6709\u5404\u5177\u7279\u8272\u7684\u7cbe\u81f4\u95e8\u5e97\uff0c\u8fd8\u6709\u7ecf\u8425\u597d\u51e0\u4ee3\u7684\u8001\u83ba\u6b4c\u9676\u74f7\u4e16\u5bb6\u53ca\u9676\u827a\u5bb6\u5de5\u4f5c\u5ba4\uff0c\u968f\u5904\u53ef\u4ee5\u4e0e\u827a\u672f\u76f8\u5bf9\u8bdd\u3002\u6b64\u5916\u83ba\u6b4c\u5c0f\u5403\u4e5f\u5f88\u51fa\u540d\uff0c\u503c\u5f97\u54c1\u5c1d\u3002", "arriveMethod": "\u53f0\u94c1\u83ba\u6b4c\u7ad9\uff0c\u6cbf\u6587\u5316\u8def\u6b65\u884c\u5373\u5230\u3002\u8f66\u7a0b30\u5206\u949f\uff0c\u8f66\u8d3960NT\u3002", "address": "\u53f0\u6e7e\u65b0\u5317\u5e02\u83ba\u6b4c\u533a\u83ba\u6b4c"}');
INSERT INTO "city_picture" VALUES('b43e8dc0-1e8a-11e2-bf72-e4ce8f4b5244','ying-ge_1.jpg','/static/media/uploads/taipei/ying-ge_1.jpg','','b43db602-1e8a-11e2-9e4e-e4ce8f4b5244','2012-10-25 09:59:45.284411+00:00');
INSERT INTO "city_picture" VALUES('b43f7045-1e8a-11e2-85c4-e4ce8f4b5244','ying-ge_2.jpg','/static/media/uploads/taipei/ying-ge_2.jpg','','b43db602-1e8a-11e2-9e4e-e4ce8f4b5244','2012-10-25 09:59:45.289807+00:00');
INSERT INTO "city_picture" VALUES('b4403800-1e8a-11e2-a6ae-e4ce8f4b5244','ying-ge_3.jpg','/static/media/uploads/taipei/ying-ge_3.jpg','','b43db602-1e8a-11e2-9e4e-e4ce8f4b5244','2012-10-25 09:59:45.295219+00:00');
INSERT INTO "city_place" VALUES('b44148f8-1e8a-11e2-892c-e4ce8f4b5244','新北投温泉','Xin Bei Tou Wen Quan',1,5,'121.508360','25.135936','新北投是个颇有日本腔的温泉会所，日式的庭院日式榻榻米，不可避免的让人想起台湾的曾经。',7,'{"ticketInfo": "\u4eba\u5747\u6d88\u8d39250\u65b0\u53f0\u5e01", "tips": "10-12\u6708\u5b63\u8282\u5230\u8bbf\u6700\u597d\u3002", "description": "\u65b0\u5317\u6295\u6e29\u6cc9\u7684\u7279\u8272\uff0c\u662f\u5b83\u6709\u63d0\u4f9b\u4f4f\u5bbf\uff0c\u4ee5\u53ca\u5177\u6709\u6e29\u6cc9\u4e61\u7684\u611f\u89c9\uff0c\u6cc9\u8d28\u53c8\u5177\u7279\u8272\uff0c\u8d44\u683c\u6700\u8001\u3002\u4f4f\u5bbf\u9009\u62e9\u5f88\u591a\uff0c\u4ece\u6bcf\u665a1500\u5143\u65b0\u53f0\u5e01\u81f3\u6bcf\u665a\u4e0a\u4e07\u5143\u53f0\u5e01\u7684\u65c5\u9986\u4e00\u5e94\u4ff1\u5168\u3002\u5317\u6295\u8fd8\u5efa\u6709\u6e29\u6cc9\u535a\u7269\u9986\uff0c\u518d\u52a0\u4e0a\u4e8c\u6b21\u5927\u6218\u4e4b\u524d\u9057\u7559\u81f3\u4eca\u7684\u65e5\u672c\u6e29\u6cc9\u5927\u6d74\u573a\uff0c\u516c\u8425\u4f4e\u4ef7\u7684\u6e29\u6cc9\u6d74\u573a\u3001\u5730\u70ed\u8c37\u7b49\u4f18\u52bf\uff0c\u52a0\u4e0a\u6377\u8fd0\u76f4\u62b5\u6e29\u6cc9\u8857\u524d\uff0c\u6240\u4ee5\u6700\u9002\u5408\u8fc7\u591c\u3001\u6ce1\u6c64\u3001\u642d\u6377\u8fd0\uff0c\u4ee5\u53ca\u7ed3\u5408\u58eb\u6797\u591c\u5e02\u3001\u6de1\u6c34\u8001\u8857\u7684\u65c5\u7a0b\u6765\u73a9\u4e86\u3002", "arriveMethod": "\u5927\u4f17\u8fd0\u8f93:\u65b0\u5317\u6295\u7ad9\u4e0b\u8f66\uff0c\u6cbf\u4e2d\u5c71\u8def\u76f4\u8d70\u5373\u53ef\u5230\u8fbe\uff1b\u516c\u8f66\uff1a216\u3001218\u3001223\u3001230\u3001266\u3001602\u3001\u5c0f6\u3001\u5c0f7\u3001\u5c0f9\u3001\u3001\u5c0f22\u3001\u5c0f25\u3001\u5c0f26\u81f3\u65b0\u5317\u6295\u7ad9\u4e0b\u8f66", "address": "\u53f0\u6e7e\u53f0\u5317\u5e02 \u5317\u6295\u533a"}');
INSERT INTO "city_picture" VALUES('b4423e17-1e8a-11e2-a242-e4ce8f4b5244','xin-bei-tou-wen-quan_1.jpg','/static/media/uploads/taipei/xin-bei-tou-wen-quan_1.jpg','','b44148f8-1e8a-11e2-892c-e4ce8f4b5244','2012-10-25 09:59:45.308537+00:00');
INSERT INTO "city_picture" VALUES('b4432928-1e8a-11e2-9e8b-e4ce8f4b5244','xin-bei-tou-wen-quan_2.jpg','/static/media/uploads/taipei/xin-bei-tou-wen-quan_2.jpg','','b44148f8-1e8a-11e2-892c-e4ce8f4b5244','2012-10-25 09:59:45.314442+00:00');
INSERT INTO "city_picture" VALUES('b443fd8a-1e8a-11e2-8739-e4ce8f4b5244','xin-bei-tou-wen-quan_3.jpg','/static/media/uploads/taipei/xin-bei-tou-wen-quan_3.jpg','','b44148f8-1e8a-11e2-892c-e4ce8f4b5244','2012-10-25 09:59:45.319932+00:00');
INSERT INTO "city_place" VALUES('b4451b02-1e8a-11e2-b0b0-e4ce8f4b5244','猫空','Mao Kong',1,5,'121.596826','24.967385','品茶、观景、呼吸新鲜空气，再没有比这更惬意的事了，猫空如同台北一座后花园，溢满茶香。',8,'{"description": "\u732b\u7a7a\u5c31\u662f\u6728\u6805\u8336\u533a\uff0c\u4f4d\u4e8e\u6728\u6805\u8336\u533a\u4e1c\u4fa7\u7684\u5c0f\u6eaa\u8c37\uff0c\u56e0\u5730\u8d28\u677e\u8f6f\u56e0\u6b64\u6cb3\u5e8a\u5728\u957f\u5e74\u51b2\u51fb\u4e0b\u88ab\u5375\u77f3\u94bb\u8680\u9020\u6210\u5751\u5751\u6d3c\u6d1e\uff0c\u6eaa\u6c34\u6c34\u6d41\u5219\u4f3c\u732b\u722a\u75d5\u8ff9\u56e0\u800c\u5f97\u540d\uff1b\u732b\u7a7a\u4ee5\u94c1\u89c2\u97f3\u95fb\u540d\uff0c\u5728\u732b\u7a7a\u73af\u5c71\u516c\u8def\u4e0a\u7684\u4f11\u95f2\u8336\u574a\uff0c\u81f3\u5c11\u6709\u4e94\u3001\u516d\u5341\u5bb6\uff0c\u6c11\u4f17\u53ef\u4ee5\u524d\u5f80\u732b\u7a7a\u7684\u9732\u5929\u8336\u5ea7\u6216\u5ead\u56ed\u8336\u574a\u54c1\u8317\uff0c\u6b23\u8d4f\u597d\u5c71\u597d\u6c34\u6e21\u8fc7\u60a0\u95f2\u7684\u5047\u65e5\u65f6\u5149\u3002\u4ece\u53f0\u5317\u5e02\u7acb\u52a8\u7269\u56ed\u5230\u732b\u7a7a\u6cbf\u9014\u7684\u666f\u8272\u867d\u7136\u5404\u5177\u7279\u8272\uff0c\u4f46\u5546\u5708\u7684\u53d1\u5c55\u8f83\u4e3a\u7f13\u6162\uff0c\u56e0\u800c\u4e5f\u4fdd\u7559\u4e86\u51e0\u5206\u6df3\u6734\u7684\u7279\u8d28\u3002", "arriveMethod": "\u6377\u8fd0\u52a8\u7269\u56ed\u7ad9\uff0c\u8f6c\u4e58\u68d515\u8def\u516c\u8f66\u4e0a\u5c71\u3002", "address": "\u53f0\u5317\u5e02\u6587\u5c71\u533a\u6307\u5357\u8def"}');
INSERT INTO "city_picture" VALUES('b4460685-1e8a-11e2-9a3c-e4ce8f4b5244','mao-kong_1.jpg','/static/media/uploads/taipei/mao-kong_1.jpg','','b4451b02-1e8a-11e2-b0b0-e4ce8f4b5244','2012-10-25 09:59:45.333351+00:00');
INSERT INTO "city_picture" VALUES('b446e70f-1e8a-11e2-b690-e4ce8f4b5244','mao-kong_2.jpg','/static/media/uploads/taipei/mao-kong_2.jpg','','b4451b02-1e8a-11e2-b0b0-e4ce8f4b5244','2012-10-25 09:59:45.338740+00:00');
INSERT INTO "city_picture" VALUES('b447b74c-1e8a-11e2-9d3c-e4ce8f4b5244','mao-kong_3.jpg','/static/media/uploads/taipei/mao-kong_3.jpg','','b4451b02-1e8a-11e2-b0b0-e4ce8f4b5244','2012-10-25 09:59:45.344336+00:00');
INSERT INTO "city_picture" VALUES('b4486d54-1e8a-11e2-acc9-e4ce8f4b5244','mao-kong_4.jpg','/static/media/uploads/taipei/mao-kong_4.jpg','','b4451b02-1e8a-11e2-b0b0-e4ce8f4b5244','2012-10-25 09:59:45.349092+00:00');
INSERT INTO "city_place" VALUES('b4498978-1e8a-11e2-826d-e4ce8f4b5244','猫村（侯硐）','Hou Dong(The Cat Village)',1,5,'121.827419','25.087008','原本被时光遗忘的矿场，却因猫的存在而回复了勃勃生机，这个动物拯救人类的故事够令人好奇了吧。',8,'{"description": "\u6709\u4e2a\u5c0f\u9547\u5728\u53f0\u5317\u8fd1\u90ca\uff0c\u4e00\u4e2a\u5c0f\u65f6\u5c31\u53ef\u4ee5\u5230\u3002\u5728\u4e09\u5341\u5e74\u524d\u6316\u4e0d\u5230\u7164\u7684\u65f6\u5019\uff0c\u8fd9\u91cc\u53ea\u5269\u4e0b\u5927\u6982\u4e24\u4e09\u767e\u6237\u4eba\u5bb6\uff0c\u90fd\u53ea\u6709\u8001\u592a\u592a\u3001\u8001\u5148\u751f\u4f4f\u5728\u8fd9\u513f\u3002\u8fd9\u4e2a\u6751\u5b50\u5728\u5c71\u8c37\u91cc\u9762\uff0c\u8fd8\u88ab\u4e00\u6761\u53eb\u505a\u57fa\u9686\u6cb3\u7684\u6cb3\u5b64\u7acb\u8d77\u6765\uff0c\u662f\u4e00\u4e2a\u4e0e\u5916\u754c\u8054\u7cfb\u4e0d\u591a\u7684\u5c0f\u6751\u5b50\uff0c\u9ed8\u9ed8\u65e0\u95fb\u3002", "address": "\u53f0\u6e7e\u65b0\u5317\u5e02\u745e\u82b3\u533a \u4faf\u7850"}');
INSERT INTO "city_picture" VALUES('b44aef66-1e8a-11e2-8cf8-e4ce8f4b5244','mao-cun-(hou-tong-)_1.jpg','/static/media/uploads/taipei/mao-cun-(hou-tong-)_1.jpg','','b4498978-1e8a-11e2-826d-e4ce8f4b5244','2012-10-25 09:59:45.365433+00:00');
INSERT INTO "city_picture" VALUES('b44bdae6-1e8a-11e2-9584-e4ce8f4b5244','mao-cun-(hou-tong-)_2.jpg','/static/media/uploads/taipei/mao-cun-(hou-tong-)_2.jpg','','b4498978-1e8a-11e2-826d-e4ce8f4b5244','2012-10-25 09:59:45.371494+00:00');
INSERT INTO "city_picture" VALUES('b44cd8ee-1e8a-11e2-bdcf-e4ce8f4b5244','mao-cun-(hou-tong-)_3.jpg','/static/media/uploads/taipei/mao-cun-(hou-tong-)_3.jpg','','b4498978-1e8a-11e2-826d-e4ce8f4b5244','2012-10-25 09:59:45.377674+00:00');
INSERT INTO "city_picture" VALUES('b44dc414-1e8a-11e2-a1fa-e4ce8f4b5244','mao-cun-(hou-tong-)_4.jpg','/static/media/uploads/taipei/mao-cun-(hou-tong-)_4.jpg','','b4498978-1e8a-11e2-826d-e4ce8f4b5244','2012-10-25 09:59:45.384005+00:00');
INSERT INTO "city_place" VALUES('b44eef45-1e8a-11e2-a1ba-e4ce8f4b5244','平溪','Ping Xi',1,5,'121.753381','25.035061','天灯、老旧矿场、古朴铁道……平溪一线风景多次被取景于偶像剧中，清新而富怀旧感。',8,'{"description": "\u8bf4\u8d77\u53f0\u5317\u53bf\u5e73\u6eaa\u4e61\uff0c\u5927\u591a\u6570\u4eba\u7684\u7b2c\u4e00\u5370\u8c61\u90fd\u662f\u5929\u706f\u3001\u7164\u4e61\u3001\u94c1\u9053\u7b49\u7eaf\u6734\u5473\u9053\u6d53\u539a\u7684\u89c2\u5149\u5730\uff0c\u5176\u5b9e\u8fd9\u91cc\u4e5f\u662f\u661f\u5473\u5341\u8db3\u7684\uff0c\u8bb8\u591a\u5076\u50cf\u5267MV\u90fd\u66fe\u5728\u8fd9\u53d6\u666f\u3002\u800c\u5e73\u6eaa\u6700\u597d\u73a9\u7684\u8fd8\u8981\u6570\u5750\u5e73\u6eaa\u7ebf\u5217\u8f66\u4e00\u8def\u53ef\u91c7\u96c6\u7684\u597d\u98ce\u666f\u30021992\u5e744\u6708\uff0c\u5e73\u6eaa\u7ebf\u88ab\u53f0\u94c1\u9009\u5b9a\u4e3a\u300c\u89c2\u5149\u94c1\u9053\u8def\u7ebf\u300d\uff0c\u81ea\u4e09\u8c82\u5cad\u8d77\u81f3\u83c1\u6850\u5168\u957f\u7ea613\u516c\u91cc\uff0c\u505c\u9760\u5927\u534e\u3001\u5341\u5206\u3001\u671b\u53e4\u3001\u5cad\u811a\u3001\u5e73\u6eaa\u3001\u83c1\u6850\u7b49\u516d\u7ad9\uff0c\u6cbf\u9014\u7ecf\u8fc7\u6d51\u7136\u5929\u6210\u7684\u5c71\u95f4\u6c34\u7554\u3001\u7ecf\u8fc7\u9ad8\u60ac\u7684\u94c1\u6865\u3001\u7ecf\u8fc7\u6f06\u9ed1\u7684\u96a7\u9053\uff0c\u66f4\u7ecf\u8fc7\u6c11\u5b85\u548c\u5c4b\u9876\uff0c\u800c\u5f53\u65f6\u7684\u7164\u77ff\u9057\u5740\uff0c\u53cd\u800c\u6210\u4e3a\u4eca\u65e5\u72ec\u7279\u7684\u7164\u4e61\u98ce\u666f\u3002", "arriveMethod": "\u53f0\u94c1\u745e\u82b3\u7ad9\uff0c\u8f6c\u4e58\u5e73\u6eaa\u7ebf\u5c0f\u706b\u8f66", "address": "\u53f0\u6e7e\u65b0\u5317\u5e02\u5e73\u6eaa\u533a"}');
INSERT INTO "city_picture" VALUES('b44fe002-1e8a-11e2-be59-e4ce8f4b5244','ping-xi_1.jpg','/static/media/uploads/taipei/ping-xi_1.jpg','','b44eef45-1e8a-11e2-a1ba-e4ce8f4b5244','2012-10-25 09:59:45.397913+00:00');
INSERT INTO "city_picture" VALUES('b450dfb5-1e8a-11e2-94a5-e4ce8f4b5244','ping-xi_2.jpg','/static/media/uploads/taipei/ping-xi_2.jpg','','b44eef45-1e8a-11e2-a1ba-e4ce8f4b5244','2012-10-25 09:59:45.403667+00:00');
INSERT INTO "city_picture" VALUES('b451af87-1e8a-11e2-9dbb-e4ce8f4b5244','ping-xi_3.jpg','/static/media/uploads/taipei/ping-xi_3.jpg','','b44eef45-1e8a-11e2-a1ba-e4ce8f4b5244','2012-10-25 09:59:45.409737+00:00');
INSERT INTO "city_place" VALUES('b452c6d1-1e8a-11e2-8eb8-e4ce8f4b5244','猫空缆车','Mao Kong Lan Che',9,5,'121.588140','24.968533','猫空就如同台北的一个后花园，而坐上可爱的猫空缆车凌空观赏这座花园，体验更是非凡。',7,'{"website": "http://gondola.trtc.com.tw/", "ticketInfo": "\u5355\u7a0b\u5168\u7968\uff1a\u642d\u4e581\u7ad930\u65b0\u53f0\u5e01\u3001\u642d\u4e582\u7ad940\u65b0\u53f0\u5e01\u3001\u642d\u4e583\u7ad950\u65b0\u53f0\u5e01\uff1b\u56e2\u4f53\u79687/8\u6298\u3002", "openTime": "\u5468\u4e8c~\u5468\u56db\uff1a09:00~21:00\uff1b \u5468\u4e94\u53ca\u5047\u65e5\u524d\u4e00\u5929\uff1a09:00~22:00\uff1b \u5468\u672b\u53ca\u5047\u65e5\uff1a08:30~22:00\uff1b \u5468\u65e5\u53ca\u5047\u65e5\u6700\u540e\u4e00\u5929\uff0c\u8425\u8fd0\u81f321:00 \u5468\u4e00\u4fdd\u517b\u62a4\u62a4\uff0c\u5168\u5929\u4e0d\u5f00\u653e\u8425\u4e1a", "description": "\u732b\u7a7a\u7f06\u8f66\u5168\u957f4.07\u516c\u91cc\uff0c\u4ece\u8d77\u70b9\u6728\u6805\u52a8\u7269\u56ed\u7ad9\u5230\u7ec8\u70b9\u732b\u7a7a\u7ad9\uff0c\u5386\u65f6\u534a\u5c0f\u65f6\u3002\u7f06\u8f66\u4e00\u8def\u4e0a\u8981\u505c\u9760\u56db\u4e2a\u7ad9\uff0c\u6574\u6761\u7f06\u8f66\u9053\u66f4\u662f\u5448\u201c7\u201d\u5b57\u5f62\uff0c\u8981\u7ecf\u8fc7\u4e00\u4e2a\u5927\u62d0\u5f2f\u3002\u7f06\u8f66\u7ecf\u8fc7\u7684\u4e0d\u5c11\u8def\u6bb5\uff0c\u7d22\u9053\u6709\u5f88\u5927\u5e45\u5ea6\u7684\u63d0\u5347\u6216\u4e0b\u964d\uff0c\u89c6\u89c9\u6548\u679c\u9887\u4e3a\u523a\u6fc0\u30022010\u5e74\uff0c\u732b\u7a7a\u7f06\u8f66\u52a0\u5165\u4e8620\u8f86\u6c34\u6676\u8f66\u4f53\uff0c\u8ba9\u4e58\u5ba2\u53ef\u4ee5\u4f53\u9a8c\u5230360\u5ea6\u878d\u5165\u81ea\u7136\u7684\u611f\u89c9\u3002\u7f06\u8f66\u8fd0\u884c\u65f6\uff0c\u901a\u8fc7\u900f\u660e\u7684\u8f66\u53a2\u5e95\uff0c\u770b\u6811\u6728\u4ece\u811a\u4e0b\u63a0\u8fc7\uff0c\u8ba9\u4eba\u76f4\u547c\u8fc7\u763e\u3002\u732b\u7a7a\u5c71\u4e0a\u6709\u5927\u7247\u7684\u8336\u56ed\uff0c\u662f\u53f0\u5317\u8457\u540d\u7684\u94c1\u89c2\u97f3\u4ea7\u5730\u3002\u4e58\u5750\u732b\u7a7a\u7f06\u8f66\u767b\u4e0a\u5c71\u540e\uff0c\u4e00\u5b9a\u8981\u6c8f\u4e0a\u4e00\u6ce1\u94c1\u89c2\u97f3\u54c1\u4e00\u54c1\u3002\u53f0\u5317\u7684\u94c1\u89c2\u97f3\u4f9d\u65e7\u6309\u7167\u53e4\u6cd5\u53d1\u9175\u7092\u5236\uff0c\u6c64\u8272\u5982\u7425\u73c0\uff0c\u8272\u5473\u6781\u4f73\u3002", "arriveMethod": "\u6377\u8fd0\u52a8\u7269\u56ed\u7ad9\uff0c\u8f6c\u4e58\u68d515\u8def\u516c\u8f66\u4e0a\u5c71\u3002", "address": "116\u53f0\u6e7e\u53f0\u5317\u6587\u5c71\u533a", "tips": "\u6700\u6700\u53ef\u7231\u7684\u6c34\u6676\u7f06\u8f66\u662f\u9700\u8981\u62bd\u7968\u7684\uff0c\u9700\u8981\u597d\u4eba\u54c1\u54e6~"}');
INSERT INTO "city_picture" VALUES('b453b6ee-1e8a-11e2-a31c-e4ce8f4b5244','mao-kong-lan-che_1.jpg','/static/media/uploads/taipei/mao-kong-lan-che_1.jpg','','b452c6d1-1e8a-11e2-8eb8-e4ce8f4b5244','2012-10-25 09:59:45.423036+00:00');
INSERT INTO "city_picture" VALUES('b454cd6b-1e8a-11e2-a742-e4ce8f4b5244','mao-kong-lan-che_2.jpg','/static/media/uploads/taipei/mao-kong-lan-che_2.jpg','','b452c6d1-1e8a-11e2-8eb8-e4ce8f4b5244','2012-10-25 09:59:45.430067+00:00');
INSERT INTO "city_picture" VALUES('b4559194-1e8a-11e2-ad0a-e4ce8f4b5244','mao-kong-lan-che_3.jpg','/static/media/uploads/taipei/mao-kong-lan-che_3.jpg','','b452c6d1-1e8a-11e2-8eb8-e4ce8f4b5244','2012-10-25 09:59:45.435151+00:00');
INSERT INTO "city_place" VALUES('b4570a26-1e8a-11e2-a87f-e4ce8f4b5244','明星咖啡馆','Ming Xing Ka Fei Guan',8,5,'121.512780','25.044196','怀旧的装潢、复古的高靠背座椅、古典的轻音乐，于这环境里人会不期然地放开当下心情，陷入怀旧情绪。',7,'{"website": "astoria.web66.com.tw", "phoneNumber": "886 2 2381 5589", "description": "\u575a\u6301\u8981\u4e3a\u6587\u827a\u9752\u5e74\u70b9\u4e00\u76cf\u706f\u7559\u4e00\u4e2a\u4f4d\u7f6e\u7684\u201c\u660e\u661f\u5496\u5561\u9986\u201d\uff0c\u4e8e1949\u5e74\u521b\u5e97\uff0c\u5728\u90a3\u4e2a\u641e\u521b\u4f5c\u4e0e\u559d\u5496\u5561\u540c\u6837\u5962\u4f88\u7684\u5e74\u4ee3\uff0c\u660e\u661f\u53ef\u8bf4\u662f\u5b55\u80b2\u53f0\u6e7e\u827a\u672f\u5bb6\u4e0e\u6587\u5b66\u5bb6\u7684\u601d\u60f3\u6447\u7bee\u3002\u8001\u677f\u7b80\u9526\u9525\u5bf9\u4e8e\u6587\u5b66\u5bb6\u3001\u827a\u672f\u5bb6\u4e00\u76f4\u662f\u7ed9\u4e88\u793c\u9047\u7684\uff0c50 \u5e74\u4ee3\u660e\u661f\u5496\u5561\u9986\u7684\u88c5\u6f62\u53ef\u79f0\u5f97\u4e0a\u8c6a\u534e\u6c14\u6d3e\uff0c\u7ea2\u8272\u76ae\u6c99\u53d1\u914d\u539f\u6728\u65b9\u684c\uff0c\u5929\u82b1\u677f\u4e0a\u540a\u8d77\u4e00\u76cf\u76cf\u6b27\u5f0f\u706f\uff0c\u5728\u90a3\u4e2a\u5e74\u4ee3\uff0c\u6d3b\u8131\u50cf\u662f\u5c0f\u8bf4\u91cc\u8e66\u51fa\u6765\u7684\u573a\u666f\uff0c\u4e5f\u56e0\u6b64\uff0c\u5438\u5f15\u8bb8\u591a\u559c\u5b89\u9759\u7231\u6c14\u6c1b\u7684\u827a\u6587\u4eba\u58eb\uff0c\u751a\u81f3\u6210\u4e3a\u8bb8\u591a\u6742\u5fd7\u7f16\u8f91\u805a\u4f1a\u7684\u573a\u6240\u3002\u660e\u661f\u5496\u5561\u9986\u73b0\u7531\u7b2c\u4e8c\u4ee3\u63a5\u624b\u7ecf\u8425\uff0c\u4e0d\u4ec5\u5728\u9910\u70b9\u4e0a\u66f4\u52a0\u8bb2\u7a76\uff0c\u7528\u86cb\u70f9\u8c03\u7684\u4fc4\u5f0f\u5496\u5561\u7279\u522b\u6e05\u9999\u987a\u53e3\uff0c\u66f4\u662f\u6765\u6b64\u5fc5\u70b9\u7684\u996e\u54c1\uff0c\u642d\u914d\u4e0a\u81ea\u5bb6\u9762\u5305\u5e97\u62db\u724c\u7684\u4fc4\u7f57\u65af\u8f6f\u7cd6\u3001\u6838\u6843\u7cd5\uff0c\u6216\u8005\u662f\u65b0\u6f6e\u4e00\u70b9\u7684\u6155\u65af\u86cb\u7cd5\uff0c\u90fd\u5f88\u5bf9\u5473\u3002\u9664\u6b64\u4e4b\u5916\uff0c\u660e\u661f\u5496\u5561\u9986\u8fd8\u662f\u633a\u4f5c\u5bb6\u633a\u827a\u6587\u7684\uff0c\u5899\u9762\u4e0a\u5c3d\u662f\u8fd1\u4ee3\u65b0\u5174\u753b\u5bb6\u7684\u521b\u4f5c\uff0c\u67dc\u53f0\u4e0a\u4e5f\u4e0d\u65f6\u6446\u653e\u7740\u5404\u7c7b\u6587\u5b66\u8457\u4f5c\uff1b\u5728\u660e\u661f\u5496\u5561\u9986\uff0c\u6c81\u5f00\u7684\u4e0d\u53ea\u662f\u7f8e\u98df\u7684\u9999\u6c14\uff0c\u66f4\u662f\u6d53\u539a\u7684\u827a\u6587\u5473\u3002", "address": "\u53f0\u6e7e \u53f0\u5317\u5e02\u4e2d\u6b63\u533a\u6b66\u660c\u8857\u4e00\u6bb55\u53f72\u697c"}');
INSERT INTO "city_picture" VALUES('b45827b3-1e8a-11e2-831f-e4ce8f4b5244','ming-xing-ka-pei-guan_1.jpg','/static/media/uploads/taipei/ming-xing-ka-pei-guan_1.jpg','','b4570a26-1e8a-11e2-a87f-e4ce8f4b5244','2012-10-25 09:59:45.451907+00:00');
INSERT INTO "city_picture" VALUES('b4591c8a-1e8a-11e2-b86b-e4ce8f4b5244','ming-xing-ka-pei-guan_2.jpg','/static/media/uploads/taipei/ming-xing-ka-pei-guan_2.jpg','','b4570a26-1e8a-11e2-a87f-e4ce8f4b5244','2012-10-25 09:59:45.458323+00:00');
INSERT INTO "city_picture" VALUES('b459ea14-1e8a-11e2-ae55-e4ce8f4b5244','ming-xing-ka-pei-guan_3.jpg','/static/media/uploads/taipei/ming-xing-ka-pei-guan_3.jpg','','b4570a26-1e8a-11e2-a87f-e4ce8f4b5244','2012-10-25 09:59:45.463686+00:00');
INSERT INTO "city_picture" VALUES('b45aec87-1e8a-11e2-ad78-e4ce8f4b5244','ming-xing-ka-pei-guan_4.jpg','/static/media/uploads/taipei/ming-xing-ka-pei-guan_4.jpg','','b4570a26-1e8a-11e2-a87f-e4ce8f4b5244','2012-10-25 09:59:45.470173+00:00');
INSERT INTO "city_place" VALUES('b45c91cf-1e8a-11e2-b0ae-e4ce8f4b5244','好样本事','VVG Something',12,5,'121.549891','25.044091','这间品味独特的书店，卖的都是在大书店难找的设计、艺术、摄影类书籍，因小众而意义非凡。',7,'{"openTime": "\u9664\u5468\u4e94\u548c\u5468\u516d12am-11pm\u8425\u4e1a\u5916, \u6bcf\u592912am\u52309pm\u5f00\u653e", "phoneNumber": "886 2 2773 1358", "description": "\u8fd9\u95f4\u54c1\u5473\u72ec\u7279\u7684\u4e66\u5e97\uff0c\u5356\u7684\u90fd\u662f\u5728\u5927\u4e66\u5e97\u96be\u627e\u7684\u8bbe\u8ba1\u3001\u827a\u672f\u3001\u6444\u5f71\u548c\u70f9\u996a\u7684\u4e66\u7c4d\uff0c\u8fd8\u6709\u5e97\u957f\u8ddf\u8001\u677f\u5728\u65e5\u672c\u53ca\u6b27\u6d32\u5404\u56fd\u7684\u5927\u57ce\u5c0f\u9547\u641c\u7f57\u6765\u7684\u5bb6\u54c1\u6742\u8d27\uff0c\u4ece\u68ee\u5c71\u5927\u9053\u4eb2\u7b14\u7b7e\u540d\u7684\u6444\u5f71\u96c6\u5230\u8377\u5170\u6559\u5802\u91cc\u7684\u94c1\u51f3\uff0c\u90fd\u53ef\u4ee5\u5728\u8fd9\u91cc\u627e\u5230\u3002\u8fd9\u5bb6\u5e97\u867d\u7136\u7a7a\u95f4\u4e0d\u5927\uff0c\u4f46\u662f\u6240\u6709\u7684\u4e66\u90fd\u53ef\u4ee5\u81ea\u7531\u7ffb\u9605\uff0c\u9648\u5217\u5728\u5e97\u5185\u7684\u590d\u53e4\u6728\u6905\u4e5f\u53ef\u4ee5\u4efb\u610f\u5750\u3002\u4e66\u67dc\u4e0a\u968f\u5904\u4e00\u7ffb\uff0c\u4fbf\u662f\u4e00\u672c\u590d\u53e4\u6000\u65e7\u7684\u5c0f\u5b66\u4e66\u6cd5\u7ec3\u4e60\u7c3f\uff0c\u6216\u662f\u9650\u91cf\u53d1\u552e\u7684\u300a VISIONAIRE23\u300b\uff0c\u8fd8\u6709\u6bd4\u5229\u65f6\u827a\u672f\u5bb6Jan Fabre\u6536\u5f55\u7684\u6606\u866b\u5236\u4f5c\u7684\u827a\u672f\u54c1\u96c6\u3002\u6700\u503c\u5f97\u4e00\u63d0\u7684\u662f\uff0c\u4e66\u5e97\u95e8\u524d\u8fd8\u653e\u7f6e\u4e86\u4e00\u53f060\u5e74\u524d\u7528\u6765\u9020\u7eb8\u7684\u624b\u52a8\u8131\u6c34\u673a\uff0c\u53ef\u4ee5\u81ea\u5df1\u52a8\u624b\u8f6c\u52a8\uff0c\u611f\u53d7\u4e00\u4e0b\u5f53\u5e74\u7684\u60c5\u666f\uff0c\u975e\u5e38\u6709\u8da3\u3002", "arriveMethod": "\u5730\u94c1\u6377\u8fd0\u201c\u5fe0\u5b5d\u6566\u5316\u201d\u7ad97\u53f7\u51fa\u53e3\uff0c\u6b65\u884c\u7ea610\u5206\u949f", "address": "\u53f0\u6e7e \u53f0\u5317\u5e02\u5927\u5b89\u533a\u5fe0\u5b5d\u4e1c\u8def\u56db\u6bb5181\u5df740\u5f0413\u53f7"}');
INSERT INTO "city_picture" VALUES('b45d7e9c-1e8a-11e2-bf95-e4ce8f4b5244','hao-yang-ben-shi_1.jpg','/static/media/uploads/taipei/hao-yang-ben-shi_1.jpg','','b45c91cf-1e8a-11e2-b0ae-e4ce8f4b5244','2012-10-25 09:59:45.487137+00:00');
INSERT INTO "city_picture" VALUES('b45e5e85-1e8a-11e2-a8ea-e4ce8f4b5244','hao-yang-ben-shi_2.jpg','/static/media/uploads/taipei/hao-yang-ben-shi_2.jpg','','b45c91cf-1e8a-11e2-b0ae-e4ce8f4b5244','2012-10-25 09:59:45.492423+00:00');
INSERT INTO "city_picture" VALUES('b45f2440-1e8a-11e2-949c-e4ce8f4b5244','hao-yang-ben-shi_3.jpg','/static/media/uploads/taipei/hao-yang-ben-shi_3.jpg','','b45c91cf-1e8a-11e2-b0ae-e4ce8f4b5244','2012-10-25 09:59:45.497936+00:00');
INSERT INTO "city_picture" VALUES('b4600387-1e8a-11e2-a1dc-e4ce8f4b5244','hao-yang-ben-shi_4.jpg','/static/media/uploads/taipei/hao-yang-ben-shi_4.jpg','','b45c91cf-1e8a-11e2-b0ae-e4ce8f4b5244','2012-10-25 09:59:45.503447+00:00');
INSERT INTO "city_place" VALUES('b4610651-1e8a-11e2-bfad-e4ce8f4b5244','Mr.J义法厨房(北医店)','Mr.J French-Italian Restaurant II',2,5,'121.561398','25.026227','“切勿乱弹，以免被送回20年前”，这是拥有《不能说的秘密》中那架钢琴的周杰伦的店，同电影一模一样',6,'{"website": "mrj-tw.com", "openTime": "\u6bcf\u592911am\u523010pm\u5f00\u653e", "phoneNumber": "886 2 2377 9090", "description": "\u5468\u6770\u4f26\u4e8e\u53f0\u6e7e\u6709\u591a\u5bb6\u9910\u5385\uff0c\u53f0\u5317\u533b\u5b66\u5927\u5b66\u5185\u8fd9\u95f4\u7b97\u662f\u5206\u5e97\uff0c\u5374\u8981\u6bd4\u65e7\u5e97\u6709\u4eba\u6c14\u5f97\u591a\uff0c\u5171\u4e09\u5c42\u7684\u65b0\u53e4\u5178\u88c5\u6f62\uff0c\u52a0\u4e0a\u5468\u8463\u79c1\u4eba\u6536\u85cf\u5bb6\u5177\u53ca\u6446\u4ef6\u8fd9\u6837\u7684\u5671\u5934\uff0c\u4f7f\u5f97\u8fd9\u91cc\u6210\u4e86\u7c89\u4e1d\u5fc5\u5230\u7684\u671d\u5723\u5730\u3002\u9910\u5385\u7684\u4e3b\u9898\u662f\u7535\u5f71-\u4e0d\u80fd\u8bf4\u7684\u79d8\u5bc6\uff0c\u5468\u8463\u628a\u300a\u4e0d\u80fd\u8bf4\u7684\u79d8\u5bc6\u300b\u4e2d\u7684\u6821\u670d\uff0c\u53d8\u6210\u5176\u5f00\u8bbe\u7684\u9910\u5385\u201cMr-J\u4e49\u6cd5\u53a8\u623fII\u201d\u4e2d\u7684\u4f8d\u5e94\u5236\u670d\uff0c\u8fd9\u4e2a\u6784\u601d\u88ab\u8d5e\u73af\u4fdd\u4e4b\u4f59\u4e5f\u5f88\u6709\u7ef0\u5934\uff0c\u5468\u6770\u4f26\u8868\u793a\uff1a\u201c\u56e0\u4e3a\u9910\u5385\u5f00\u5728\u5b66\u6821\u5185\uff0c\u4e3b\u8981\u662f\u670d\u52a1\u5b66\u6821\u5185\u7684\u540c\u5b66\uff0c\u6240\u4ee5\u670d\u52a1\u751f\u5e72\u8106\u7a7f\u4e0a\u6821\u670d\uff0c\u8fd9\u6837\u5927\u5bb6\u4f1a\u89c9\u5f97\u6bd4\u8f83\u63a5\u8fd1\u548c\u4eb2\u5207\uff0c\u9664\u4e86\u5b66\u751f\u5916\uff0c\u6821\u957f\u90fd\u5f88\u559c\u6b22\uff01\u201d\u7531\u4e8e\u5468\u6770\u4f26\u5e0c\u671b\u5c06\u201cMr-J\u4e49\u6cd5\u53a8\u623fII\u201d\u6210\u4e3a\u4ee5\u7535\u5f71\u4f5c\u4e3a\u4e3b\u9898\u7684\u9910\u5385\uff0c\u8fd1\u65e5\u8fde\u620f\u4e2d\u7684\u94a2\u7434\u90fd\u653e\u8fdb\u53bb\uff0c\u76f8\u4fe1\u4f1a\u4ee4\u5ba2\u4eba\u60f3\u8d77\u4ed6\u548c\u6842\u7eb6\u9541\u4e00\u8d77\u5f39\u94a2\u7434\u7684\u753b\u9762\uff01", "address": "\u53f0\u5317\u5e02\u4fe1\u4e49\u533a\u5434\u5174\u8857250\u53f7\u53f0\u5317\u533b\u5b66\u5927\u5b66\u5185"}');
INSERT INTO "city_picture" VALUES('b461f45c-1e8a-11e2-9e5d-e4ce8f4b5244','mr.jyi-fa-chu-fang-(bei-yi-dian-)_1.jpg','/static/media/uploads/taipei/mr.jyi-fa-chu-fang-(bei-yi-dian-)_1.jpg','','b4610651-1e8a-11e2-bfad-e4ce8f4b5244','2012-10-25 09:59:45.516128+00:00');
INSERT INTO "city_place" VALUES('b46300eb-1e8a-11e2-8a22-e4ce8f4b5244','诚品敦南店','Dun Nan Cheng Pin Shu Dian',4,5,'121.549400','25.039253','因24小时营业著称，大家都占据着小小的一角静静读书，气氛很好。',8,'{"website": "blog.eslite.com", "phoneNumber": "886 2 2305 5665", "description": "\u4f4d\u4e8e\u6566\u5316\u5357\u8def\u7684\u8bda\u54c1\u4e66\u5e97\u5219\u4ee5\u4e8c\u5341\u56db\u5c0f\u65f6\u8425\u4e1a\u95fb\u540d\u3002\u5bf9\u4e8e\u4e60\u60ef\u71ac\u591c\u7684\u8bfb\u4e66\u4eba\u6765\u8bf4\uff0c\u8fd9\u65e0\u7591\u662f\u4e00\u4e2a\u597d\u53bb\u5904\u3002\u8bd5\u60f3\u4e00\u4e0b\uff0c\u5f53\u4f60\u5728\u5bb6\u91cc\u4e00\u76cf\u5b64\u706f\u4e0b\u594b\u6218\u6216\u8005\u67af\u5750\u5230\u51cc\u6668\u4e00\u70b9\u7684\u65f6\u5019\uff0c\u4f60\u6240\u5728\u7684\u57ce\u5e02\u91cc\u6709\u4e00\u4e2a\u5e72\u51c0\u3001\u660e\u4eae\u3001\u5bbd\u655e\u3001\u8212\u9002\u3001\u6446\u6ee1\u7433\u7405\u6ee1\u76ee\u7684\u4e66\u7c4d\u3001\u6c38\u8fdc\u4e0d\u6253\u70ca\u7684\u7a7a\u95f4\u4f9b\u4f60\u5c0f\u61a9\u3001\u95f2\u901b\u3001\u67e5\u9605\u8d44\u6599\u3001\u5bfb\u627e\u7075\u611f\uff0c\u8fd9\u79cd\u611f\u89c9\uff0c\u60f3\u60f3\u90fd\u89c9\u5f97\u5e78\u798f\u3002\u8bda\u54c1\u6566\u5357\u5e97\u53e6\u4e00\u4e2a\u8ba9\u4eba\u611f\u89c9\u60ca\u8bb6\u7684\u5730\u65b9\u662f\uff1a\u4e66\u5e97\u7684\u751f\u610f\u4f3c\u4e4e\u6c38\u8fdc\u90fd\u5f88\u597d\u3002", "arriveMethod": "\u6377\u8fd0\u5fe0\u5b5d\u6566\u5316\u7ad9\u4e0b\u8f66\uff0c6\u53f7\u51fa\u53e3\u4e0a\u53bb\u540e\u8d70\u8def3\u5206\u949f\u53ef\u8fbe", "address": "\u53f0\u6e7e \u53f0\u5317\u5e02\u5927\u5b89\u533a\u6566\u5316\u5357\u8def\u4e00\u6bb5344\u53f72\u697c"}');
INSERT INTO "city_picture" VALUES('b463f4fa-1e8a-11e2-93b9-e4ce8f4b5244','cheng-pin-dun-nan-dian_1.jpg','/static/media/uploads/taipei/cheng-pin-dun-nan-dian_1.jpg','','b46300eb-1e8a-11e2-8a22-e4ce8f4b5244','2012-10-25 09:59:45.529432+00:00');
INSERT INTO "city_picture" VALUES('b464c061-1e8a-11e2-b9d9-e4ce8f4b5244','cheng-pin-dun-nan-dian_2.jpg','/static/media/uploads/taipei/cheng-pin-dun-nan-dian_2.jpg','','b46300eb-1e8a-11e2-8a22-e4ce8f4b5244','2012-10-25 09:59:45.534626+00:00');
INSERT INTO "city_picture" VALUES('b4704a85-1e8a-11e2-a74c-e4ce8f4b5244','cheng-pin-dun-nan-dian_3.jpg','/static/media/uploads/taipei/cheng-pin-dun-nan-dian_3.jpg','','b46300eb-1e8a-11e2-8a22-e4ce8f4b5244','2012-10-25 09:59:45.610012+00:00');
INSERT INTO "city_place" VALUES('b4717bf5-1e8a-11e2-bf30-e4ce8f4b5244','茉莉二手书店','Mo Li Er Shou Shu Dian',12,5,'121.531446','25.016177','在书价动辄几百台币的台北，能够有这样一家价平货好的二手书店实在是文艺青年们的福利。',7,'{"website": "store.pchome.com.tw", "openTime": "\u6bcf\u592912am\u523010pm\u5f00\u653e", "phoneNumber": "886 2 2369 2780", "description": "\u8309\u8389\u4e8c\u624b\u4e66\u5e97\u662f\u4e00\u5bb6\u8fde\u9501\u65e7\u4e66\u5e97\uff0c\u5e97\u9762\u4e0d\u7b97\u5c0f\uff0c\u4e66\u7c4d\u9009\u62e9\u5f88\u591a\uff0c\u987e\u5ba2\u7ecf\u5e38\u80fd\u4ee5\u4fbf\u5b9c\u7684\u4ef7\u683c\u6dd8\u5230\u597d\u4e66\u3002\u5e97\u5185\u4ee5\u7efc\u5408\u56fe\u4e66\u4e3a\u4e3b\uff0c100\u576a\u7684\u4e66\u5e97\u7a7a\u95f4\uff0c\u5305\u62ec\u4e00\u697c\u5bbd\u655e\u8212\u9002\u7684\u9605\u8bfb\u7a7a\u95f4\u548c\u4f11\u61a9\u96c5\u5ea7\uff0c\u548c\u5730\u4e0b\u5ba4\u4f11\u95f2\u4e0e\u7ae5\u4e66\u533a\u57df\uff0c\u662f\u4e00\u5bb6\u5927\u5c0f\u670b\u53cb\u627e\u4e66\u5bfb\u5b9d\u7684\u597d\u5730\u65b9\u3002", "arriveMethod": "\u5730\u94c1\u6377\u8fd0\u516c\u9986\u7ad9\u6216\u53f0\u7535\u5927\u697c\u7ad9\uff0c\u6b65\u884c5\u5206\u949f\u7686\u53ef\u5230\u8fbe", "address": "\u53f0\u6e7e \u53f0\u5317\u5e02\u4e2d\u6b63\u533a\u7f57\u65af\u798f\u8def\u4e09\u6bb5244\u5df710\u5f0417\u53f7"}');
INSERT INTO "city_picture" VALUES('b4729ef8-1e8a-11e2-b91b-e4ce8f4b5244','mo-li-er-shou-shu-dian_1.jpg','/static/media/uploads/taipei/mo-li-er-shou-shu-dian_1.jpg','','b4717bf5-1e8a-11e2-bf30-e4ce8f4b5244','2012-10-25 09:59:45.625556+00:00');
INSERT INTO "city_picture" VALUES('b4735942-1e8a-11e2-894b-e4ce8f4b5244','mo-li-er-shou-shu-dian_2.jpg','/static/media/uploads/taipei/mo-li-er-shou-shu-dian_2.jpg','','b4717bf5-1e8a-11e2-bf30-e4ce8f4b5244','2012-10-25 09:59:45.630353+00:00');
INSERT INTO "city_picture" VALUES('b4741859-1e8a-11e2-865c-e4ce8f4b5244','mo-li-er-shou-shu-dian_3.jpg','/static/media/uploads/taipei/mo-li-er-shou-shu-dian_3.jpg','','b4717bf5-1e8a-11e2-bf30-e4ce8f4b5244','2012-10-25 09:59:45.635247+00:00');
INSERT INTO "city_place" VALUES('b475199e-1e8a-11e2-b45e-e4ce8f4b5244','水准书局','Shui Zhun Shu Ju',12,5,'121.527996','25.024659','号称全台书价最便宜的水准书局，有一个热心肠的老板，值得去买买看。',7,'{"phoneNumber": "886 2 2364 5726 \u200e", "description": "\u6c34\u51c6\u4e66\u5c40\u53f7\u79f0\u201c\u6700\u4fbf\u5b9c\u7684\u4e66\u5e97\u201d\uff0c\u5f88\u591a\u65b0\u4e66\u7684\u4ef7\u683c\u5728\u8fd9\u91cc\u5e38\u5e38\u4f4e\u81f3\u4e03\u6298\u3002\u8001\u677f\u662f\u4e2a\u201c\u8857\u5934\u54f2\u5b66\u5bb6\u201d\uff0c\u6ee1\u8179\u7ecf\u7eb6\uff0c\u89c1\u4f60\u662f\u5b66\u751f\u6a21\u6837\uff0c\u65b0\u4e66\u8fd8\u80fd\u6253\u5230\u516d\u6298\uff0c\u63a8\u9500\u597d\u4e66\u4e0d\u9057\u4f59\u529b\uff0c\u6562\u6253\u5305\u7968\u548c\u5ba2\u4eba\u8bf4\uff1a\u4e0d\u597d\u770b\u9000\u94b1\u3002", "address": "\u53f0\u6e7e \u53f0\u5317\u5e02\u5927\u5b89\u533a\u6d66\u57ce\u88571\u53f7"}');
INSERT INTO "city_picture" VALUES('b4760a5c-1e8a-11e2-9274-e4ce8f4b5244','shui-zhun-shu-ju_1.jpg','/static/media/uploads/taipei/shui-zhun-shu-ju_1.jpg','','b475199e-1e8a-11e2-b45e-e4ce8f4b5244','2012-10-25 09:59:45.647791+00:00');
INSERT INTO "city_picture" VALUES('b476e60a-1e8a-11e2-9ba4-e4ce8f4b5244','shui-zhun-shu-ju_2.jpg','/static/media/uploads/taipei/shui-zhun-shu-ju_2.jpg','','b475199e-1e8a-11e2-b45e-e4ce8f4b5244','2012-10-25 09:59:45.653577+00:00');
INSERT INTO "city_picture" VALUES('b483a040-1e8a-11e2-96dc-e4ce8f4b5244','shui-zhun-shu-ju_3.jpg','/static/media/uploads/taipei/shui-zhun-shu-ju_3.jpg','','b475199e-1e8a-11e2-b45e-e4ce8f4b5244','2012-10-25 09:59:45.736936+00:00');
INSERT INTO "city_place" VALUES('b48ae685-1e8a-11e2-a6d3-e4ce8f4b5244','师大夜市','Shi Da Ye Shi',6,5,'121.531400','25.024273','美女最多的夜市，不但可餐，还多秀色。',4,'{"description": "\u5e08\u5927\u591c\u5e02\u662f\u4e00\u4e2a\u5145\u6ee1\u591a\u5143\u6837\u8c8c\u7684\u5730\u65b9\uff0c\u4e0d\u540c\u4e8e\u4f20\u7edf\u7684\u58eb\u6797\u3001\u9976\u6cb3\u89c2\u5149\u591c\u5e02\uff0c\u5e08\u5927\u591c\u5e02\u62e5\u6709\u6d53\u539a\u72ec\u7279\u7684\u4eba\u6587\u827a\u672f\u6c1b\u56f4\u3002\u50cf\u662f\u4f4d\u4e8e\u5e08\u5927\u8def\u65c1\u7684\u5e08\u5927\u516c\u56ed\uff0c\u6bcf\u5230\u5468\u672b\u591c\u665a\u4eba\u6f6e\u805a\u96c6\uff0c\u5728\u5e08\u5927\u516c\u56ed\u65c1\u53ef\u4ee5\u770b\u89c1\u5e74\u8f7b\u4eba\u5728\u9732\u5929\u5c0f\u5267\u573a\u4e2d\u8868\u6f14\u73b0\u4ee3\u70ed\u821e\u3001\u6b4c\u5531\uff0c\u4e00\u65c1\u8fd8\u6709\u521b\u610f\u5e02\u96c6\u3001\u8def\u8fb9\u644a\u5546\u8d29\u7b49\u3002\u9664\u6b64\u4e4b\u5916\uff0c\u5e08\u5927\u591c\u5e02\uff0c\u662f\u8bb8\u591a\u5927\u5b66\u751f\u559c\u6b22\u5bfb\u5b9d\u8d2d\u7269\u3001\u538b\u9a6c\u8def\u7684\u5730\u65b9\u3002\u5e08\u5927\u591c\u5e02\u9f99\u6cc9\u8857\u4e0a\u4e00\u6574\u6761\u7684\u6446\u5730\u644a\uff0c\u5f62\u5f62\u8272\u8272\u5c0f\u9970\u54c1\u4e0e\u7b26\u5408\u5b66\u751f\u9700\u6c42\u7684\u5f53\u5b63\u6b3e\u6d41\u884c\u670d\u9970\uff0c\u72ec\u7279\u7684\u521b\u610f\u6b3e\u5f0f\u90fd\u4ee4\u4eba\u7231\u4e0d\u91ca\u624b\u3002\u5e08\u5927\u7f8e\u672f\u7cfb\u7684\u5b66\u751f\u53d1\u6325\u5947\u60f3\uff0c\u50cf\u662f\u521b\u610f\u5f69\u7ed8\u7684\u624b\u7ed8\u9e2d\u820c\u5e3d\u3001\u96e8\u978b\uff0c\u628a\u827a\u672f\u7684\u60f3\u50cf\u878d\u5408\u65f6\u5c1a\u7684\u8bbe\u8ba1\u611f\uff0c\u72ec\u4e00\u65e0\u4e8c\u7684\u5448\u73b0\u51fa\u6765\uff0c\u5e26\u52a8\u5e08\u5927\u591c\u5e02\u4e00\u9f13\u65b0\u8fdb\u6f6e\u6d41\uff0c\u4f7f\u5f97\u5e08\u5927\u591c\u5e02\u6210\u70ba\u5b66\u751f\u6d41\u884c\u521b\u610f\u7684\u5148\u53d1\u5730\u3002", "arriveMethod": "\u6377\u8fd0\u65b0\u5e97\u7ebf\u53f0\u7535\u5927\u697c3\u53f7\u53e3\u51fa", "address": "\u53f0\u6e7e \u53f0\u5317\u5e02\u5927\u5b89\u533a\u6cf0\u987a\u8857\u9644\u8fd1"}');
INSERT INTO "city_picture" VALUES('b48bc982-1e8a-11e2-968f-e4ce8f4b5244','shi-da-ye-shi_1.jpg','/static/media/uploads/taipei/shi-da-ye-shi_1.jpg','','b48ae685-1e8a-11e2-a6d3-e4ce8f4b5244','2012-10-25 09:59:45.790521+00:00');
INSERT INTO "city_picture" VALUES('b48cb98c-1e8a-11e2-8c4a-e4ce8f4b5244','shi-da-ye-shi_2.jpg','/static/media/uploads/taipei/shi-da-ye-shi_2.jpg','','b48ae685-1e8a-11e2-a6d3-e4ce8f4b5244','2012-10-25 09:59:45.796423+00:00');
INSERT INTO "city_picture" VALUES('b48d8ea3-1e8a-11e2-9646-e4ce8f4b5244','shi-da-ye-shi_3.jpg','/static/media/uploads/taipei/shi-da-ye-shi_3.jpg','','b48ae685-1e8a-11e2-a6d3-e4ce8f4b5244','2012-10-25 09:59:45.802078+00:00');
INSERT INTO "city_picture" VALUES('b48e71e6-1e8a-11e2-bf87-e4ce8f4b5244','shi-da-ye-shi_4.jpg','/static/media/uploads/taipei/shi-da-ye-shi_4.jpg','','b48ae685-1e8a-11e2-a6d3-e4ce8f4b5244','2012-10-25 09:59:45.807719+00:00');
INSERT INTO "city_place" VALUES('b48f6e14-1e8a-11e2-9fda-e4ce8f4b5244','秋惠文库','Qiu Hui Wen Ku',2,5,'121.529611','25.033569','秋惠文库藏身于一幢大厦的3楼，可说是小型纪念收藏馆，处处彰显老板的好品味。',7,'{"website": "http://www.facebook.com/FormosaMuseum?ref=ts", "ticketInfo": "\u4eba\u5747150\u65b0\u53f0\u5e01", "openTime": "11:00~21:00\uff0c\u5468\u4e00\u516c\u4f11", "phoneNumber": "02-2351-5723 ", "description": "\u79cb\u60e0\u6587\u5e93\u9690\u8eab\u5728\u70ed\u95f9\u7684\u53f0\u5317\u5e02\u6c38\u5eb7\u8857\u5546\u5708\u88e1\uff0c\u91cc\u5934\u5c55\u793a\u6797\u4e8e\u6609\u82b1\u4e86\u8fd110\u5e74\u6536\u7f57\u5230\u7684\u53f0\u6e7e\u53e4\u6587\u7269\uff0c\u5305\u62ec\u53f2\u6599\u6587\u732e\u3001\u53e4\u5730\u56fe\u3001\u6c11\u4fd7\u827a\u54c1\u3001\u771f\u8de1\u5b57\u753b\uff0c\u4e43\u81f3\u5de5\u5546\u767e\u4e1a\u7684\u4f20\u7edf\u6587\u7269\uff0c\u85c9\u6b64\u5c55\u73b0\u53f0\u6e7e\u6b77\u7ecf\u8377\u5170\u3001\u5357\u90d1\u3001\u6e05\u5ef7\u3001\u65e5\u672c\uff0c\u4e43\u81f3\u56fd\u6c11\u653f\u5e9c\u8fc1\u53f0\u7b49\u5404\u4e2a\u65f6\u671f\u7684\u591a\u5143\u6587\u5316\u6837\u8c8c\u3002\u8fd9\u91cc\u662f\u535a\u7269\u9986\uff0c\u4e5f\u662f\u5496\u5561\u9986\uff0c\u4e0d\u5fc5\u82b1\u95e8\u7968\u94b1\uff0c\u53ea\u8981\u8fdb\u6765\u559d\u676f\u5496\u5561\uff0c\u5c31\u80fd\u5c3d\u60c5\u4e0e\u5e97\u5bb6\u82b1\u4e86\u8fd110\u5e74\u6536\u7f57\u5230\u7684\u53f0\u6e7e\u53e4\u6587\u7269\u8fd1\u8ddd\u79bb\u63a5\u89e6\uff0c\u8fd8\u80fd\u4e0e\u5e97\u4e3b\u804a\u804a\u5929\u5462\u3002", "arriveMethod": "\u6377\u8fd0\u6728\u6805\u7ebf\u5927\u5b89\u7ad9\u5f80\u6c38\u5eb7\u8857\u65b9\u5411\u6b65\u884c\u3002", "address": "\u53f0\u5317\u5e02\u5927\u5b89\u533a\u4fe1\u4e49\u8def\u4e8c\u6bb5178\u53f73\u697c"}');
INSERT INTO "city_picture" VALUES('b4905f87-1e8a-11e2-a7c5-e4ce8f4b5244','qiu-hui-wen-ku_1.jpg','/static/media/uploads/taipei/qiu-hui-wen-ku_1.jpg','','b48f6e14-1e8a-11e2-9fda-e4ce8f4b5244','2012-10-25 09:59:45.820322+00:00');
INSERT INTO "city_picture" VALUES('b4913521-1e8a-11e2-b4e6-e4ce8f4b5244','qiu-hui-wen-ku_2.jpg','/static/media/uploads/taipei/qiu-hui-wen-ku_2.jpg','','b48f6e14-1e8a-11e2-9fda-e4ce8f4b5244','2012-10-25 09:59:45.825945+00:00');
INSERT INTO "city_picture" VALUES('b4922f82-1e8a-11e2-aa32-e4ce8f4b5244','qiu-hui-wen-ku_3.jpg','/static/media/uploads/taipei/qiu-hui-wen-ku_3.jpg','','b48f6e14-1e8a-11e2-9fda-e4ce8f4b5244','2012-10-25 09:59:45.831993+00:00');
INSERT INTO "city_picture" VALUES('b492f9dc-1e8a-11e2-a993-e4ce8f4b5244','qiu-hui-wen-ku_4.jpg','/static/media/uploads/taipei/qiu-hui-wen-ku_4.jpg','','b48f6e14-1e8a-11e2-9fda-e4ce8f4b5244','2012-10-25 09:59:45.837601+00:00');
INSERT INTO "city_place" VALUES('b4940aab-1e8a-11e2-aaf4-e4ce8f4b5244','台北小巨蛋','Taipei Arena',8,5,'121.549569','25.051346','无论本土还是外来艺人，在台最风光的表演必定是开在小巨蛋的。',7,'{"website": "taipeiarena.com.tw", "ticketInfo": "\u53c2\u89c2\u796830\u65b0\u53f0\u5e01", "openTime": "\u5468\u4e00\u81f3\u5468\u4e94\uff1a10:00~21:00\uff1b\u5468\u516d\uff1a09:00~21:00\u5468\u65e5\uff1a09:00~18:00", "phoneNumber": "886 2 25783536", "description": "\u5c0f\u5de8\u86cb\u4e3a\u53f0\u6e7e\u7b2c\u4e00\u5ea7\u56fd\u9645\u6027\u5927\u578b\u7efc\u5408\u4f53\u80b2\u9986\uff0c\u5206\u4e3a\u4e3b\u9986\u548c\u526f\u9986\uff0c\u4e3b\u9986\u4e3a\u591a\u7528\u9014\u4f53\u80b2\u9986\u53ef\u6ee1\u8db3\u591a\u9879\u8fd0\u52a8\u7ade\u6280\u3001\u5c55\u89c8\u3001\u827a\u672f\u8868\u6f14\u3001\u6f14\u5531\u4f1a\u3001\u96c6\u4f1a\u7b49\u5927\u578b\u6d3b\u52a8\u4f7f\u7528\uff0c\u62e5\u670915,000\u5e2d\u89c2\u4f17\u5e2d\uff0c\u5e76\u8bbe\u670948\u95f4\u56fd\u5185\u9996\u521b\u7684\u8d35\u5bbe\u5305\u53a2\uff0c\u526f\u9986\u5219\u6709800\u4e2a\u4f4d\u7f6e\u7684\u6e9c\u51b0\u573a\u53ca\u5065\u5eb7\u4f11\u95f2\u4e2d\u5fc3\uff0c\u89c4\u5212\u6709\u5065\u8eab\u623f\u3001\u821e\u8e48\u6559\u5ba4\u53ca\u58c1\u7403\u573a\u3002", "arriveMethod": "\u6377\u8fd0\u6728\u6805\u7ebf\u81f3\u5357\u4eac\u4e1c\u8def\u7ad9\u4e0b\u8f66\uff0c\u5f80\u73af\u4e9a\u767e\u8d27\u65b9\u5411\u6b65\u884c\u7ea610\u5206\u949f\uff1b262\u3001282\u3001288\u3001306\u300146\u3001604\u3001668\u3001\u68d59\u3001\u68d510\u7b49\u516c\u8f66\u81f3\u5357\u4eac\u6566\u5316\u8def\u53e3\u7ad9\u4e0b\u8f66\u3002", "address": "\u53f0\u5317\u5e02\u677e\u5c71\u533a\u5357\u4eac\u4e1c\u8def4\u6bb52\u53f7"}');
INSERT INTO "city_picture" VALUES('b494f582-1e8a-11e2-85fd-e4ce8f4b5244','tai-bei-xiao-ju-dan_1.jpg','/static/media/uploads/taipei/tai-bei-xiao-ju-dan_1.jpg','','b4940aab-1e8a-11e2-aaf4-e4ce8f4b5244','2012-10-25 09:59:45.850663+00:00');
INSERT INTO "city_picture" VALUES('b495e8c2-1e8a-11e2-aa49-e4ce8f4b5244','tai-bei-xiao-ju-dan_2.jpg','/static/media/uploads/taipei/tai-bei-xiao-ju-dan_2.jpg','','b4940aab-1e8a-11e2-aaf4-e4ce8f4b5244','2012-10-25 09:59:45.856749+00:00');
INSERT INTO "city_picture" VALUES('b496c921-1e8a-11e2-a7c4-e4ce8f4b5244','tai-bei-xiao-ju-dan_3.jpg','/static/media/uploads/taipei/tai-bei-xiao-ju-dan_3.jpg','','b4940aab-1e8a-11e2-aaf4-e4ce8f4b5244','2012-10-25 09:59:45.862375+00:00');
INSERT INTO "city_place" VALUES('b49e6221-1e8a-11e2-96ce-e4ce8f4b5244','忠孝敦化','Zhong Xiao Dun Hua',12,5,'121.551101','25.041481','忠孝敦化、忠孝复兴、忠孝新生这一代，合称“东区”，乃是台北当下最热闹的商圈。',8,'{"description": "\u4e1c\u533a\u7684\u5fe0\u5b5d\u6566\u5316\u4e3b\u8981\u7531\u5fe0\u5b5d\u4e1c\u8def\u56db\u6bb5\u548c\u6566\u5316\u5357\u8def\u7ec4\u6210\uff0c\u6db5\u62ec\u6377\u8fd0\u7684\u5fe0\u5b5d\u6566\u5316\u53ca\u5fe0\u5b5d\u590d\u5174\u7ad9\u4e00\u5e26\uff0c\u582a\u79f0\u4e3a\u53f0\u5317\u6700\u7e41\u76db\u7684\u5730\u65b9\uff0c\u4ee3\u8868\u4e86\u4e00\u79cd\u76f8\u5bf9\u7cbe\u81f4\u7684\u6d88\u8d39\u6587\u5316\u3002\u5728\u4e3b\u8857\u4e0a\uff0c\u6bcf\u8d70\u4e09\u4e94\u6b65\u5c31\u6709\u4e00\u95f4\u9ad8\u7ea7\u7cbe\u54c1\u7684\u65d7\u8230\u5e97\uff0c\u5e97\u5185\u9648\u5217\u7740\u5bcc\u6709\u54c1\u5473\u7684\u540d\u724c\u670d\u9970\u3001\u73e0\u5b9d\u3001\u978b\u5b50\u548c\u76ae\u4ef6\uff0c\u5c24\u5176\u4ecesogo\u6566\u5357\u4e8c\u9986\u5230\u8fdc\u4f01\u8d2d\u7269\u4e2d\u5fc3\u4e00\u5e26\uff0c\u4ece\u9876\u7ea7\u73e0\u5b9d\u7684\u4f7c\u4f7c\u8005cartier\u3001\u9886\u5bfc\u65f6\u5c1a\u6f6e\u6d41\u7684\uff2c\uff36\u3001\u5230\u5e74\u8f7b\u4eba\u7684\u6700\u7231\uff24\uff2b\uff2e\uff39\u7b49\u7b49\u54c1\u724c\u90fd\u5750\u843d\u5176\u4e2d\u3002\u800c\u6566\u5316\u5357\u8def\u4e00\u6bb5\u7684\u6df1\u5df7\u4e2d\uff0c\u4ea6\u85cf\u7740\u4e00\u5927\u5806\u6781\u5bcc\u5c0f\u8d44\u60c5\u8c03\u548c\u98ce\u683c\u7684\u7f8e\u4e3d\u5e97\u94fa\uff0c\u6ee1\u662f\u53e4\u8463ZAKKA\u98ce\u683c\u7684CAFE\u3001\u6781\u5177\u4e1c\u5357\u4e9a\u98ce\u60c5\u7684\u9910\u9986\u3001\u5973\u751f\u8fdb\u4e86\u95e8\u5c31\u4f1a\u5c16\u53eb\u7684\u6ee1\u662f\u6f02\u4eae\u7cd6\u679c\u7684\u751c\u54c1\u5e97\u2026\u2026\u4e0d\u8bba\u662f\u77d7\u7acb\u5728\u5fe0\u5b5d\u4e1c\u8def\u4e0a\u7684\u4f17\u5bb6\u767e\u8d27\u516c\u53f8\uff0c\u6216\u662f\u901b\u5728\u9690\u533f\u4e8e\u5df7\u5f04\u4e2d\u7684\u7433\u7405\u6ee1\u76ee\u7684\u4e2a\u6027\u5c0f\u5e97\uff0c\u5fe0\u5b5d\u6566\u5316\u603b\u6709\u80fd\u591f\u6293\u4f4f\u8def\u4eba\u89c6\u7ebf\u7684\u72ec\u5230\u4e4b\u5904\u3002", "arriveMethod": "\u5730\u94c1\u6377\u8fd0\u5fe0\u5b5d\u6566\u5316\u7ad9", "address": "\u53f0\u6e7e\u53f0\u5317\u5e02\u5fe0\u5b5d\u4e1c\u8def\u56db\u6bb5\u4e0e\u6566\u5316\u5357\u8def\u4ea4\u6c47\u9644\u8fd1"}');
INSERT INTO "city_picture" VALUES('b49f5e3d-1e8a-11e2-ba45-e4ce8f4b5244','zhong-xiao-dun-hua_1.jpg','/static/media/uploads/taipei/zhong-xiao-dun-hua_1.jpg','','b49e6221-1e8a-11e2-96ce-e4ce8f4b5244','2012-10-25 09:59:45.918853+00:00');
INSERT INTO "city_picture" VALUES('b4a04f54-1e8a-11e2-a1e1-e4ce8f4b5244','zhong-xiao-dun-hua_2.jpg','/static/media/uploads/taipei/zhong-xiao-dun-hua_2.jpg','','b49e6221-1e8a-11e2-96ce-e4ce8f4b5244','2012-10-25 09:59:45.924973+00:00');
INSERT INTO "city_place" VALUES('b4a16eae-1e8a-11e2-9849-e4ce8f4b5244','康青龙生活街区','Kang Qing Long Life Neighborhoods',12,5,'121.529611','25.033564','康青龙代表了台北一类人的生活态度，即将用心生活与工作合为一体，很羡慕有人可以这样活着。',8,'{"description": "\u201c\u5eb7\u9752\u9f99\u201d\u4e0d\u662f\u4e00\u4e2a\u4eba\u7684\u540d\u5b57\uff0c\u800c\u662f\u53f0\u5317\u4e09\u6761\u8857\u5df7\u540d\u79f0\u9996\u5b57\u7684\u7ec4\u5408\uff0c\u5b83\u4eec\u5206\u522b\u662f\u6c38\u5eb7\u8857\u3001\u9752\u7530\u8857\u3001\u9f99\u6cc9\u8857\uff0c\u642d\u6377\u8fd0\u5728\u4e2d\u6b63\u7eaa\u5ff5\u5802\u7ad9\u4e0b\u8f66\u53ef\u5230\u3002\u4e0d\u8fc7\u9053\u5730\u7684\u53f0\u5317\u4eba\u4f1a\u544a\u8bc9\u4f60\u201c\u5eb7\u9752\u9f99\u201d\u4e5f\u4e0d\u5355\u6307\u8fd9\u4e09\u6761\u8857\uff0c\u800c\u662f\u4e00\u5927\u7247\u4eba\u6587\u835f\u8403\u7684\u4f20\u7edf\u6587\u5316\u751f\u6d3b\u8857\u533a\u7684\u7edf\u79f0\u3002\u53f0\u6e7e\u5149\u590d\u524d\uff0c\u8fd9\u91cc\u539f\u662f\u65e5\u672c\u9ad8\u7ea7\u6587\u5b98\u7684\u4f4f\u5b85\u533a\uff0c\u6b64\u540e\u53f0\u6e7e\u5927\u5b66\u7b49\u8bb8\u591a\u9ad8\u6821\u7684\u6559\u6388\u548c\u5b66\u751f\u4e5f\u591a\u5728\u8fd9\u4e00\u5e26\u751f\u6d3b\uff0c\u7ecf\u8fc7\u6570\u5341\u5e74\u7684\u6c89\u6dc0\u79ef\u7d2f\uff0c\u5eb7\u9752\u9f99\u6e10\u6e10\u6210\u4e3a\u53f0\u5317\u57ce\u4e2d\u6700\u5bcc\u6587\u5316\u610f\u5473\u7684\u751f\u6d3b\u5708\u3002\u7279\u6b8a\u7684\u5386\u53f2\u6587\u5316\u80cc\u666f\u9020\u5c31\u4e86\u8857\u533a\u5c0f\u5df7\u5f04\u5185\u8bb8\u591a\u4e2a\u6027\u72ec\u7279\u7684\u5496\u5561\u9986\u3001\u4e66\u5e97\u3001\u9910\u9986\u3001\u751f\u6d3b\u6742\u5fd7\u94fa\uff0c\u5e97\u4e3b\u4eec\u62b1\u7740\u201c\u8d5a\u751f\u6d3b\u800c\u4e0d\u662f\u8d5a\u94b1\u201d\u7684\u6001\u5ea6\uff0c\u51ed\u7740\u7231\u597d\u7528\u5fc3\u7ecf\u8425\u7740\u81ea\u5bb6\u5e97\u94fa\uff0c\u5851\u9020\u4e86\u8fd9\u4e00\u5e26\u65e2\u5bcc\u751f\u6d3b\u6c14\u606f\u53c8\u4e0d\u4e4f\u60c5\u8c03\u7684\u72ec\u7279\u6c14\u8d28\u3002\u4f60\u5927\u53ef\u9009\u5bb6\u770b\u7740\u987a\u773c\u7684\u5e97\u8d70\u8fdb\u53bb\uff0c\u70b9\u4e0a\u4e00\u676f\u5496\u5561\u6216\uff0c\u4e0e\u5e97\u4e3b\u804a\u4e0a\u4e24\u53e5\uff0c\u53bb\u611f\u53d7\u53f0\u6e7e\u672c\u571f\u4eba\u751f\u6d3b\u7684\u90a3\u4efd\u5b89\u7136\u606c\u9759\u3002", "arriveMethod": "\u5730\u94c1\u6377\u8fd0\u4e2d\u6b63\u7eaa\u5ff5\u5802\u6216\u53e4\u4ead\u7ad9", "address": "\u53f0\u6e7e\u53f0\u5317\u5e02\u6c38\u5eb7\u8857"}');
INSERT INTO "city_picture" VALUES('b4a288de-1e8a-11e2-909a-e4ce8f4b5244','kang-qing-long-sheng-huo-jie-qu_1.jpg','/static/media/uploads/taipei/kang-qing-long-sheng-huo-jie-qu_1.jpg','','b4a16eae-1e8a-11e2-9849-e4ce8f4b5244','2012-10-25 09:59:45.939266+00:00');
INSERT INTO "city_picture" VALUES('b4a3c442-1e8a-11e2-895a-e4ce8f4b5244','kang-qing-long-sheng-huo-jie-qu_2.jpg','/static/media/uploads/taipei/kang-qing-long-sheng-huo-jie-qu_2.jpg','','b4a16eae-1e8a-11e2-9849-e4ce8f4b5244','2012-10-25 09:59:45.946758+00:00');
INSERT INTO "city_picture" VALUES('b4a4f08a-1e8a-11e2-b3e7-e4ce8f4b5244','kang-qing-long-sheng-huo-jie-qu_3.jpg','/static/media/uploads/taipei/kang-qing-long-sheng-huo-jie-qu_3.jpg','','b4a16eae-1e8a-11e2-9849-e4ce8f4b5244','2012-10-25 09:59:45.954555+00:00');
INSERT INTO "city_picture" VALUES('b4a648c0-1e8a-11e2-b66a-e4ce8f4b5244','kang-qing-long-sheng-huo-jie-qu_4.jpg','/static/media/uploads/taipei/kang-qing-long-sheng-huo-jie-qu_4.jpg','','b4a16eae-1e8a-11e2-9849-e4ce8f4b5244','2012-10-25 09:59:45.963544+00:00');
INSERT INTO "city_place" VALUES('b4a775f5-1e8a-11e2-a104-e4ce8f4b5244','西门町','Xi Men Ding',12,5,'121.507223','25.043508','已有百年的西门町如今仍是年轻人的最爱，既有历史感，又活力四射，奇妙的美感。',8,'{"description": "\u201c\u8d70\u8fc7\u7537\u7537\u5973\u5973\u604b\u7231\u7684\u5f69\u8272\u897f\u95e8\u753a\uff0c\u8bb2\u6b63\u7ecf\u6709\u962e\u5c11\u5e74\u7684\u5fc3\u60c5\u201d\uff0c\u8fd8\u8bb0\u5f97\u300a\u5411\u5de6\u8d70\u5411\u53f3\u8d70\u300b\u4e2d\u6881\u548f\u742a\u5728\u8857\u5df7\u4e2d\u75af\u72c2\u5bfb\u627e\u91d1\u57ce\u6b66\u7684\u753b\u9762\u4e48\uff0c\u5c31\u662f\u5728\u897f\u95e8\u753a\u3002\u897f\u95e8\u753a\u7684\u5730\u540d\u6765\u81ea\u65e5\u636e\u65f6\u4ee3\uff0c1922\u5e74\u6b63\u5f0f\u5b9a\u540d\uff0c\u4e00\u76f4\u662f\u53f0\u5317\u897f\u533a\u7ec8\u4e8e\u7684\u6d88\u8d39\u5546\u5708\uff0c\u540c\u65f6\u4e5f\u662f\u91cd\u8981\u7684\u4ea4\u901a\u4e2d\u8f6c\u7ad9\u3002\u8fd9\u91cc\u66fe\u662f\u53f0\u5317\u53f0\u5317\u884c\u653f\u5355\u4f4d\u53ca\u6d41\u884c\u6587\u5316\u7684\u4e2d\u5fc3\uff0c\u867d\u7136\u968f\u7740\u5e02\u653f\u5e9c\u7684\u4e1c\u79fb\uff0c\u91cd\u8981\u6027\u5df2\u5927\u4e0d\u5982\u524d\uff0c\u4f46\u4f9d\u65e7\u662f\u53f0\u5317\u65c5\u6e38\u671d\u5723\u7684\u6240\u5728\uff0c\u878d\u5408\u4e86\u65e5\u5f0f\u3001\u7f8e\u5f0f\u3001\u4e2d\u5f0f\u98ce\u683c\u7684\u5e97\u9762\u4ea4\u76f8\u8f89\u6620\uff0c\u917f\u51fa\u53e4\u8001\u4e0e\u6f6e\u6d41\u4ea4\u7ec7\u7684\u78b0\u649e\u3002\u4eba\u6f6e\u6d8c\u52a8\u7684\u897f\u95e8\u753a\uff0c\u8ba9\u4eba\u8d8b\u4e4b\u82e5\u9e5c\u7684\u4e0d\u6b62\u662f\u6f6e\u7269\uff0c\u8fd8\u6709\u90a3\u4e9b\u5386\u7ecf\u534a\u4e16\u7eaa\u7684\u8001\u5b57\u53f7\u53ca\u65b0\u7f8e\u5473\u3002\u85cf\u5728\u5df7\u5b50\u91cc\u7684\u963f\u5b97\u9762\u7ebf\u3001\u4e13\u5356\u5364\u5473\u7684\u8001\u5929\u7984\uff0c\u90fd\u662f\u56fd\u5185\u5916\u6e38\u5ba2\u4ee5\u53ca\u5927\u660e\u661f\u6765\u53f0\u6307\u5b9a\u7684\u7f8e\u5473\u3002\u6700\u5177\u7279\u8272\u5f92\u6b65\u533a\u662f\u53f0\u5317\u7b2c\u4e00\u6761\u4e13\u4e3a\u884c\u4eba\u8bbe\u7f6e\u7684\u533a\u57df\uff0c\u7ea2\u697c\u3001\u523a\u9752\u8857\u3001\u7535\u5f71\u8857\u3001KTV\u3001\u4e07\u5e74\u5927\u697c\u3001\u4e07\u56fd\u767e\u8d27\u3001\u8bda\u54c1\u4e66\u5e97\u548c\u5404\u5f0f\u5404\u6837\u7684\u7cbe\u54c1\u5c0f\u5e97\u90fd\u53ef\u4ee5\u5728\u897f\u95e8\u753a\u770b\u5230\uff0c\u662f\u53f0\u5317\u6c11\u4f17\u5047\u65e5\u6700\u559c\u7231\u7684\u53bb\u5904\u4e4b\u4e00\u3002", "arriveMethod": "\u516c\u4ea4\u8f6665\u3001302\u3001304\u3001307\u3001310\u3001527\u3001601\u3001604\u3001624\u3001628\u3001637\u3001662\u3001701\u3001702\u81f3\u6377\u8fd0\u897f\u95e8\u7ad9\uff0c9\u300118\u300120\u300149\u3001206\u3001222\u3001232\u3001245\u3001257\u3001263\u3001513\u3001621\u3001635\u3001637\u3001640\u81f3\u5b9d\u5e86\u8def\u7ad9\u5730\u94c1\u642d\u4e58\u6377\u8fd0\u677f\u5357\u7ebf\u81f3\u897f\u95e8\u7ad9\uff0c\u51fa6\u53f7\u51fa\u53e3\u5373\u53ef\u5230\u8fbe", "address": "\u53f0\u6e7e \u53f0\u5317\u5e02\u4e07\u534e\u533a\u897f\u95e8\u753a"}');
INSERT INTO "city_picture" VALUES('b4a86287-1e8a-11e2-b27e-e4ce8f4b5244','xi-men-ting_1.jpg','/static/media/uploads/taipei/xi-men-ting_1.jpg','','b4a775f5-1e8a-11e2-a104-e4ce8f4b5244','2012-10-25 09:59:45.977895+00:00');
INSERT INTO "city_picture" VALUES('b4a945ca-1e8a-11e2-abac-e4ce8f4b5244','xi-men-ting_2.jpg','/static/media/uploads/taipei/xi-men-ting_2.jpg','','b4a775f5-1e8a-11e2-a104-e4ce8f4b5244','2012-10-25 09:59:45.983506+00:00');
INSERT INTO "city_picture" VALUES('b4aa1c02-1e8a-11e2-8dc7-e4ce8f4b5244','xi-men-ting_3.jpg','/static/media/uploads/taipei/xi-men-ting_3.jpg','','b4a775f5-1e8a-11e2-a104-e4ce8f4b5244','2012-10-25 09:59:45.989159+00:00');
INSERT INTO "city_place" VALUES('b4ab3542-1e8a-11e2-8e22-e4ce8f4b5244','台北车站','Taipei Main Station',12,5,'121.517546','25.046237','做为台北人流量最大的地方，台北车站打出了一张非常好的印象牌，这里无论吃买或玩，都令人满意。',8,'{"website": "www.railway.gov.tw", "description": "\u53f0\u5317\u8f66\u7ad9\u5730\u5904\u53f0\u5317\u5e02\u4e2d\u5fc3\uff0c\u662f\u4e2a\u56db\u901a\u516b\u8fbe\u7684\u4ea4\u901a\u67a2\u7ebd\uff0c\u6377\u8fd0\u3001\u9ad8\u94c1\u3001\u53f0\u94c1\u3001\u673a\u573a\u5df4\u58eb\u3001\u957f\u9014\u5df4\u58eb\u90fd\u5728\u6b64\u59cb\u53d1\u6216\u7ecf\u505c\uff0c\u56e0\u800c\u626e\u6f14\u4e86\u53f0\u5317\u95e8\u9762\u7684\u91cd\u8981\u89d2\u8272\u3002\u8fd9\u91cc\u65e5\u65e5\u591c\u591c\u90fd\u8f66\u6c34\u9a6c\u9f99\uff0c\u5374\u6324\u800c\u4e0d\u4e71\uff0c\u65e2\u6ca1\u6709\u53eb\u4ef7\u9ad8\u8fc7\u5e02\u533a\u5185\u4e00\u500d\u7684\u6577\u884d\u7684\u5feb\u9910\uff0c\u4e5f\u4e0d\u89c1\u5c71\u5be8\u8001\u5b57\u53f7\u7684\u5751\u7239\u5c0f\u644a\uff0c\u8db3\u4ee5\u7ed9\u521d\u5230\u53f0\u5317\u7684\u6e38\u4eba\u7559\u4e0b\u4e0d\u9519\u7684\u7b2c\u4e00\u5370\u8c61\u3002\u533a\u5185\u6709\u5927\u91cf\u7269\u7f8e\u4ef7\u5ec9\u7684\u5c0f\u5403\u3001\u65b9\u4fbf\u65c5\u5ba2\u901f\u98df\u7684\u5feb\u9910\u5e97\u3001\u7ecf\u8425\u767e\u5e74\u5374\u53e3\u5473\u4f9d\u65e7\u7684\u8001\u5b57\u53f7\u3001\u53f0\u6e7e\u6545\u4e8b\u9986\u7b49\u53e3\u7891\u4e0d\u9519\u7684\u666f\u70b9\uff0c\u4ee5\u53ca\u4e00\u4e70\u5c31\u96be\u505c\u624b\u7684\u7279\u8272\u624b\u4fe1\u5e97\uff0c\u90fd\u5927\u5927\u7684\u65b9\u4fbf\u4e86\u8fc7\u5f80\u7684\u6e38\u5ba2\u3002\u6b64\u5916\uff0c\u65e9\u5728\u4e0a\u4e16\u7eaa\u4e94\u516d\u5341\u5e74\u4ee3\uff0c\u8fd9\u9644\u8fd1\u5c31\u5df2\u5f62\u6210\u591a\u6761\u6709\u7279\u8272\u7684\u4e3b\u9898\u8857\u9053\uff0c\u50cf\u91cd\u5e86\u5357\u8def\u4e66\u5c40\u8857\u3001\u535a\u7231\u8def\u76f8\u673a\u8857\u3001\u9986\u524d\u8def\u7535\u8111\u8857\u3001\u5357\u9633\u8857\u8865\u4e60\u8857\u3001\u534e\u9634\u8857\u6279\u53d1\u8857\u7b49\uff0c\u5403\u8d2d\u73a9\u4e00\u5e94\u4ff1\u5168\u3002", "arriveMethod": "\u5730\u94c1\u6377\u8fd0\u53f0\u5317\u8f66\u7ad9\u7ad9", "address": "\u53f0\u6e7e \u53f0\u5317\u5e02\u4e2d\u6b63\u533a\u5fe0\u5b5d\u897f\u8def\u4e00\u6bb56-8\u53f7"}');
INSERT INTO "city_picture" VALUES('b4ac1a3d-1e8a-11e2-aedf-e4ce8f4b5244','tai-bei-che-zhan_1.jpg','/static/media/uploads/taipei/tai-bei-che-zhan_1.jpg','','b4ab3542-1e8a-11e2-8e22-e4ce8f4b5244','2012-10-25 09:59:46.002323+00:00');
INSERT INTO "city_picture" VALUES('b4ad030f-1e8a-11e2-9189-e4ce8f4b5244','tai-bei-che-zhan_2.jpg','/static/media/uploads/taipei/tai-bei-che-zhan_2.jpg','','b4ab3542-1e8a-11e2-8e22-e4ce8f4b5244','2012-10-25 09:59:46.007893+00:00');
INSERT INTO "city_picture" VALUES('b4adf58c-1e8a-11e2-a46d-e4ce8f4b5244','tai-bei-che-zhan_3.jpg','/static/media/uploads/taipei/tai-bei-che-zhan_3.jpg','','b4ab3542-1e8a-11e2-8e22-e4ce8f4b5244','2012-10-25 09:59:46.014424+00:00');
INSERT INTO "city_place" VALUES('b4af09f5-1e8a-11e2-bb45-e4ce8f4b5244','信义商圈','Xin Yi Shang Quan',12,5,'121.570716','25.034789','白天的信义是金融+商业区，夜晚的信义则是夜店爱好者的天堂，撞上明星是常事。',8,'{"description": "\u4fe1\u4e49\u5546\u5708\u4f4d\u4e8e\u53f0\u5317\u5e02\u4fe1\u4e49\u533a\uff0c\u662f\u4e00\u4e2a\u65b0\u5174\u7684\u5546\u4e1a\u4e2d\u5fc3\uff0c\u5728\u4e0d\u77e5\u4e0d\u89c9\u4e2d\uff0c\u4fe1\u4e49\u5546\u5708\u5df2\u53d6\u4ee3\u53f0\u5317\u4e1c\u533a\uff0c\u6210\u4e3a\u5927\u53f0\u5317\u5730\u533a\u6700\u5177\u6307\u6807\u6027\u7684\u65f6\u9ae6\u90fd\u4f1a\u533a\uff0c\u8457\u540d\u7684101\u5927\u53a6\u662f\u8fd9\u91cc\u7684\u6807\u5fd7\u6027\u5efa\u7b51\u3002\u767d\u5929\u7684\u4fe1\u4e49\u5546\u5708\u662f\u4e00\u4e2a\u751f\u6d3b\u8282\u594f\u5fd9\u788c\u5feb\u901f\u7684\u5546\u4e1a\u91d1\u878d\u4e2d\u5fc3\uff0c\u5750\u62e5\u65b0\u5149\u4e09\u8d8a\u767e\u8d27\u53ca\u7ebd\u7ea6\u7ebd\u7ea6\u7b49\u5927\u578b\u8d2d\u7269\u4e2d\u5fc3\uff1b\u591c\u665a\u5219\u662f\u4e2a\u5145\u6ee1\u8273\u4e3d\u5149\u5f69\u7684\u65f6\u9ae6\u90fd\u4f1a\uff0c\u540d\u6a21\u6700\u7231\u7684BARCODE\u53ca\u5eb9\u5b97\u5eb7\u5f00\u7684\u90a3\u5bb6Room 18\u90fd\u5728\u5176\u4e2d\uff0c\u591c\u5e97\u6797\u7acb\uff1b\u5468\u672b\u5047\u65e5\u7684\u4fe1\u4e49\u5546\u5708\u53c8\u53d8\u6210\u4e00\u4e2a\u8d85\u5927\u578b\u7684\u79c0\u821e\u53f0\uff0c\u7ecf\u5e38\u4e3e\u529e\u5404\u79cd\u5047\u65e5\u6d3b\u52a8\u6216\u56ed\u6e38\u4f1a\uff0c\u6240\u4ee5\u53c8\u88ab\u79f0\u4e3a\u201c\u53f0\u5317\u66fc\u54c8\u987f\u201d\u3002", "arriveMethod": "\u516c\u4ea4\u8f66\u642d\u4e58\u81f3\u5e02\u5e9c\u7ad9\u3001\u4e16\u8d38\u7ad9\u3001\u4fe1\u4e49\u884c\u653f\u4e2d\u5fc3\u3001\u541b\u60a6\u996d\u5e97\u8def\u7ebf\u4e4b\u516c\u8f66\uff0c\u5747\u53ef\u5230\u8fbe\u3002\u598220\u3001245\u3001266\u3001266\uff08\u533a\u95f4\uff09\u3001270\uff08\u533a\u95f4\u8f66\uff09\u3001277\u3001281\u3001284\u3001284\uff08\u76f4\u884c\uff09\u81f3\u677e\u5bff\u8def\u53e3\u7ad9\uff0c20\u3001284\u3001284\uff08\u76f4\u884c\uff09\u3001611\u3001621\u3001647\u3001650\u3001665\u81f3\u5e02\u5e9c\u7ad9\u8def\u53e3\u7ad9\uff0c20\u3001284\u3001284\uff08\u76f4\u884c\uff09\u3001611\u3001621\u3001647\u3001650\u3001665\u81f3\u5e02\u5e9c\u7ad9\u5730\u94c1\u81f3\u5e02\u653f\u5e9c\u7ad9\u8f6c\u4e58\u63a5\u9a73\u516c\u8f66\u6216\u6b65\u884c\u81f3\u5404\u70b9", "address": "\u53f0\u6e7e\u53f0\u5317\u5e02\u4fe1\u4e49\u533a"}');
INSERT INTO "city_picture" VALUES('b4aff49c-1e8a-11e2-884a-e4ce8f4b5244','xin-yi-shang-quan_1.jpg','/static/media/uploads/taipei/xin-yi-shang-quan_1.jpg','','b4af09f5-1e8a-11e2-bb45-e4ce8f4b5244','2012-10-25 09:59:46.027562+00:00');
INSERT INTO "city_picture" VALUES('b4b0eed9-1e8a-11e2-a3ea-e4ce8f4b5244','xin-yi-shang-quan_2.jpg','/static/media/uploads/taipei/xin-yi-shang-quan_2.jpg','','b4af09f5-1e8a-11e2-bb45-e4ce8f4b5244','2012-10-25 09:59:46.033841+00:00');
INSERT INTO "city_picture" VALUES('b4b1c826-1e8a-11e2-ab3e-e4ce8f4b5244','xin-yi-shang-quan_3.jpg','/static/media/uploads/taipei/xin-yi-shang-quan_3.jpg','','b4af09f5-1e8a-11e2-bb45-e4ce8f4b5244','2012-10-25 09:59:46.039456+00:00');
INSERT INTO "city_place" VALUES('b4b2f2f8-1e8a-11e2-a705-e4ce8f4b5244','南京东路','Nanjing East Road',6,5,'121.545696','25.051682','素有“台北华尔街”之称的南京东路是台北最早期的商区之一，高厦林立，是属于白领们的时尚地。',8,'{"description": "\u5982\u679c\u8bf4\u5fe0\u5b5d\u6566\u5316\u7684\u7e41\u534e\u662f\u7cbe\u81f4\uff0c\u90a3\u4e48\u5357\u4eac\u4e1c\u8def\u6216\u8bb8\u5c31\u7b97\u5f97\u4e0a\u9ad8\u6863\u4e86\uff0c\u8fd9\u91cc\u662f\u53f0\u5317\u7684\u534e\u5c14\u8857\u3002\u5750\u6377\u8fd0\u81f3\u5357\u4eac\u4e1c\u8def\u7ad9\uff0c\u5c31\u5230\u4e86\u4e0e\u4e0a\u6d77\u90a3\u6761\u540c\u540d\u3001\u7e41\u534e\u5ea6\u4e5f\u6beb\u4e0d\u900a\u8272\u7684\u5357\u4eac\u4e1c\u8def\u3002\u505a\u4e3a\u53f0\u5317\u4e1c\u897f\u5411\u7684\u91cd\u8981\u5e72\u9053\uff0c\u5357\u4eac\u4e1c\u8def\u81ea\u4e0a\u4e16\u7eaa60\u5e74\u4ee3\u8d77\u4fbf\u662f\u8457\u540d\u7684\u91d1\u878d\u5546\u533a\uff0c\u8fd9\u91cc\u662f\u91d1\u878d\u673a\u6784\u3001\u4fdd\u9669\u516c\u53f8\u3001\u996d\u5e97\u7684\u96c6\u4e2d\u5730\uff0c\u5546\u4e1a\u529e\u516c\u5927\u697c\u6797\u7acb\uff0c\u56e0\u800c\u4f34\u751f\u4e86\u8bb8\u591a\u77e5\u540d\u5e02\u5e9c\u4e0e\u65f6\u5c1a\u5496\u5561\u9986\u3002\u5168\u7a0b\u5171\u6709\u516d\u6bb5\uff0c\u5176\u4e2d\u5357\u4eac\u4e1c\u8def\u4e09\u6bb5\u6700\u591a\u8457\u540d\u9910\u5385\uff0c\u8457\u540d\u7684\u6f14\u5531\u4f1a\u4e3e\u529e\u5730\u53f0\u5317\u5c0f\u5de8\u86cb\u4e5f\u6b63\u4f4d\u4e8e\u6b64\u3002", "arriveMethod": "\u5730\u94c1\u6377\u8fd0\u6587\u5c71\u5185\u6e56\u7ebf\u5357\u4eac\u4e1c\u8def\u7ad9", "address": "\u53f0\u6e7e\u53f0\u5317\u5e02\u677e\u5c71\u533a\u5357\u4eac\u4e1c\u8def\u4e09\u6bb5"}');
INSERT INTO "city_picture" VALUES('b4b3db97-1e8a-11e2-ae5c-e4ce8f4b5244','nan-jing-dong-lu_1.jpg','/static/media/uploads/taipei/nan-jing-dong-lu_1.jpg','','b4b2f2f8-1e8a-11e2-a705-e4ce8f4b5244','2012-10-25 09:59:46.053116+00:00');
INSERT INTO "city_picture" VALUES('b4b4b5c0-1e8a-11e2-95c9-e4ce8f4b5244','nan-jing-dong-lu_2.jpg','/static/media/uploads/taipei/nan-jing-dong-lu_2.jpg','','b4b2f2f8-1e8a-11e2-a705-e4ce8f4b5244','2012-10-25 09:59:46.058620+00:00');
INSERT INTO "city_picture" VALUES('b4b5a191-1e8a-11e2-8937-e4ce8f4b5244','nan-jing-dong-lu_3.jpg','/static/media/uploads/taipei/nan-jing-dong-lu_3.jpg','','b4b2f2f8-1e8a-11e2-a705-e4ce8f4b5244','2012-10-25 09:59:46.064554+00:00');
INSERT INTO "city_place" VALUES('b4b6a0d9-1e8a-11e2-8e94-e4ce8f4b5244','永康牛肉面','Yong Kang Niu Rou Mian',2,5,'121.528101','25.032900','汤浓、料足、肉韧、面鲜，对于尝惯川味的人来说，这是最好吃的牛肉面。',7,'{"website": "http://www.beefnoodle-master.com/", "ticketInfo": "\u6d88\u8d39\uff1a180\u65b0\u53f0\u5e01", "openTime": "11:00~21:30", "phoneNumber": "886 223511051", "description": "\u300c\u6c38\u5eb7\u725b\u8089\u9762\u9986\u6c38\u8fdc\u662f\u7b2c\u4e00\u540d\u300d\uff0c\u8fd9\u662f\u5f88\u591a\u725b\u8089\u9762\u8001\u9955\u7684\u5fc3\u58f0\uff0c\u4e5f\u662f\u8bb8\u591a\u725b\u8089\u9762\u8ff7\u7684\u6700\u7231\u30022008\u5e74\u4ed6\u4eec\u83b7\u5f97\u53f0\u5317\u725b\u8089\u9762\u8282\u768410\u5927\u4eba\u6c14\u725b\u8089\u9762\u5e97\u6b8a\u8363\uff0c\u53ef\u8bc1\u660e\u8001\u5e97\u7684\u9b45\u529b\u5386\u4e45\u4e0d\u8870\u3002\u6c38\u5eb7\u725b\u8089\u9762\u9986\u662f\u5730\u9053\u7684\u5ddd\u5473\u725b\u8089\u9762\uff0c\u4ed6\u4eec\u7096\u8d8a\u4e45\u8d8a\u9999\u7684\u79d8\u8bc0\uff0c\u5728\u4e8e\u4f7f\u7528\u672c\u56fd\u9ec4\u725b\u8169\u548c\u6fb3\u6d32\u7684\u725b\u8171\u5b50\u5fc3\uff0c\u5c06\u5927\u5757\u725b\u8089\u6e05\u84b83\u5c0f\u65f6\u540e\uff0c\u5207\u5c0f\u5757\u653e\u5165\u7ea2\u70e7\u7096\u716e3\u5c0f\u65f6\uff0c\u6e05\u7096\u7684\u6c64\u5934\u4e5f\u662f\u540c\u6837\u6b65\u9aa4\uff0c\u5f85\u5b8c\u5168\u5165\u5473\uff0c\u7b4b\u8089\u80f6\u8d28\u6eb6\u5316\u5728\u6c64\u91cc\uff0c\u82b3\u9999\u56db\u6ea2\u7684\u597d\u6c64\u4e5f\u7ec8\u4e8e\u5b8c\u6210\u3002", "arriveMethod": "\u516c\u4ea4\u8f660\u4e1c\u300120\u300122\u300138\u300167\u3001204\u3001214\u3001606\u3001671\u3001\u4fe1\u4e49\u5e72\u7ebf\u81f3\u4fe1\u4e49\u6c38\u5eb7\u8857\u53e3\u7ad9\u5730\u94c1\u4e2d\u6b63\u7eaa\u5ff5\u5802\u7ad9\u3001\u53e4\u4ead\u7ad9\u6b65\u884c\u7ea610\u5206\u949f\u5de6\u53f3", "address": "\u53f0\u5317\u5e02\u5927\u5b89\u533a\u91d1\u5c71\u5357\u8def\u4e8c\u6bb531\u5df717\u53f7\uff0c\u91d1\u534e\u56fd\u5c0f\u5bf9\u9762"}');
INSERT INTO "city_picture" VALUES('b4b780cc-1e8a-11e2-8cb8-e4ce8f4b5244','yong-kang-niu-rou-mian_1.jpg','/static/media/uploads/taipei/yong-kang-niu-rou-mian_1.jpg','','b4b6a0d9-1e8a-11e2-8e94-e4ce8f4b5244','2012-10-25 09:59:46.077019+00:00');
INSERT INTO "city_picture" VALUES('b4b84d7a-1e8a-11e2-aa37-e4ce8f4b5244','yong-kang-niu-rou-mian_2.jpg','/static/media/uploads/taipei/yong-kang-niu-rou-mian_2.jpg','','b4b6a0d9-1e8a-11e2-8e94-e4ce8f4b5244','2012-10-25 09:59:46.082218+00:00');
INSERT INTO "city_picture" VALUES('b4b944d4-1e8a-11e2-87a5-e4ce8f4b5244','yong-kang-niu-rou-mian_3.jpg','/static/media/uploads/taipei/yong-kang-niu-rou-mian_3.jpg','','b4b6a0d9-1e8a-11e2-8e94-e4ce8f4b5244','2012-10-25 09:59:46.088579+00:00');
INSERT INTO "city_place" VALUES('b4ba7cab-1e8a-11e2-8fa0-e4ce8f4b5244','度小月担仔面','Du Xiao Yue Dan Zai Mian',2,5,'121.529893','25.032949','在台湾，无人不知度小月，这份用料简单的美食如何吸引得人大老远跑来吃，就要你亲自尝了才知道喽。',7,'{"website": "iddi.com.tw", "openTime": "\u4e2d\u534812\uff1a00\u81f3\u665a\u4e0a21\uff1a30", "phoneNumber": "886 233931325", "description": "\u60f3\u5230\u53f0\u5317\u54c1\u5c1d\u5730\u5145\u9053\u98ce\u5473\u5c0f\u5403\uff0c\u5c31\u5fc5\u5b9a\u8981\u5230\u59cb\u4e8e 1895 \u5e74\u7684\u5ea6\u5c0f\u6708\u62c5\u4ed4\u9762\uff0c\u662f\u53f0\u5357\u6700\u5bcc\u76db\u540d\u7684\u4f20\u7edf\u7f8e\u98df\u4f73\u80b4\u4e4b\u4e00\uff0c\u4e4b\u540e\u4f20\u81f3\u53f0\u5317\u3002\u9a70\u540d\u7684\u62c5\u4ed4\u9762\u7531\u9c9c\u867e\u71ac\u5236\u6c64\u5e95\uff0c\u9762\u7a0d\u70eb\u4e00\u4e0b\u5373\u635e\uff0c\u6492\u4e0a\u8c46\u82bd\u3001\u9999\u83dc\u518d\u4f50\u4ee5\u8089\u71e5\u3001\u849c\u6ce5\u3001\u4e4c\u918b\u3001\u9c9c\u867e\uff0c\u6210\u4e3a\u4e00\u7897\u98ce\u5473\u7279\u6b8a\u7684\u62c5\u4ed4\u9762\u3002\u53e6\u4e00\u9053\u7740\u540d\u5c0f\u5403\u5b89\u5e73\u867e\u5377\uff0c\u53a8\u5e08\u5148\u7528\u732a\u8179\u7f51\u819c\u5305\u88f9\u9c9c\u867e\uff0c\u518d\u4ee5\u7279\u5236\u7c89\u6cb9\u70b8\u9999\uff0c\u9999\u8106\u60f9\u5473\u3002\u5ea6\u5c0f\u6708\u5728 2008 \u5e74\u521d\u8fd8\u83b7\u5f97\u53f0\u6e7e\u4f18\u826f\u54c1\u724c\u5956\u3002", "arriveMethod": "\u6377\u8fd0\u7ad9\u540d\uff1a\u5fe0\u5b5d\u6566\u5316\u7ad93\u53f7\u51fa\u53e3\uff1b\u516c\u8f66\uff1a 204\u3001204(\u533a\u95f4)\u3001212\u3001212(\u76f4\u884c\u8f66)\u3001232\u3001232(\u526f)\u3001255\u3001278\u3001299\u3001662\u3001 663\u3001667\u3001\u5fe0\u5b5d\u65b0\u5e72\u7ebf\u81f3\u963f\u6ce2\u7f57\u5927\u53a6\u7ad9", "address": "\u53f0\u6e7e \u53f0\u5317\u5e02\u5927\u5b89\u533a\u6c38\u5eb7\u88579-1\u53f7"}');
INSERT INTO "city_picture" VALUES('b4bb5b0c-1e8a-11e2-b86f-e4ce8f4b5244','du-xiao-yue-dan-zi-mian_1.jpg','/static/media/uploads/taipei/du-xiao-yue-dan-zi-mian_1.jpg','','b4ba7cab-1e8a-11e2-8fa0-e4ce8f4b5244','2012-10-25 09:59:46.102262+00:00');
INSERT INTO "city_picture" VALUES('b4bc4b8c-1e8a-11e2-b60e-e4ce8f4b5244','du-xiao-yue-dan-zi-mian_2.jpg','/static/media/uploads/taipei/du-xiao-yue-dan-zi-mian_2.jpg','','b4ba7cab-1e8a-11e2-8fa0-e4ce8f4b5244','2012-10-25 09:59:46.108169+00:00');
INSERT INTO "city_picture" VALUES('b4bd07d7-1e8a-11e2-bb61-e4ce8f4b5244','du-xiao-yue-dan-zi-mian_3.jpg','/static/media/uploads/taipei/du-xiao-yue-dan-zi-mian_3.jpg','','b4ba7cab-1e8a-11e2-8fa0-e4ce8f4b5244','2012-10-25 09:59:46.113260+00:00');
INSERT INTO "city_picture" VALUES('b4bde4d9-1e8a-11e2-825c-e4ce8f4b5244','du-xiao-yue-dan-zi-mian_4.jpg','/static/media/uploads/taipei/du-xiao-yue-dan-zi-mian_4.jpg','','b4ba7cab-1e8a-11e2-8fa0-e4ce8f4b5244','2012-10-25 09:59:46.118847+00:00');
INSERT INTO "city_place" VALUES('b4bee52e-1e8a-11e2-ad64-e4ce8f4b5244','鼎泰丰','Din Tai Fung',2,5,'121.530147','25.033489','平民价吃米其林星级餐厅，也唯有在这里了。',7,'{"ticketInfo": "\u4eba\u5747250\u65b0\u53f0\u5e01", "description": "\u9f0e\u6cf0\u4e30\u4eab\u8a89\u4e16\u754c\u7684\u53f0\u6e7e\u5c0f\u7b3c\u5305\u4e13\u5356\u5e97\uff0c1972\u5e74\u6210\u7acb\u4e8e\u53f0\u6e7e\uff0c\u51e0\u5341\u5e74\u95f4\uff0c\u5b83\u8d70\u8fc7\u4e86\u4ece\u521b\u7acb\u54c1\u724c\u5230\u84ec\u52c3\u53d1\u5c55\u7684\u8f89\u714c\u5386\u7a0b\uff0c\u5148\u540e\u5728\u65e5\u672c\u3001\u7f8e\u56fd\u3001\u9999\u6e2f\u3001\u65b0\u52a0\u5761\u3001\u4e2d\u56fd\u4e0a\u6d77\u3001\u6df1\u5733\u7b49\u5730\u5747\u5f00\u6709\u5206\u5e97\u3002\u53f0\u6e7e\u9f0e\u6cf0\u4e30\u9910\u5385\u4e3b\u8425\u4e2d\u534e\u4f20\u7edf\u98ce\u5473\u5c0f\u5403\uff0c\u54c1\u79cd\u4e30\u5bcc\u3001\u98ce\u5473\u7eaf\u6b63\uff0c\u5143\u76c5\u571f\u9e21\u6c64\u3001\u87f9\u9ec4\u5c0f\u7b3c\u5305\u3001\u7ea2\u70e7\u725b\u8089\u9762\u3001\u83dc\u8089\u84b8\u997a\u7b49\u90fd\u662f\u5b83\u7684\u62db\u724c\u4ea7\u54c1\uff0c\u5c0f\u7b3c\u5305\u66f4\u662f\u4e00\u679d\u72ec\u79c0\u3001\u4e1a\u754c\u65e0\u4e8c\uff0c\u6c41\u4e30\u5473\u7f8e\uff0c\u76ae\u8584\u9677\u591a\u662f\u5b83\u6700\u5927\u7684\u7279\u8272\u3002", "arriveMethod": " [\u4fe1\u4e49\u6c38\u5eb7\u8857\u53e3] 0\u4e1c, 20, 204, 22, 22\u533a, 3, 38, \u4fe1\u4e49\u5e72\u7ebf, \u4fe1\u4e49\u5e72\u7ebf(\u526f), \u4fe1\u4e49\u65b0\u5e72\u7ebf[\u4fe1\u4e49\u65b0\u751f\u8def\u53e3] 0\u4e1c, 109, 20, 204, 211 , 22, 22\u533a, 254, 280, 280\u76f4, 290, 3, 311, 38, 505, 642, 643, 668, 672, 675, 676, 72, 72\u76f4, \u4fe1\u4e49\u5e72\u7ebf, \u4fe1\u4e49\u5e72\u7ebf(\u526f), \u4fe1\u4e49\u65b0\u5e72\u7ebf, \u677e\u6c5f\u5e72\u7ebf  ", "address": "\u53f0\u6e7e \u53f0\u5317\u5e02\u4fe1\u4e49\u8def\u4e8c\u6bb5194\u53f7"}');
INSERT INTO "city_picture" VALUES('b4c0138f-1e8a-11e2-8f48-e4ce8f4b5244','ding-tai-feng_1.jpg','/static/media/uploads/taipei/ding-tai-feng_1.jpg','','b4bee52e-1e8a-11e2-ad64-e4ce8f4b5244','2012-10-25 09:59:46.132683+00:00');
INSERT INTO "city_picture" VALUES('b4c0d8b5-1e8a-11e2-8f54-e4ce8f4b5244','ding-tai-feng_2.jpg','/static/media/uploads/taipei/ding-tai-feng_2.jpg','','b4bee52e-1e8a-11e2-ad64-e4ce8f4b5244','2012-10-25 09:59:46.138189+00:00');
INSERT INTO "city_picture" VALUES('b4c1c2d9-1e8a-11e2-ae6f-e4ce8f4b5244','ding-tai-feng_3.jpg','/static/media/uploads/taipei/ding-tai-feng_3.jpg','','b4bee52e-1e8a-11e2-ad64-e4ce8f4b5244','2012-10-25 09:59:46.144221+00:00');
INSERT INTO "city_place" VALUES('b4c2c4b3-1e8a-11e2-ad49-e4ce8f4b5244','阿才的店','A Cai',2,5,'121.528841','25.038942','当年台湾未解禁时，这里曾是绿营人士的秘密基地，对这段历史感兴趣的人不妨去吃吃看。',7,'{"ticketInfo": "\u4eba\u5747300\u65b0\u53f0\u5e01", "openTime": "\u5468\u4e00~\u5468\u516d11:30-14:00(\u51fa\u83dc~13:30)\u3001\u5468\u65e517:30-02:00(\u51fa\u83dc~24:00)", "phoneNumber": "223513326 /2356-9109", "description": "50\u300160\u5e74\u4ee3\u7684\u7535\u5f71\u6d77\u62a5\u3001\u5f20\u7167\u5802\u7684\u7ffb\u62cd\u8001\u7167\u7247\u3001\u516c\u5988\u684c\uff0c\u8fd8\u6709\u7edd\u5bf9\u539f\u7248\u7684\u8001\u53f0\u8bed\u6b4c\u2026\u963f\u624d\u7684\u5e97\u662f\u4e00\u95f4\u6ee1\u6ea2\u774050\u5e74\u4ee3\u6000\u65e7\u53e4\u65e9\u5473\u7684\u8001\u53f0\u6e7e\u60c5\u8c03\u7684\u5e97\u3002\u8001\u677f\u5e76\u4e0d\u53eb\u300c\u963f\u624d\u300d\uff0c\u800c\u662f\u53d6\u5176\u610f\u300c\u5c11\u4e00\u6839\u7b4b\u300d\u3002\u8fd9\u662f\u4e00\u4e2a\u5927\u7897\u559d\u9152\u3001\u5927\u5757\u5403\u8089\u3001\u5927\u58f0\u9614\u8bba\u7684\u5730\u65b9\uff0c\u8fd9\u6837\u8fd8\u975e\u5f97\u5c11\u4e00\u6839\u7b4b\uff0c\u624d\u80fd\u4e0d\u6b63\u7ecf\u516b\u767e\u3001\u65e0\u62d8\u65e0\u675f\u3002\u8001\u677f\u6b64\u65f6\u62ff\u4e86\u4e00\u74f6\u53f0\u6e7e\u5564\u9152\uff0c\u5927\u58f0\u5406\u559d\u7aef\u4e0a\u4e24\u76d8\u597d\u83dc\uff0c\u4fbf\u5f00\u53e3\u5531\u4e86\u4e24\u53e5\uff1a\u300c\u963f\u624d\uff0c\u963f\u624d\uff0c\u5929\u4e0a\u6389\u4e0b\u6765\u2026\u300d\uff0c\u539f\u6765\u5e97\u540d\u5c31\u6765\u81ea\u8fd9\u9996\u8001\u53f0\u6b4c\uff0c\u5728\u8fd8\u6ca1\u89e3\u4e25\u768470\u5e74\u4ee3\uff0c\u4e00\u7fa4\u9152\u515a\u4e3a\u4e86\u6292\u53d1\u5fc3\u4e2d\u95f7\u6c14\uff0c\u534a\u591c\u4e09\u66f4\u4e5f\u8d76\u4e0d\u8d70\uff0c\u53ea\u597d\u5408\u4f19\u5f00\u4e86\u8fd9\u5bb6\u5e97\u3002\u5e97\u5b50\u9690\u85cf\u5728\u5c0f\u5df7\u5b50\u4e2d\uff0c\u88c5\u6f62\u6734\u5b9e\u5374\u6bcf\u665a\u5ea7\u65e0\u865a\u5e2d\uff0c\u53ef\u89c1\u53a8\u5e08\u8fd8\u662f\u5f88\u6709\u4e24\u4e0b\u5b50\u7684\u3002", "arriveMethod": "\u6377\u8fd0\u7ad9\u540d\uff1a\u5fe0\u5b5d\u65b0\u751f\u7ad92\u53f7\u51fa\u53e3\u6b65\u884c\u7ea620\u5206\u949f  ", "address": "\u53f0\u5317\u5e02\u4e2d\u6b63\u533a\u4ec1\u7231\u8def\u4e8c\u6bb541\u5df717\u53f7"}');
INSERT INTO "city_picture" VALUES('b4c3b728-1e8a-11e2-9e31-e4ce8f4b5244','a-cai-de-dian_1.jpg','/static/media/uploads/taipei/a-cai-de-dian_1.jpg','','b4c2c4b3-1e8a-11e2-ad49-e4ce8f4b5244','2012-10-25 09:59:46.157041+00:00');
INSERT INTO "city_picture" VALUES('b4c4741c-1e8a-11e2-a9aa-e4ce8f4b5244','a-cai-de-dian_2.jpg','/static/media/uploads/taipei/a-cai-de-dian_2.jpg','','b4c2c4b3-1e8a-11e2-ad49-e4ce8f4b5244','2012-10-25 09:59:46.161860+00:00');
INSERT INTO "city_picture" VALUES('b4c53791-1e8a-11e2-848e-e4ce8f4b5244','a-cai-de-dian_3.jpg','/static/media/uploads/taipei/a-cai-de-dian_3.jpg','','b4c2c4b3-1e8a-11e2-ad49-e4ce8f4b5244','2012-10-25 09:59:46.166885+00:00');
INSERT INTO "city_picture" VALUES('b4c60070-1e8a-11e2-817a-e4ce8f4b5244','a-cai-de-dian_4.jpg','/static/media/uploads/taipei/a-cai-de-dian_4.jpg','','b4c2c4b3-1e8a-11e2-ad49-e4ce8f4b5244','2012-10-25 09:59:46.171992+00:00');
INSERT INTO "city_place" VALUES('b4c71ab5-1e8a-11e2-a56b-e4ce8f4b5244','阿宗面线','A Zong Noodles',2,5,'121.385753','31.206938','能让食客大热天站在街头，捧着烫手面线吃个不亦乐乎的，就唯有阿宗了。',7,'{"website": "www.ay-chung.com/", "ticketInfo": "\u4eba\u574740\u65b0\u53f0\u5e01", "openTime": "\u5e73\u65e511:00-22:30\uff1b\u5468\u4e94\u3001\u516d\u3001\u65e511:00-23\uff1a00", "phoneNumber": "2162905001 \u200e", "description": "\u201c\u4e00\u7897\u9762\u7ebf\u95ef\u5929\u4e0b\u201d\uff0c\u80fd\u628a\u81ea\u5df1\u7684\u540d\u5b57\u5f53\u4f5c\u4e00\u79cd\u7f8e\u98df\u7684\u540d\u79f0\uff0c\u5728\u53f0\u5317\u4e5f\u662f\u7edd\u65e0\u4ec5\u6709\u4e86\u3002\u7ecf\u5e38\u80fd\u770b\u89c1\u8fd9\u6837\u7684\u573a\u666f\uff0c\u534a\u591c\u4e09\u66f4\u98df\u5ba2\u4eec\u4e0d\u987e\u5f62\u8c61\u7684\u5728\u8857\u8fb9\u6367\u7740\u7897\u5927\u5556\u4e00\u7897\u5927\u80a0\u9762\u7ebf\uff0c\u5403\u5f97\u547c\u547c\u4f5c\u54cd\uff0c\u8fd9\u756a\u666f\u8c61\u5df2\u7ecf\u662f\u897f\u95e8\u753a\u7684\u8857\u666f\u4e4b\u4e00\u3002\u963f\u5b97\u9762\u7ebf\u81f3\u4eca\u5df2\u6709\u4e09\u5341\u591a\u5e74\u7684\u5386\u53f2\uff0c\u4e3b\u8981\u539f\u6599\u4e3a\u798f\u5efa\u7c73\u9762\uff0c\u7b4b\u97e7\u723d\u6ed1\uff0c\u5c06\u5364\u5236\u597d\u7684\u5927\u80a0\uff0c\u653e\u5165\u4ee5\u67f4\u9c7c\u3001\u9762\u7ebf\u71ac\u716e\u7684\u6c64\u5934\uff0c\u6d47\u4e0a\u9999\u83dc\u3001\u849c\u6ce5\uff0c\u9999\u5473\u56db\u6ea2\uff0c\u518d\u52a0\u4e0a\u7279\u522b\u8c03\u5236\u7684\u52b2\u7206\u8fa3\u9171\uff0c\u5473\u9053\u9178\u9178\u3001\u751c\u751c\u5341\u5206\u723d\u53e3\u3002\u4efb\u4f60\u52a0\u725b\u8089\u8fd8\u662f\u6d77\u9c9c\uff0c\u4ec0\u4e48\u6c64\u5934\u90fd\u5f88\u5999\uff0c\u4e14\u591a\u8fbe200\u4e2a\u54c1\u79cd\u3002\u51ac\u53ef\u70ed\u5403\uff0c\u590f\u53ef\u51c9\u5403\uff0c\u8fd8\u6709\u5065\u80c3\u6d88\u6691\u4e4b\u529f\u6548\u3002", "arriveMethod": "\u5730\u94c1\u6377\u8fd0\u897f\u95e8\u753a\u7ad9 NIKE\u5bf9\u9762", "address": "\u53f0\u5317\u5e02\u4e07\u534e\u533a\u5ce8\u7709\u88578\u4e4b1\u53f7"}');
INSERT INTO "city_picture" VALUES('b4c84dcf-1e8a-11e2-903f-e4ce8f4b5244','a-zong-mian-xian_1.jpg','/static/media/uploads/taipei/a-zong-mian-xian_1.jpg','','b4c71ab5-1e8a-11e2-a56b-e4ce8f4b5244','2012-10-25 09:59:46.186416+00:00');
INSERT INTO "city_picture" VALUES('b4c95ca1-1e8a-11e2-87a9-e4ce8f4b5244','a-zong-mian-xian_2.jpg','/static/media/uploads/taipei/a-zong-mian-xian_2.jpg','','b4c71ab5-1e8a-11e2-a56b-e4ce8f4b5244','2012-10-25 09:59:46.193465+00:00');
INSERT INTO "city_picture" VALUES('b4ca3938-1e8a-11e2-9f88-e4ce8f4b5244','a-zong-mian-xian_3.jpg','/static/media/uploads/taipei/a-zong-mian-xian_3.jpg','','b4c71ab5-1e8a-11e2-a56b-e4ce8f4b5244','2012-10-25 09:59:46.199535+00:00');
INSERT INTO "city_place" VALUES('b4cb5782-1e8a-11e2-8df7-e4ce8f4b5244','淡水老牌阿给','Dan Shui Old Brand A Gei',2,5,'121.437482','25.173893','吃老牌阿给要趁早，因为通常下午三点他家就卖光了。',1,'{"ticketInfo": "\u4eba\u574760\u65b0\u53f0\u5e01", "openTime": "5\uff1a00 ~ 15\uff1a00(\u5927\u7ea6\u662f\u5230\u4e2d\u534813:00\u5de6\u53f3\u5c31\u4f1a\u5356\u5b8c\uff09", "phoneNumber": "226211785.0", "description": "\u6de1\u6c34\u8457\u540d\u5c0f\u5403\u201c\u963f\u7ed9\u201d\u7684\u521b\u59cb\u8001\u5e97\uff0c\u5c31\u662f\u771f\u7406\u5927\u5b66\u9644\u8fd1\u7684\u8fd9\u5bb6\u300c\u6de1\u6c34\u8001\u724c\u963f\u7ed9\u300d\u3002\u963f\u7ed9\u5c31\u662f\u65e5\u8bed\u6cb9\u8c46\u8150\u7684\u97f3\u8bd1\uff0c\u4f5c\u6cd5\u7cfb\u5c06\u638f\u7a7a\u7684\u6cb9\u8c46\u8150\uff0c\u585e\u5165\u4ee5\u8089\u8e81\u5364\u8fc7\u7684\u7c89\u4e1d\uff0c\u6700\u540e\u4ee5\u9c7c\u6d46\u5c01\u53e3\uff0c\u5403\u65f6\u518d\u6dcb\u4e0a\u5e97\u5bb6\u7279\u8c03\u7684\u751c\u8fa3\u9171\uff0c\u5c31\u662f\u4ee4\u4eba\u56de\u5473\u7684\u597d\u5473\u9053\u3002\u4e0d\u8fc7\u4e5f\u7531\u65bc\u672c\u5e97\u751f\u610f\u592a\u597d\uff0c\u6bcf\u65e5\u4e0b\u53483\u70b9\u5373\u552e\u7f44\uff0c\u5927\u5bb6\u53ef\u8981\u5c3d\u65e9\u524d\u6765\uff0c\u4ee5\u514d\u9057\u61be\u3002 ", "arriveMethod": "\u6cbf\u4e2d\u5c71\u8def\u76f4\u884c\uff0c\u770b\u5230\u5929\u6865(\u4e00\u4fe1\u9646\u6865)\uff0c\u5de6\u8f6c(\u5f80\u6de1\u6d77)\uff0c\u4ecd\u662f\u5728\u4e2d\u5c71\u8def\u4e0a\uff0c\u518d\u9a91\u7ea6\u4e09\u767e\u516c\u5c3a\uff0c\u5c31\u4f1a\u770b\u5230\u4e00\u4e2a\u5927\u5341\u5b57\u8def\u53e3\uff0c\u5f80\u53f3\u624b\u8fb9\u6ce8\u610f\uff0c\u4f1a\u770b\u5230OK\u4fbf\u5229\u5546\u5e97\u65c1\u6709\u4e00\u6761\u5c0f\u5df7\u5b50\u5f80\u4e0a\u8d70\uff0c\u90a3\u6761\u5c31\u662f\u771f\u7406\u8857\u3002", "address": "\u53f0\u5317\u53bf\u6de1\u6c34\u9547\u771f\u7406\u88576-1\u53f7 ", "tips": "\u5403\u8001\u724c\u963f\u7ed9\u8981\u8d81\u65e9\uff0c\u56e0\u4e3a\u901a\u5e38\u4e0b\u5348\u4e09\u70b9\u4ed6\u5bb6\u5c31\u5356\u6ca1\u4e86\u3002"}');
INSERT INTO "city_picture" VALUES('b4cc47c0-1e8a-11e2-9bdc-e4ce8f4b5244','dan-shui-lao-pai-a-gei_1.jpg','/static/media/uploads/taipei/dan-shui-lao-pai-a-gei_1.jpg','','b4cb5782-1e8a-11e2-8df7-e4ce8f4b5244','2012-10-25 09:59:46.212900+00:00');
INSERT INTO "city_picture" VALUES('b4cd75f8-1e8a-11e2-910a-e4ce8f4b5244','dan-shui-lao-pai-a-gei_2.jpg','/static/media/uploads/taipei/dan-shui-lao-pai-a-gei_2.jpg','','b4cb5782-1e8a-11e2-8df7-e4ce8f4b5244','2012-10-25 09:59:46.220283+00:00');
INSERT INTO "city_picture" VALUES('b4ce6cf8-1e8a-11e2-bcec-e4ce8f4b5244','dan-shui-lao-pai-a-gei_3.jpg','/static/media/uploads/taipei/dan-shui-lao-pai-a-gei_3.jpg','','b4cb5782-1e8a-11e2-8df7-e4ce8f4b5244','2012-10-25 09:59:46.227058+00:00');
INSERT INTO "city_place" VALUES('b4cfc717-1e8a-11e2-9034-e4ce8f4b5244','金峰卤肉饭','Jinfeng Braised pork on rice',2,5,'121.518525','25.03205','手切三层肉，过舌留香的美食，令吃过的人魂牵梦绕。',7,'{"ticketInfo": "\u5927\u789745\u65b0\u53f0\u5e01\u3001\u5c0f\u789725\u65b0\u53f0\u5e01", "phoneNumber": "88623960808.0", "description": "\u53bb\u53f0\u6e7e\u4e0d\u5403\u5364\u8089\u996d\uff0c\u7edd\u5bf9\u662f\u4e2a\u7b11\u8bdd\uff0c\u4e0d\u53bb\u5403\u53f0\u5317\u5e02\u7684\u201c\u91d1\u5cf0\u5364\u8089\u996d\u201d\uff0c\u80a0\u5b50\u90fd\u662f\u8981\u6094\u65ad\u7684\u3002\u91d1\u5cf0\u662f\u53f0\u5317\u54cd\u5f53\u5f53\u7684\u5c0f\u5403\u540d\u5e97\uff0c\u636e\u8bf4\u5f00\u4e8620\u591a\u5e74\uff0c\u88ab\u5f53\u5730\u4eba\u8a89\u4e3a\u201c\u6700\u6d53\u90c1\u7684\u53e4\u65e9\u5473\u201d\u3002\u6211\u4eec\u8def\u8fc7\uff0c\u5403\u4e86\u7b2c\u4e00\u7897\u4e4b\u540e\uff0c\u5c31\u771f\u7684\u518d\u4e5f\u5fd8\u4e0d\u6389\u3002\u5b83\u5bb6\u7684\u8089\u81ca\u7279\u522b\u9999\u6ed1\uff0c\u5b83\u5bb6\u7684\u6c64\u6c41\u7279\u522b\u7c98\u820c\uff0c\u636e\u8bf4\uff0c\u91d1\u5cf0\u7528\u7684\u662f\u732a\u8179\u90e8\u7684\u4e09\u5c42\u8089\u6df7\u642d\u732a\u9888\u8089\u624b\u5de5\u5207\u4e1d\uff0c\u52a0\u8471\u849c\u7206\u9999\uff0c\u518d\u52a0\u5341\u51e0\u5473\u6c49\u65b9\u836f\u6750\u540c\u7092\u800c\u6210\uff0c\u800c\u4e14\u7edd\u5bf9\u4e0d\u7528\u5f3a\u706b\u7ffb\u7092\uff0c\u8bf4\u4f1a\u51b2\u6de1\u4e86\u9999\u5473\u7684\u7ef5\u957f\u9002\u53e3\u3002\u5c31\u4e00\u7897\u996d\u76d6\u7740\u9999\u4e4e\u4e4e\u7684\u8089\uff0c\u53e3\u611f\u4e1d\u6beb\u4e0d\u6cb9\u817b\uff0c\u5403\u5230\u4e0d\u80fd\u505c\u53e3\uff0c\u800c\u4e14\u80fd\u81ea\u7136\u5c31\u8bb0\u4f4f\u5b83\u7684\u9999\uff0c\u7b80\u76f4\u662f\u592a\u795e\u5947\u7684\u8bf1\u60d1\u3002", "address": "\u53f0\u5317\u4e2d\u6b63\u533a\u7f57\u65af\u798f\u8def\u4e00\u6bb510\u53f7\u4e4b1(\u8fd1\u5357\u95e8\u5e02\u573a)"}');
INSERT INTO "city_picture" VALUES('b4d3a4ab-1e8a-11e2-9d6a-e4ce8f4b5244','jin-feng-lu-rou-fan_1.jpg','/static/media/uploads/taipei/jin-feng-lu-rou-fan_1.jpg','','b4cfc717-1e8a-11e2-9034-e4ce8f4b5244','2012-10-25 09:59:46.261402+00:00');
INSERT INTO "city_picture" VALUES('b4d495d4-1e8a-11e2-ad3b-e4ce8f4b5244','jin-feng-lu-rou-fan_2.jpg','/static/media/uploads/taipei/jin-feng-lu-rou-fan_2.jpg','','b4cfc717-1e8a-11e2-9034-e4ce8f4b5244','2012-10-25 09:59:46.267503+00:00');
INSERT INTO "city_picture" VALUES('b4d55638-1e8a-11e2-8b5f-e4ce8f4b5244','jin-feng-lu-rou-fan_3.jpg','/static/media/uploads/taipei/jin-feng-lu-rou-fan_3.jpg','','b4cfc717-1e8a-11e2-9034-e4ce8f4b5244','2012-10-25 09:59:46.272513+00:00');
INSERT INTO "city_place" VALUES('b4d66f6e-1e8a-11e2-a2a0-e4ce8f4b5244','小李子清粥小菜','Xiao Li Zi Zhou Dishes',2,5,'121.54333','25.028776','宵夜忌油炸、烧烤、甜腻咸腥，如此说来，小李子的清粥小菜才是上上之选，本地人的最爱。',4,'{"openTime": "\u6bcf\u65e517:00~\u6b21\u65e506:00\uff0c\u5168\u5e74\u65e0\u4f11", "phoneNumber": "8.86227092849e+11", "description": "\u5f00\u4e1a\u6570\u5341\u5e74\u7684\u5c0f\u674e\u5b50\u6e05\u7ca5\u5c0f\u83dc\uff0c\u628a\u53f0\u6e7e\u4f20\u7edf\u53e3\u5473\u7ecf\u8fc7\u6539\u826f\u540e\uff0c\u5f15\u8fdb\u5230\u5927\u90fd\u4f1a\u7684\u5bb5\u591c\u6765\uff0c\u8ba9\u5927\u5bb6\u90fd\u53ef\u4ee5\u5c1d\u5230\u4f20\u7edf\u9053\u5730\u7684\u7f8e\u5473\u4f73\u80b4\uff0c\u5373\u4f7f\u662f\u5728\u534a\u591c\u3002\u9996\u5148\u662f\u8fd9\u91cc\u7684\u5730\u74dc\u7ca5\uff0c\u5c06\u6d4a\u6c34\u6eaa\u7279\u4ea7\u7684\u5927\u7c73\u653e\u5165\u9505\u4e2d\uff0c\u7528\u6587\u706b\u71ac\u716e\u540e\uff0c\u518d\u653e\u5165\u5207\u5757\u7684\u7af9\u5c71\u5730\u74dc\uff0c\u54c1\u5c1d\u8d77\u6765\uff0c\u5730\u74dc\u9999\u6c14\u6d53\u90c1\u9677\u5165\u7ca5\u4e2d\uff0c\u5149\u662f\u559d\u4e0b\u5730\u74dc\u7ca5\uff0c\u5c31\u56de\u5473\u65e0\u7a77\u3002\u8fd9\u91cc\u7684\u5c0f\u83dc\u83dc\u8272\u66f4\u662f\u4e30\u5bcc\uff0c\u5728\u5916\u9762\u4e00\u822c\u5403\u7684\u5c0f\u83dc\uff0c\u5927\u90fd\u662f\u51b7\u76d8\u5c45\u591a\uff0c\u800c\u8fd9\u91cc\u5927\u81f4\u53ef\u5206\u4e3a4\u533a\uff0c\u7b2c\u4e00\u533a\u662f\u65f6\u9c9c\u852c\u83dc\u53ca\u8089\u7c7b\u7684\u70ed\u7092\uff0c\u5e76\u52a0\u4ee5\u4fdd\u6e29\uff0c\u5403\u8d77\u6765\u6709\u5982\u521a\u521a\u8d77\u9505\u4e00\u822c\u3002\u7b2c2\u533a\u662f\u6c64\u6c41\u533a\uff0c\u5982\u5364\u8089\u53ca\u5364\u767d\u83dc\u3001\u9ebb\u8fa3\u9e2d\u8840\u81ed\u8c46\u8150\u7b49\uff0c\u7b2c3\u533a\u5219\u662f\u4f20\u7edf\u65e9\u9910\u914d\u6599\uff0c\u50cf\u54b8\u86cb\u3001\u8c46\u8c49\u3001\u8089\u677e\u3001\u82b1\u751f\u7b49\u7b49\u3002\u7b2c\u56db\u533a\u8bbe\u7f6e\u4e3a\u7d20\u98df\u533a\u6709\u591a\u79cd\u9009\u62e9\uff0c\u4e14\u4ef7\u683c\u4e0d\u4f1a\u592a\u9ad8\uff0c\u7ecf\u6d4e\u53c8\u5b9e\u60e0\u3002", "arriveMethod": "\u5750\u6377\u8fd0\u5230\u79d1\u6280\u5927\u697c\u7ad9\u6b65\u884c\u7ea65\u5206\u3002", "address": "\u53f0\u5317\u5e02\u5927\u5b89\u533a\u590d\u5174\u5357\u8def\u4e8c\u6bb5142\u4e4b1\u53f7"}');
INSERT INTO "city_picture" VALUES('b4d75905-1e8a-11e2-98af-e4ce8f4b5244','xiao-li-zi-qing-zhou-xiao-cai_1.jpg','/static/media/uploads/taipei/xiao-li-zi-qing-zhou-xiao-cai_1.jpg','','b4d66f6e-1e8a-11e2-a2a0-e4ce8f4b5244','2012-10-25 09:59:46.285623+00:00');
INSERT INTO "city_picture" VALUES('b4d84c8a-1e8a-11e2-8228-e4ce8f4b5244','xiao-li-zi-qing-zhou-xiao-cai_2.jpg','/static/media/uploads/taipei/xiao-li-zi-qing-zhou-xiao-cai_2.jpg','','b4d66f6e-1e8a-11e2-a2a0-e4ce8f4b5244','2012-10-25 09:59:46.291667+00:00');
INSERT INTO "city_picture" VALUES('b4d91975-1e8a-11e2-a509-e4ce8f4b5244','xiao-li-zi-qing-zhou-xiao-cai_3.jpg','/static/media/uploads/taipei/xiao-li-zi-qing-zhou-xiao-cai_3.jpg','','b4d66f6e-1e8a-11e2-a2a0-e4ce8f4b5244','2012-10-25 09:59:46.297154+00:00');
INSERT INTO "city_place" VALUES('b4da4894-1e8a-11e2-81ed-e4ce8f4b5244','台湾好，店','Taiwan, shop',4,5,'121.520319','25.054608','若你想要与众不同的伴手礼，强烈推荐这里，全台湾的本土特产都在这儿了。',7,'{"website": "http://www.lovelytaiwan.org.tw", "openTime": "\u5468\u4e8c\u81f3\u5468\u65e512:00-21:00", "phoneNumber": "225582616.0", "description": "\u5728\u5357\u4eac\u897f\u8def\u65b0\u5149\u4e09\u8d8a\u5df7\u5b50\u91cc\u7684\u8fd9\u5bb6\u5c0f\u5e97\uff0c\u662f\u4e2a\u9690\u6ca1\u5728\u7e41\u534e\u95f9\u533a\u7684\u5c0f\u5c0f\u5730\u65b9\uff0c\u5916\u8868\u6734\u5b9e\uff0c\u5185\u91cc\u5374\u6df1\u85cf\u4e86\u4e0d\u5c11\u522b\u81f4\u7684\u4e1c\u897f\uff0c\u5e76\u4e14\u90fd\u65e0\u4e00\u4f8b\u5916\u662f\u53f0\u6e7e\u5236\u9020\u3002\u4e00\u8d70\u8fdb\u5230\u4e86\u8fd9\u5bb6\u5e97\uff0c\u6620\u5165\u773c\u5e18\u7684\u4fbf\u662f\u6765\u81ea\u53f0\u6e7e\u5404\u5730\u5404\u79cd\u521b\u4f5c\u8005\u7684\u9ed8\u9ed8\u8eab\u5f71\uff0c\u6709\u4e09\u4e49\u5bcc\u6709\u6559\u80b2\u610f\u4e49\u7684\u6728\u96d5\uff0c\u6709\u6765\u81ea\u82d7\u6817\u5404\u4e2a\u6751\u843d\u7684\u7cbe\u81f4\u624b\u5de5\u7f16\u7ec7\uff0c\u6765\u81ea\u5357\u6295\u7684\u624b\u5de5\u7eb8\u4f5c\u3001\u53f0\u6e7e\u7ea2\u8336\uff0c\u8fd8\u6709\u6765\u81ea\u82b1\u83b2\u7684\u77f3\u96d5\u521b\u4f5c\u8005\u2026\u5e97\u5185\u8fd9\u4e9b\u6765\u81ea\u5404\u5730\u7684\u7279\u6b8a\u5de5\u827a\uff0c\u4ece\u539f\u4f4f\u6c11\u5230\u5973\u5b50\u76d1\u72f1\u5230\u84dd\u5c7f\u5c9b\u7684\u6559\u4f1a\u7684\u624b\u5de5\u5236\u6210\u54c1\uff0c\u662f\u9009\u8d2d\u624b\u4fe1\u7684\u6700\u4f73\u5730\u70b9\uff0c\u7269\u54c1\u7684\u4ef7\u683c\u4e5f\u4e30\u7b80\u968f\u610f\uff0c\u975e\u5e38\u5408\u7406\u3002\u5c24\u5176\u4e86\u89e3\u624b\u5de5\u827a\u54c1\u80cc\u540e\u7684\u610f\u4e49\uff0c\u94b1\u4e5f\u82b1\u5f97\u975e\u5e38\u7269\u8d85\u6240\u503c\uff0c\u4f7f\u4eba\u89c9\u5f97\u9f13\u52b1\u548c\u652f\u6301\u4e86\u4e00\u4e9b\u52aa\u529b\u4e0d\u653e\u5f03\u7684\u4eba\u3002", "arriveMethod": "\u6377\u8fd0\u4e2d\u5c71\u7ad9\uff0c\u5730\u4e0b\u4e66\u8857R8\u53f7\u51fa\u53e3\uff0c\u6328\u7740\u8457\u540d\u7684\u6742\u5fd7\u300a\u8611\u83c7\u300b\u5e97\u9762", "address": "\u53f0\u5317\u5e02\u5357\u4eac\u897f\u8def25\u5df718-2\u53f7"}');
INSERT INTO "city_picture" VALUES('b4db3b66-1e8a-11e2-a36e-e4ce8f4b5244','tai-wan-hao-,dian_1.jpg','/static/media/uploads/taipei/tai-wan-hao-,dian_1.jpg','','b4da4894-1e8a-11e2-81ed-e4ce8f4b5244','2012-10-25 09:59:46.311180+00:00');
INSERT INTO "city_picture" VALUES('b4dc3233-1e8a-11e2-b9dd-e4ce8f4b5244','tai-wan-hao-,dian_2.jpg','/static/media/uploads/taipei/tai-wan-hao-,dian_2.jpg','','b4da4894-1e8a-11e2-81ed-e4ce8f4b5244','2012-10-25 09:59:46.317171+00:00');
INSERT INTO "city_picture" VALUES('b4dd1602-1e8a-11e2-ac35-e4ce8f4b5244','tai-wan-hao-,dian_3.jpg','/static/media/uploads/taipei/tai-wan-hao-,dian_3.jpg','','b4da4894-1e8a-11e2-81ed-e4ce8f4b5244','2012-10-25 09:59:46.323274+00:00');
INSERT INTO "city_place" VALUES('b4de4959-1e8a-11e2-be84-e4ce8f4b5244','李制饼家','Li Zhi Bing Jia',4,5,'121.525209','25.051889','包装朴素的李制饼家凤梨酥价格最低，却反而是老饕们的最爱。',7,'{"ticketInfo": "\u65b0\u53f0\u5e0113/\u4e2a\uff1b\u65b0\u53f0\u5e01300/24\u4e2a", "openTime": "\u6bcf\u65e510:30~21:30\uff1b\u5927\u5e74\u521d\u4e00~\u521d\u4e94\u3001\u4e2d\u79cb\u8282\u540e\u4f111~2\u5929", "phoneNumber": "225372074.0", "description": "\u6797\u68ee\u5317\u8def\u7684\u8857\u9053\u4e0a\uff0c\u4e00\u5bb6\u5c0f\u5c0f\u7684\u5e97\u94fa\u524d\u9762\uff0c\u603b\u4f1a\u770b\u5230\u5927\u6392\u957f\u9f99\u7684\u4eba\u6f6e\uff0c\u539f\u6765\u662f\u5bb6\u7cd5\u997c\u5e97\uff0c\u73bb\u7483\u6a71\u7a97\u91cc\u6446\u6ee1\u5404\u5f0f\u5404\u6837\u7cd5\u997c\uff0c\u6709\u51e4\u68a8\u9165\u3001\u86cb\u9ec4\u9165\u3001\u7eff\u8c46\u6c99\u7b49\u3002\u6d53\u6d53\u7684\u5976\u6cb9\u9999\u53ca\u86cb\u9999\u6251\u9f3b\u800c\u6765\uff0c\u6bcf\u4e2a\u5ba2\u4eba\u90fd\u662f\u4ee54.5\u76d26.7\u76d2\u4e3a\u5355\u4f4d\u7684\u4e70\u7740\u3002\u539f\u6765\u8fd9\u662f\u4ece\u57fa\u9686\u6765\u7684\u674e\u5236\u997c\u5bb6\u3002\u674e\u5236\u997c\u5bb6\u662f\u57fa\u9686\u7684\u4e00\u95f4\u8001\u5e97\u94fa\uff0c\u6709\u7740\u9053\u5730\u7684\u4f20\u7edf\u5236\u6cd5\uff0c\u8001\u677f\u4e3a\u4e86\u4fdd\u6301\u5404\u7c7b\u9165\u997c\u7684\u65b0\u9c9c\u4e0e\u539f\u6c41\u539f\u5473\uff0c\u6570\u5341\u5e74\u575a\u6301\u7684\u624b\u5de5\u5236\u4f5c\uff0c\u6bcf\u65e5\u8fd8\u6709\u6570\u91cf\u7684\u751f\u4ea7\u9650\u5236\uff0c\u8ba9\u987e\u5ba2\u5403\u8d77\u6765\u7684\u53e3\u611f\uff0c\u5c31\u50cf\u73b0\u505a\u4e00\u822c\uff0c\u6e29\u6e29\u70ed\u70ed\u7684\u611f\u89c9\uff0c\u5403\u8d77\u6765\u723d\u53e3\u9999\u9165\u800c\u4e0d\u4f1a\u817b\u3002\u73b0\u505a\u73b0\u5356\uff0c\u4e0d\u52a0\u4efb\u4f55\u7684\u9632\u8150\u5242\uff0c\u5473\u9053\u4e5f\u4e0d\u4f1a\u8fc7\u751c\uff0c\u81ea\u7136\u4e14\u5065\u5eb7\u3002", "arriveMethod": "\u6377\u8fd0\u4e2d\u5c71\u7ad93\u53f7\u51fa\u53e3\u6b65\u884c\u7ea68\u5206\u949f\u5230\u8fbe\uff1b\u516c\u8f66\uff1a208\u3001208(\u57fa\u6cb3\u4e8c\u671f\u56fd\u5b85\u7ebf)\u3001211\u3001307(\u5357\u677e\u5c71\u7ebf)\u3001307(\u533a\u95f4\u8f66)\u81f3\u6797\u68ee\u5317\u8def(\u4e00)\u7ad9\uff0c266\u3001266(\u533a\u95f4)\u3001282\u3001282(\u526f)\u3001288\u3001292\u3001292(\u526f)\u3001292\u81f3\u5357\u4eac\u4e1c\u8def\u53e3\u7ad9 ", "address": "\u53f0\u5317\u5e02\u4e2d\u5c71\u533a\u6797\u68ee\u5317\u8def156\u53f7"}');
INSERT INTO "city_picture" VALUES('b4df2ac7-1e8a-11e2-85e5-e4ce8f4b5244','li-zhi-bing-jia_1.jpg','/static/media/uploads/taipei/li-zhi-bing-jia_1.jpg','','b4de4959-1e8a-11e2-be84-e4ce8f4b5244','2012-10-25 09:59:46.336974+00:00');
INSERT INTO "city_picture" VALUES('b4e03b66-1e8a-11e2-b374-e4ce8f4b5244','li-zhi-bing-jia_2.jpg','/static/media/uploads/taipei/li-zhi-bing-jia_2.jpg','','b4de4959-1e8a-11e2-be84-e4ce8f4b5244','2012-10-25 09:59:46.343826+00:00');
INSERT INTO "city_picture" VALUES('b4e1272e-1e8a-11e2-903d-e4ce8f4b5244','li-zhi-bing-jia_3.jpg','/static/media/uploads/taipei/li-zhi-bing-jia_3.jpg','','b4de4959-1e8a-11e2-be84-e4ce8f4b5244','2012-10-25 09:59:46.349936+00:00');
INSERT INTO "city_place" VALUES('b4e247c5-1e8a-11e2-8d86-e4ce8f4b5244','一之乡蜂蜜蛋糕','Yi Zhi Xiang',4,5,'121.522041','25.051179','连续几年获最佳伴手礼奖的一之乡是蜂蜜蛋糕界的台湾之光。',7,'{"website": "http://www.eg-sain.com.tw/", "ticketInfo": "\u661f\u671f\u4e00\u81f3\u516d9:30-21:00 \u661f\u671f\u65e59:30-19:00", "phoneNumber": "0225618466 /0225611946", "description": "\u4e00\u4e4b\u4e61\u4e0d\u4ec5\u662f\u53f0\u6e7e\u8702\u871c\u86cb\u7cd5\u7684\u521b\u59cb\u8005\uff0c\u7528\u6599\u66f4\u662f\u5065\u5eb7\uff0c\u4e13\u95e8\u4ee5\u5929\u7136\u8702\u871c\u53ca\u4e25\u9009\u53f0\u6e7e\u6a21\u8303\u6c34\u679c\u7b49\u519c\u4ea7\u54c1\u6dfb\u52a0\uff1a\u5305\u62ec\u963f\u91cc\u5c71\u8336\u3001\u6c11\u96c4\u91d1\u945a\u51e4\u68a8\u3001\u516b\u91cc\u9999\u67da\u53ca\u7231\u6587\u8292\u679c\u7b49\u3002\u53e3\u5473\u4f20\u7edf\u5929\u7136\uff0c\u6253\u5f00\u76d2\u5b50\uff0c\u5c31\u95fb\u5f97\u5230\u4e00\u9635\u5f88\u6e05\u9999\u7684\u871c\u7cd6\u9999\u5473\uff0c\u540c\u5176\u4ed6\u86cb\u7cd5\u76f8\u6bd4\uff0c\u53e3\u611f\u5e76\u4e0d\u50cf\u9884\u671f\u822c\u6709\u90a3\u79cd\u5f88\u6ed1\u7684\u611f\u89c9\uff0c\u5012\u53cd\u800c\u6709\u70b9\u50cf\u9999\u6e2f\u7684\u9999\u8549\u86cb\u7cd5\u914d\u4e0a\u9999\u6d53\u7684\u8702\u871c\u5473\uff0c\u5473\u9053\u771f\u7684\u4e0d\u9519\uff0c\u800c\u4e14\u5f88\u677e\u8f6f\u3002\u8fde\u7eed\u51e0\u5e74\u83b7\u6700\u4f73\u4f34\u624b\u793c\u5956\u7684\u4e00\u4e4b\u4e61\u662f\u8702\u871c\u86cb\u7cd5\u754c\u7684\u53f0\u6e7e\u4e4b\u5149\u3002", "arriveMethod": "\u53f0\u5317\u5e02\u4e2d\u5c71\u533a\u4e2d\u5c71\u5317\u8def\u4e00\u6bb5130\u53f7(\u4e2d\u5c71\u5e97)", "address": "\u53f0\u5317\u5e02\u4e2d\u5c71\u533a\u4e2d\u5c71\u5317\u8def\u4e00\u6bb5130\u53f7(\u4e2d\u5c71\u5e97)"}');
INSERT INTO "city_picture" VALUES('b4e3312b-1e8a-11e2-bf43-e4ce8f4b5244','[?]-zhi-xiang-feng-mi-dan-gao_1.jpg','/static/media/uploads/taipei/[?]-zhi-xiang-feng-mi-dan-gao_1.jpg','','b4e247c5-1e8a-11e2-8d86-e4ce8f4b5244','2012-10-25 09:59:46.363193+00:00');
INSERT INTO "city_picture" VALUES('b4e404ee-1e8a-11e2-882a-e4ce8f4b5244','[?]-zhi-xiang-feng-mi-dan-gao_2.jpg','/static/media/uploads/taipei/[?]-zhi-xiang-feng-mi-dan-gao_2.jpg','','b4e247c5-1e8a-11e2-8d86-e4ce8f4b5244','2012-10-25 09:59:46.368663+00:00');
INSERT INTO "city_picture" VALUES('b4e505ba-1e8a-11e2-ab92-e4ce8f4b5244','[?]-zhi-xiang-feng-mi-dan-gao_3.jpg','/static/media/uploads/taipei/[?]-zhi-xiang-feng-mi-dan-gao_3.jpg','','b4e247c5-1e8a-11e2-8d86-e4ce8f4b5244','2012-10-25 09:59:46.374916+00:00');
INSERT INTO "city_place" VALUES('b4e61aeb-1e8a-11e2-a452-e4ce8f4b5244','糖村','Sugar Village',4,5,'121.548539','25.043899','网上卖到疯的糖村牛轧糖，用料相当不凡，正品就在这里，多多囤货吧。',7,'{"website": "www.sugar.com.tw", "ticketInfo": "180\u65b0\u53f0\u5e01/\u76d2", "phoneNumber": "227522188.0", "description": "\u5728\u7f51\u4e0a\uff0c\u201c\u7cd6\u6751\u725b\u8f67\u7cd6\u201d\u662f\u4e00\u6b3e\u5356\u5230\u8131\u9500\u7684\u53f0\u6e7e\u96f6\u98df\u3002\u53f0\u5317\u7cd6\u6751\u662f\u95f4\u6b27\u5f0f\u751c\u54c1\u5e97\uff0c\u4ee5\u9009\u7528\u9876\u7ea7\u98df\u6750\u800c\u95fb\u540d\uff0c\u800c\u6cd5\u5f0f\u725b\u8f67\u7cd6\u5219\u662f\u4ed6\u4eec\u7684\u738b\u724c\u7f8e\u98df\u3002\u4e0d\u540c\u4e8e\u4e00\u822c\u725b\u8f67\u7cd6\u4f7f\u7528\u7684\u65e0\u76d0\u5976\u6cb9\uff0c\u7cd6\u6751\u575a\u6301\u9009\u7528\u6cd5\u56fd\u7684\u6709\u76d0\u5976\u6cb9\uff0c\u56e0\u4e3a\u8fd9\u6837\u624d\u80fd\u5f15\u51fa\u7cd6\u7684\u751c\u5473\uff0c\u5403\u540e\u4e0d\u4f1a\u817b\u53e3\u3002\u674f\u4ec1\u5219\u9009\u7528\u7279\u522b\u5c0f\u800c\u6d51\u5706\u7684\u54c1\u79cd\uff0c\u7ecf\u8fc7\u4e09\u5c0f\u65f6\u5927\u706b\u70e4\uff0c\u5c0f\u706b\u7116\uff0c\u5403\u8d77\u6765\u53c8\u9999\u53c8\u8106\u3002\u53e6\u5916\u829d\u58eb\u51e4\u68a8\u9165\u4e5f\u503c\u5f97\u4e00\u5c1d\u3002", "arriveMethod": "\u6377\u8fd0\u5fe0\u5b5d\u6566\u5316\u7ad96\u53f7\u53e3\u51fa\uff0c\u9876\u597d\u540d\u5e97\u659c\u5bf9\u9762", "address": "\u53f0\u5317\u5927\u5b89\u533a\u6566\u5316\u5357\u8def\u4e00\u6bb5158\u53f7"}');
INSERT INTO "city_picture" VALUES('b4e6f3c0-1e8a-11e2-82ef-e4ce8f4b5244','tang-cun_1.jpg','/static/media/uploads/taipei/tang-cun_1.jpg','','b4e61aeb-1e8a-11e2-a452-e4ce8f4b5244','2012-10-25 09:59:46.387949+00:00');
INSERT INTO "city_picture" VALUES('b4e7bb0c-1e8a-11e2-b923-e4ce8f4b5244','tang-cun_2.jpg','/static/media/uploads/taipei/tang-cun_2.jpg','','b4e61aeb-1e8a-11e2-a452-e4ce8f4b5244','2012-10-25 09:59:46.392991+00:00');
INSERT INTO "city_picture" VALUES('b4e8970c-1e8a-11e2-8e03-e4ce8f4b5244','tang-cun_3.jpg','/static/media/uploads/taipei/tang-cun_3.jpg','','b4e61aeb-1e8a-11e2-a452-e4ce8f4b5244','2012-10-25 09:59:46.398693+00:00');
INSERT INTO "city_place" VALUES('b4e98463-1e8a-11e2-a46a-e4ce8f4b5244','江记华隆商行','Jiang Ji Hua Long Firm',4,5,'121.509255','25.062189','肉干也能这样薄？可以。江记肉干便是薄如纸的，很不可思议吧。',7,'{"ticketInfo": "\u65b0\u53f0\u5e01250/230g", "openTime": "\u5468\u4e00\u5230\u5468\u516d8:00~20:00 \u5468\u65e58:00~19:00", "phoneNumber": "0225528327 /022552-8506", "description": "\u6765\u81ea\u4e8e\u8fea\u5316\u8857\u7684\u4e09\u5341\u5e74\u8001\u5e97\uff0c\u6c5f\u8bb0\u534e\u9686\u5546\u884c\u7814\u53d1\u4ea7\u54c1\u8d85\u8584\u674f\u4ec1\u732a\u8089\u7eb8\u5f15\u7206\u70ed\u9500\uff0c\u597d\u5403\u732a\u8089\u7eb8\uff0c\u8584\u8584\u8106\u8106\uff0c\u98a0\u8986\u4f20\u7edf\u7684\u521b\u65b0\u6280\u672f\uff0c\u4f7f\u5f97\u732a\u8089\u5e72\u53ef\u4ee5\u505a\u8fd9\u4e48\u7684\u8584\u3002\u6c5f\u8bb0\u534e\u9686\u300c\u674f\u4ec1\u732a\u8089\u7eb8\u300d\u90a3\u767d\u767d\u4e00\u4e1d\u4e00\u4e1d\u7684\u5c31\u662f\u674f\u4ec1\uff0c\u4e5f\u7531\u4e8e\u53c8\u8584\u53c8\u8106\u7684\u7279\u6027\uff0c\u53ef\u8bf4\u662f\u8001\u5c11\u54b8\u5b9c\u3002\u5168\u5e97\u8089\u5e72\u91c7\u624b\u5de5\u5236\u4f5c\uff0c\u4ea7\u91cf\u6709\u9650\uff0c\u4ec5\u6b64\u4e00\u5bb6\uff0c\u7edd\u65e0\u5206\u5e97", "arriveMethod": "\u642d\u4e58\u6377\u8fd0\u81f3\u6c11\u6743\u897f\u8def\u7ad9\u4e0b\u8f66\uff08\u975e\u53cc\u8fde\uff09\uff0c\u4ece\u4e00\u53f7\u51fa\u53e3\u51fa\u7ad9\u5de6\u8f6c\uff08\u6709\u5eb7\u662f\u7f8e\u7684\u5e97\uff09\u5f80\u5929\u6865\u65b9\u5411\u76f4\u8d70\uff0c\u8d70\u8fc7\u91cd\u5e86\u5317\u8def\uff0c\u3000\u518d\u8fc7\u5ef6\u5e73\u5317\u8def\u65f6\u6ca1\u6709\u9a6c\u8def\u53ef\u4ee5\u8fc7\uff0c\u8bf7\u8d70\u5230\u83b1\u5c14\u5bcc\u524d\u8fc7\u9a6c\u8def\uff0c\u518d\u4ece\u5ef6\u5e73\u5317\u8def2\u6bb5272\u5df7\u8d70\u5230\u8fea\u5316\u8857\u7684\u8def\u53e3\u540e\u53f3\u8f6c\uff0c\u76f4\u8d70\u3000\u5373\u53ef\u62b5\u8fbe\u3002", "address": "\u53f0\u5317\u5e02\u4e07\u534e\u533a\u8fea\u5316\u8857\u4e00\u6bb5311\u53f7"}');
INSERT INTO "city_picture" VALUES('b4ea8651-1e8a-11e2-ae10-e4ce8f4b5244','jiang-ji-hua-long-shang-xing_1.jpg','/static/media/uploads/taipei/jiang-ji-hua-long-shang-xing_1.jpg','','b4e98463-1e8a-11e2-a46a-e4ce8f4b5244','2012-10-25 09:59:46.411400+00:00');
INSERT INTO "city_picture" VALUES('b4eb7178-1e8a-11e2-bd9a-e4ce8f4b5244','jiang-ji-hua-long-shang-xing_2.jpg','/static/media/uploads/taipei/jiang-ji-hua-long-shang-xing_2.jpg','','b4e98463-1e8a-11e2-a46a-e4ce8f4b5244','2012-10-25 09:59:46.417384+00:00');
INSERT INTO "city_picture" VALUES('b4ec3f23-1e8a-11e2-a218-e4ce8f4b5244','jiang-ji-hua-long-shang-xing_3.jpg','/static/media/uploads/taipei/jiang-ji-hua-long-shang-xing_3.jpg','','b4e98463-1e8a-11e2-a46a-e4ce8f4b5244','2012-10-25 09:59:46.422621+00:00');
INSERT INTO "city_place" VALUES('b4ed92d4-1e8a-11e2-af4b-e4ce8f4b5244','LUPICIA绿碧红茶苑','LUPICIA Gametea',4,5,'121.550913','25.040558','分类细致的茶叶、精美茶具、细致的服务，这些都是LUPICIA值得买的理由。',7,'{"ticketInfo": "50g\u8336300\u65b0\u53f0\u5e01\u5de6\u53f3", "openTime": "11:00~21: 00\uff08\u5468\u65e5\uff5e\u5468\u56db\uff0910:00~22:00\uff08\u5468\u4e94\u3001\u5468\u516d\uff09", "description": "LUPICIA\u662f\u4e00\u4e2a\u5e74\u8f7b\u7684\u65e5\u7cfb\u54c1\u724c\uff0c\u5374\u5356\u7740\u5730\u9053\u7684\u53f0\u6e7e\u9ad8\u5c71\u8336\u4e0e\u4e4c\u9f99\u8336\uff0c\u4ee5\u53ca\u5404\u5f0f\u4e0e\u8336\u6709\u5173\u7684\u7269\u5177\uff0c\u4ece\u6f02\u4eae\u7684\u73bb\u7483\u8336\u58f6\u5230\u4eae\u6676\u6676\u7684\u94a2\u5236\u8336\u52fa\uff0c\u4e2a\u4e2a\u7269\u5c3d\u5176\u7f8e\uff0c\u8d4f\u5fc3\u60a6\u76ee\u3002\u867d\u7136\u79f0\u4e0d\u4e0a\u662f\u5730\u9053\u7684\u53f0\u6e7e\u8336\u94fa\uff0c\u4f46\u56e0\u4ed6\u72ec\u4e00\u65e0\u4e8c\u7684\u5f85\u5ba2\u4e4b\u9053\uff0c\u4ee5\u53ca\u4f53\u8d34\u7684\u8bbe\u8ba1\uff0c\u8fd9\u70b9\u7f3a\u70b9\u5012\u662f\u53ef\u4ee5\u5ffd\u7565\u4e86\u3002LUPICIA\u76ee\u524d\u4e3b\u6253\u7684\u4e09\u6b3e\u53f0\u6e7e\u9650\u5b9a\u8c03\u5473\u8336\uff0c\u5206\u522b\u662f\u70ed\u5e26\u98ce\u60c5\u3001\u91d1\u6854\u67e0\u6aac\u3001\u8d8a\u591c\u8d8a\u7f8e\uff0c\u662f\u4ee5\u53f0\u6e7e\u4e4c\u9f99\u8336\u4e3a\u57fa\u5e95\uff0c\u518d\u52a0\u5165\u50cf\u662f\u51e4\u68a8\u3001\u8292\u679c\u3001\u91d1\u6854\u3001\u67e0\u6aac\u7b49\u6c34\u679c\u5e72\u7c92\uff0c\u8fd9\u79cd\u521b\u65b0\u7684\u5c1d\u8bd5\u662fLUPICIA\u7684\u53c8\u4e00\u7279\u8272\uff0c\u6765\u5e97\u91cc\u5e26\u4e9b\u56de\u53bb\u662f\u4e2a\u4e0d\u9519\u7684\u9009\u62e9\u3002", "arriveMethod": "\u6377\u8fd0\u5fe0\u5b5d\u6566\u5316\u7ad9", "address": "\u53f0\u5317\u5e02\u5927\u5b89\u533a\u5fe0\u5b5d\u4e1c\u8def\u56db\u6bb5170\u5df711\u53f7"}');
INSERT INTO "city_picture" VALUES('b4ee79c5-1e8a-11e2-b317-e4ce8f4b5244','lupicialu-bi-hong-cha-yuan_1.jpg','/static/media/uploads/taipei/lupicialu-bi-hong-cha-yuan_1.jpg','','b4ed92d4-1e8a-11e2-af4b-e4ce8f4b5244','2012-10-25 09:59:46.437307+00:00');
INSERT INTO "city_picture" VALUES('b4ef994c-1e8a-11e2-a118-e4ce8f4b5244','lupicialu-bi-hong-cha-yuan_2.jpg','/static/media/uploads/taipei/lupicialu-bi-hong-cha-yuan_2.jpg','','b4ed92d4-1e8a-11e2-af4b-e4ce8f4b5244','2012-10-25 09:59:46.444112+00:00');
INSERT INTO "city_picture" VALUES('b4f095ba-1e8a-11e2-a0f7-e4ce8f4b5244','lupicialu-bi-hong-cha-yuan_3.jpg','/static/media/uploads/taipei/lupicialu-bi-hong-cha-yuan_3.jpg','','b4ed92d4-1e8a-11e2-af4b-e4ce8f4b5244','2012-10-25 09:59:46.450539+00:00');
INSERT INTO "city_picture" VALUES('b4f1ae8a-1e8a-11e2-bf6a-e4ce8f4b5244','lupicialu-bi-hong-cha-yuan_4.jpg','/static/media/uploads/taipei/lupicialu-bi-hong-cha-yuan_4.jpg','','b4ed92d4-1e8a-11e2-af4b-e4ce8f4b5244','2012-10-25 09:59:46.458036+00:00');
COMMIT;